{
  "type": "FeatureCollection",
  "features": [
    {
      "type": "Feature",
      "properties": {
        "Name": "乌江",
        "Shape_Leng": 9.02992305308,
        "length_km": 942.474672259,
        "layer_name": "乌江",
        "kind": "river",
        "source_file": "乌江.shp"
      },
      "geometry": {
        "type": "LineString",
        "coordinates": [
          [
            104.73937643100004,
            26.982078027000057
          ],
          [
            104.75585625400004,
            26.96214965100006
          ],
          [
            104.77581516100008,
            26.950634751000052
          ],
          [
            104.79695664800005,
            26.937017911000055
          ],
          [
            104.82156959400004,
            26.939161797000054
          ],
          [
            104.83800364900009,
            26.930780733000063
          ],
          [
            104.85039403700006,
            26.91978655400004
          ],
          [
            104.85443769900007,
            26.916429552000068
          ],
          [
            104.86933820400009,
            26.896707174000028
          ],
          [
            104.87576989800004,
            26.871031851000055
          ],
          [
            104.89324919800003,
            26.857308199000045
          ],
          [
            104.90311419700004,
            26.83838120400003
          ],
          [
            104.90700524900006,
            26.81197726000005
          ],
          [
            104.89668244300009,
            26.78947011500003
          ],
          [
            104.89918493600004,
            26.787940390000074
          ],
          [
            104.91265873400005,
            26.793088416000046
          ],
          [
            104.91573342400005,
            26.768197029000078
          ],
          [
            104.92321801300005,
            26.76285062200003
          ],
          [
            104.95000537500005,
            26.757317279000063
          ],
          [
            104.95166098800007,
            26.75579518400008
          ],
          [
            104.94987566400005,
            26.746017926000036
          ],
          [
            104.95821476500004,
            26.74292223300006
          ],
          [
            104.95819187400008,
            26.740661981000073
          ],
          [
            104.94632027800009,
            26.72947707800006
          ],
          [
            104.94627449800004,
            26.725709992000077
          ],
          [
            104.96304425900007,
            26.72554594500008
          ],
          [
            104.96802635500006,
            26.721731171000044
          ],
          [
            104.96965907700007,
            26.717946916000074
          ],
          [
            104.96862907300005,
            26.70138127100006
          ],
          [
            104.97769297400004,
            26.68848352300006
          ],
          [
            104.98093552700004,
            26.679410087000065
          ],
          [
            104.96893421900006,
            26.656925831000024
          ],
          [
            104.96794236600005,
            26.643371948000038
          ],
          [
            104.97039907900006,
            26.638828554000042
          ],
          [
            104.97792181900007,
            26.637245419000067
          ],
          [
            105.00899699900003,
            26.642961833000072
          ],
          [
            105.01408591600006,
            26.64818425200008
          ],
          [
            105.02188333800007,
            26.669201731000044
          ],
          [
            105.03127533100007,
            26.682665961000055
          ],
          [
            105.03716534900008,
            26.68486517300005
          ],
          [
            105.04722110200004,
            26.68476216700003
          ],
          [
            105.05472095100004,
            26.680914965000056
          ],
          [
            105.06618815400009,
            26.659699106000062
          ],
          [
            105.08112681300008,
            26.648237615000028
          ],
          [
            105.09701154300006,
            26.645809502000077
          ],
          [
            105.10279474000004,
            26.63896389000007
          ],
          [
            105.10599914300008,
            26.62762829500008
          ],
          [
            105.11098886900004,
            26.624559308000073
          ],
          [
            105.17160569900005,
            26.64649420300003
          ],
          [
            105.19004633200007,
            26.647037795000074
          ],
          [
            105.19580664000006,
            26.639436859000057
          ],
          [
            105.19574559900008,
            26.634918262000042
          ],
          [
            105.18633071700003,
            26.619954827000072
          ],
          [
            105.18759719800005,
            26.59055438200005
          ],
          [
            105.19170952300004,
            26.58523277300003
          ],
          [
            105.20838009400006,
            26.57901468400007
          ],
          [
            105.20992888600006,
            26.569954600000074
          ],
          [
            105.20556477000008,
            26.557196099000066
          ],
          [
            105.20543506000007,
            26.548156998000024
          ],
          [
            105.21781781600004,
            26.535203933000048
          ],
          [
            105.24864120600006,
            26.524293665000073
          ],
          [
            105.27202578800006,
            26.521001501000057
          ],
          [
            105.27960193800004,
            26.523923611000043
          ],
          [
            105.29910309300004,
            26.540266079000048
          ],
          [
            105.31751320700005,
            26.540040994000037
          ],
          [
            105.33584702100006,
            26.534540081000046
          ],
          [
            105.34491092300004,
            26.52463120500005
          ],
          [
            105.35141129300007,
            26.511739180000063
          ],
          [
            105.34208034000005,
            26.503567946000032
          ],
          [
            105.34027212800004,
            26.49454792000006
          ],
          [
            105.35158673400008,
            26.46803334200007
          ],
          [
            105.35122812400004,
            26.443925893000028
          ],
          [
            105.36602944500004,
            26.42716186800004
          ],
          [
            105.36676187600006,
            26.420371574000058
          ],
          [
            105.36415256300006,
            26.41362133800004
          ],
          [
            105.36570898500008,
            26.40606808900003
          ],
          [
            105.38743795500005,
            26.405036178000046
          ],
          [
            105.40236898500007,
            26.397311255000034
          ],
          [
            105.41655995500008,
            26.39561939300006
          ],
          [
            105.42646310800006,
            26.38720209300004
          ],
          [
            105.43624418300004,
            26.371250618000033
          ],
          [
            105.43939517800004,
            26.35915206800007
          ],
          [
            105.43736569700008,
            26.33657243600004
          ],
          [
            105.45575292200004,
            26.336328277000064
          ],
          [
            105.46231433200006,
            26.328706359000023
          ],
          [
            105.47645952100004,
            26.32475043000005
          ],
          [
            105.49238240300008,
            26.327550461000044
          ],
          [
            105.49751709900005,
            26.33426064100007
          ],
          [
            105.50339185700005,
            26.336442686000055
          ],
          [
            105.51505744300005,
            26.334022205000053
          ],
          [
            105.52593718800006,
            26.334626838000077
          ],
          [
            105.53669485400007,
            26.32845071500003
          ],
          [
            105.54422522400006,
            26.329099221000035
          ],
          [
            105.55183189400009,
            26.334268231000067
          ],
          [
            105.56182660800005,
            26.331868732000032
          ],
          [
            105.57186710100007,
            26.332480996000072
          ],
          [
            105.58202204400004,
            26.339874016000067
          ],
          [
            105.58991865300004,
            26.36161439400007
          ],
          [
            105.59332906700007,
            26.365333793000048
          ],
          [
            105.62344291800008,
            26.367162954000037
          ],
          [
            105.65209953500005,
            26.379557126000066
          ],
          [
            105.68064933200009,
            26.386673561000066
          ],
          [
            105.71817147400009,
            26.380838840000024
          ],
          [
            105.73927483100005,
            26.391821551000078
          ],
          [
            105.74345582600006,
            26.391758604000074
          ],
          [
            105.74831584400005,
            26.383394714000076
          ],
          [
            105.75658627600006,
            26.377992991000042
          ],
          [
            105.79250621500006,
            26.376684497000042
          ],
          [
            105.79839623300006,
            26.378851282000028
          ],
          [
            105.80014340300005,
            26.381840155000077
          ],
          [
            105.81776004700004,
            26.385330657000054
          ],
          [
            105.83567425800004,
            26.403887600000076
          ],
          [
            105.84914042500009,
            26.408194466000054
          ],
          [
            105.87455448500003,
            26.424365263000027
          ],
          [
            105.91975196400006,
            26.425889229000063
          ],
          [
            105.93470588500008,
            26.420367336000027
          ],
          [
            105.94055012300004,
            26.42027005400007
          ],
          [
            105.96851245600004,
            26.43789046200004
          ],
          [
            106.01404565200005,
            26.45520567400007
          ],
          [
            106.03691143900005,
            26.468376154000055
          ],
          [
            106.05944913900004,
            26.46572487000003
          ],
          [
            106.11265004200004,
            26.488149961000033
          ],
          [
            106.12116463100006,
            26.49478193400006
          ],
          [
            106.12644429400007,
            26.506743146000076
          ],
          [
            106.12858059100006,
            26.527806405000035
          ],
          [
            106.13478343400004,
            26.543521351000038
          ],
          [
            106.13548538600008,
            26.575910668000063
          ],
          [
            106.13899498900008,
            26.583385710000073
          ],
          [
            106.15439907400008,
            26.598177474000067
          ],
          [
            106.14437388000005,
            26.63754401600005
          ],
          [
            106.13947571200003,
            26.643659099000047
          ],
          [
            106.12291958900005,
            26.652997673000073
          ],
          [
            106.12142420500004,
            26.661313876000065
          ],
          [
            106.12995405400005,
            26.668697359000078
          ],
          [
            106.16107501100004,
            26.67341429800007
          ],
          [
            106.16873508900005,
            26.678548974000023
          ],
          [
            106.16973456800008,
            26.68606598100007
          ],
          [
            106.16028920800005,
            26.71336449300003
          ],
          [
            106.16070122300005,
            26.732196112000054
          ],
          [
            106.16796458500005,
            26.75768450100003
          ],
          [
            106.16910903200005,
            26.77122693800004
          ],
          [
            106.16177704100005,
            26.78115488700007
          ],
          [
            106.14600676000003,
            26.78897518200006
          ],
          [
            106.12208049600008,
            26.807486380000057
          ],
          [
            106.12773402500005,
            26.836018958000068
          ],
          [
            106.13643936100004,
            26.850181289000034
          ],
          [
            106.14581609100009,
            26.856794187000048
          ],
          [
            106.16518753300005,
            26.85945878900003
          ],
          [
            106.17541114300008,
            26.866054520000034
          ],
          [
            106.19402726300007,
            26.87249765400003
          ],
          [
            106.20777573500004,
            26.886562704000028
          ],
          [
            106.21971599600005,
            26.894630935000066
          ],
          [
            106.23064914900004,
            26.895182161000037
          ],
          [
            106.24110161700008,
            26.874643423000066
          ],
          [
            106.24766302600005,
            26.86774058800006
          ],
          [
            106.25926757200006,
            26.861495798000078
          ],
          [
            106.26598921000004,
            26.86136990500006
          ],
          [
            106.27619756000007,
            26.86720649600005
          ],
          [
            106.29793419500004,
            26.899195243000065
          ],
          [
            106.30464820300006,
            26.899067442000046
          ],
          [
            106.32787255400007,
            26.88656641700004
          ],
          [
            106.33541818300006,
            26.886423356000023
          ],
          [
            106.34220849000008,
            26.889305410000077
          ],
          [
            106.35076885700005,
            26.895922124000037
          ],
          [
            106.35427845900006,
            26.902636118000032
          ],
          [
            106.35396567100008,
            26.924492851000025
          ],
          [
            106.35580440100006,
            26.931239272000028
          ],
          [
            106.36095435500005,
            26.935660588000076
          ],
          [
            106.36830927500006,
            26.96264245900005
          ],
          [
            106.37966970100007,
            26.980505116000074
          ],
          [
            106.39077071100007,
            26.98782374500007
          ],
          [
            106.41704690700004,
            26.99634782800007
          ],
          [
            106.44016447700005,
            27.013972051000053
          ],
          [
            106.43775354300004,
            27.01854024200003
          ],
          [
            106.42363124500008,
            27.025603303000025
          ],
          [
            106.40980651300004,
            27.04471341200008
          ],
          [
            106.40665551600006,
            27.05381736700008
          ],
          [
            106.40766262500006,
            27.06057904800008
          ],
          [
            106.40779996400005,
            27.066604479000034
          ],
          [
            106.39589026000004,
            27.095468956000047
          ],
          [
            106.39745435200007,
            27.125575129000026
          ],
          [
            106.40989055600005,
            27.152455904000078
          ],
          [
            106.41672664200007,
            27.15684097700006
          ],
          [
            106.43114650500007,
            27.16107536100003
          ],
          [
            106.43630408900003,
            27.165492861000075
          ],
          [
            106.44280449700005,
            27.19022592500005
          ],
          [
            106.44794682200006,
            27.19389191500005
          ],
          [
            106.46569316900008,
            27.196548888000052
          ],
          [
            106.47332272700004,
            27.198656542000037
          ],
          [
            106.48106673300003,
            27.205280885000036
          ],
          [
            106.50005670600007,
            27.215208810000036
          ],
          [
            106.50209380000007,
            27.21758350400006
          ],
          [
            106.52802667200007,
            27.23069484900003
          ],
          [
            106.55035839900006,
            27.247565654000027
          ],
          [
            106.58340964000007,
            27.255166556000063
          ],
          [
            106.61604127300006,
            27.278591128000073
          ],
          [
            106.62940065600009,
            27.30618526300003
          ],
          [
            106.65805726500008,
            27.306326383000055
          ],
          [
            106.67508644000009,
            27.312742813000057
          ],
          [
            106.68447842700004,
            27.317061125000066
          ],
          [
            106.69951627400008,
            27.312216352000064
          ],
          [
            106.70781723000005,
            27.31175857200003
          ],
          [
            106.71118949400005,
            27.31291825900007
          ],
          [
            106.73766405900005,
            27.319674194000072
          ],
          [
            106.77639167800004,
            27.318066232000035
          ],
          [
            106.78839297700006,
            27.32533335900007
          ],
          [
            106.80956499600006,
            27.328625487000068
          ],
          [
            106.83774094000006,
            27.326073378000046
          ],
          [
            106.83727553600005,
            27.32498998400007
          ],
          [
            106.85377061800006,
            27.31180802600005
          ],
          [
            106.86248354700007,
            27.292020800000046
          ],
          [
            106.87720093900003,
            27.275863323000067
          ],
          [
            106.89043057700007,
            27.267270539000037
          ],
          [
            106.89633585200005,
            27.267135109000037
          ],
          [
            106.90235557600005,
            27.27151636800005
          ],
          [
            106.90941292800005,
            27.282657400000062
          ],
          [
            106.92326058500004,
            27.295145040000023
          ],
          [
            106.93043238500007,
            27.310047436000048
          ],
          [
            106.95337446500008,
            27.316292194000027
          ],
          [
            106.98985904200003,
            27.35310660700003
          ],
          [
            107.00182982000007,
            27.358851641000058
          ],
          [
            107.01451777200003,
            27.360057096000048
          ],
          [
            107.03711650700006,
            27.354241456000068
          ],
          [
            107.06118773700007,
            27.341608818000054
          ],
          [
            107.08348890800005,
            27.326000660000034
          ],
          [
            107.09441442900004,
            27.32498019800005
          ],
          [
            107.14585292300006,
            27.352351129000056
          ],
          [
            107.16632302900007,
            27.360131334000073
          ],
          [
            107.17815647000003,
            27.361344420000023
          ],
          [
            107.18322249400006,
            27.361218527000062
          ],
          [
            107.19665813800003,
            27.359374072000037
          ],
          [
            107.20122822200005,
            27.34343786100004
          ],
          [
            107.19886303200008,
            27.321645984000043
          ],
          [
            107.18657942900006,
            27.306131322000056
          ],
          [
            107.16578124000006,
            27.287812812000027
          ],
          [
            107.15839580500005,
            27.266898337000043
          ],
          [
            107.15320770200009,
            27.262505633000046
          ],
          [
            107.13878020900006,
            27.259093335000045
          ],
          [
            107.13531638800004,
            27.256165502000044
          ],
          [
            107.13424824100008,
            27.248658033000027
          ],
          [
            107.15160546400006,
            27.23767910500004
          ],
          [
            107.15497009800004,
            27.23759517600007
          ],
          [
            107.15665622900008,
            27.237555120000025
          ],
          [
            107.18724312500007,
            27.24583505000004
          ],
          [
            107.18811289500007,
            27.24656748500007
          ],
          [
            107.22178212000006,
            27.24572057200004
          ],
          [
            107.22265189000007,
            27.24645300700007
          ],
          [
            107.23270001100008,
            27.24469057300007
          ],
          [
            107.25124746000006,
            27.244972847000042
          ],
          [
            107.27676833000004,
            27.25260999300008
          ],
          [
            107.29899323600006,
            27.262589412000068
          ],
          [
            107.32365196600006,
            27.269486493000045
          ],
          [
            107.35970163800005,
            27.28964561400005
          ],
          [
            107.36123518300008,
            27.293088443000045
          ],
          [
            107.37520490700007,
            27.299787167000034
          ],
          [
            107.39855136800008,
            27.31801030400004
          ],
          [
            107.41099519700003,
            27.337272977000055
          ],
          [
            107.41392496200007,
            27.349251355000035
          ],
          [
            107.42457584200008,
            27.365544231000058
          ],
          [
            107.43018358600006,
            27.381972537000024
          ],
          [
            107.43030566400006,
            27.38573580800005
          ],
          [
            107.43984261800006,
            27.393769706000057
          ],
          [
            107.45446848500006,
            27.401668174000065
          ],
          [
            107.46089258000006,
            27.40884947400008
          ],
          [
            107.46762948800006,
            27.417137057000048
          ],
          [
            107.49143370700006,
            27.422523488000024
          ],
          [
            107.50712009100005,
            27.437168378000024
          ],
          [
            107.51915953800005,
            27.443621050000047
          ],
          [
            107.52474437300003,
            27.444298166000067
          ],
          [
            107.53269437000006,
            27.444759745000056
          ],
          [
            107.54088087200006,
            27.43700239900005
          ],
          [
            107.54706078900006,
            27.420255548000057
          ],
          [
            107.56428067500008,
            27.40546566300003
          ],
          [
            107.57514515800005,
            27.402904033000027
          ],
          [
            107.57596914900006,
            27.402129633000072
          ],
          [
            107.57765528000004,
            27.402081947000056
          ],
          [
            107.57847164200007,
            27.401305640000032
          ],
          [
            107.58015777300005,
            27.401259861000028
          ],
          [
            107.58098176400006,
            27.40048355400006
          ],
          [
            107.58266026600006,
            27.400437775000057
          ],
          [
            107.58349188700004,
            27.399659561000078
          ],
          [
            107.58932849400009,
            27.397992500000043
          ],
          [
            107.59099173600003,
            27.39719139600004
          ],
          [
            107.59183098700004,
            27.39716850700006
          ],
          [
            107.59350185800008,
            27.396369311000058
          ],
          [
            107.59518036000009,
            27.396321624000052
          ],
          [
            107.59599672200005,
            27.39554531700003
          ],
          [
            107.59767522400006,
            27.395499538000024
          ],
          [
            107.59849921500006,
            27.394723232000047
          ],
          [
            107.60018534600005,
            27.39467554500004
          ],
          [
            107.60100170700008,
            27.393899238000074
          ],
          [
            107.60268783900005,
            27.39385345900007
          ],
          [
            107.60433582200005,
            27.393052356000055
          ],
          [
            107.60519033200006,
            27.39302946600003
          ],
          [
            107.60684594400004,
            27.392230270000027
          ],
          [
            107.60853207600007,
            27.39218258300008
          ],
          [
            107.61019531800008,
            27.391383387000076
          ],
          [
            107.61104219800006,
            27.39136049800004
          ],
          [
            107.61185093000006,
            27.390584191000073
          ],
          [
            107.61353706200003,
            27.390536504000067
          ],
          [
            107.62019766100008,
            27.38931195600003
          ],
          [
            107.62102165100004,
            27.387313015000075
          ],
          [
            107.64250646000005,
            27.374653674000058
          ],
          [
            107.64333045100005,
            27.373879275000036
          ],
          [
            107.64501658300009,
            27.373831589000076
          ],
          [
            107.65833778600006,
            27.374155830000063
          ],
          [
            107.65936777600007,
            27.374180625000065
          ],
          [
            107.66023754600008,
            27.374909245000026
          ],
          [
            107.66885132000004,
            27.379940919000035
          ],
          [
            107.68031093100007,
            27.393933486000037
          ],
          [
            107.70619803300008,
            27.410527712000032
          ],
          [
            107.70809780000008,
            27.416503549000026
          ],
          [
            107.70824276700006,
            27.42026682000005
          ],
          [
            107.69763007000006,
            27.430364530000077
          ],
          [
            107.69776740900005,
            27.435823467000034
          ],
          [
            107.69964428500003,
            27.43934831400003
          ],
          [
            107.71085974000005,
            27.44656394100008
          ],
          [
            107.71172951000005,
            27.447294468000052
          ],
          [
            107.71258402100005,
            27.447269671000072
          ],
          [
            107.71427778300006,
            27.447973495000042
          ],
          [
            107.71513229300007,
            27.447950605000074
          ],
          [
            107.71684131400008,
            27.448654429000044
          ],
          [
            107.71768819500005,
            27.448629632000063
          ],
          [
            107.71940484500004,
            27.449333455000044
          ],
          [
            107.72794232100006,
            27.452104877000068
          ],
          [
            107.73403071300004,
            27.457203312000047
          ],
          [
            107.75118962500005,
            27.48835852700006
          ],
          [
            107.75897177800005,
            27.493409275000033
          ],
          [
            107.75984154800005,
            27.49413598800004
          ],
          [
            107.76153530900007,
            27.494088302000023
          ],
          [
            107.76573919400005,
            27.493966225000065
          ],
          [
            107.77907564900005,
            27.48906041500004
          ],
          [
            107.78498092500007,
            27.488888743000075
          ],
          [
            107.79608956200008,
            27.492333469000073
          ],
          [
            107.79780621200007,
            27.49303538500004
          ],
          [
            107.79917953300009,
            27.49322040000004
          ],
          [
            107.80387933800006,
            27.493130748000056
          ],
          [
            107.80392511800005,
            27.494925597000076
          ],
          [
            107.82506668600007,
            27.545738323000023
          ],
          [
            107.83039212500006,
            27.553116084000067
          ],
          [
            107.84074543900005,
            27.55884013600007
          ],
          [
            107.84496458300003,
            27.558716151000056
          ],
          [
            107.84834447600008,
            27.558616963000077
          ],
          [
            107.84915320800008,
            27.557840656000053
          ],
          [
            107.85672172500006,
            27.55686406700005
          ],
          [
            107.85753808600003,
            27.55608585300007
          ],
          [
            107.86091797900008,
            27.555986665000034
          ],
          [
            107.86173434000005,
            27.555208451000055
          ],
          [
            107.86595348400004,
            27.55508446600004
          ],
          [
            107.87355252100008,
            27.554859386000032
          ],
          [
            107.88117444700003,
            27.55538581600007
          ],
          [
            107.88981874000007,
            27.560404137000035
          ],
          [
            107.89869192900005,
            27.572195584000042
          ],
          [
            107.90063747500005,
            27.578919116000066
          ],
          [
            107.90150724500006,
            27.579645828000025
          ],
          [
            107.90159880300007,
            27.581904173000055
          ],
          [
            107.90288821500008,
            27.593922607000025
          ],
          [
            107.90294162400005,
            27.595427534000066
          ],
          [
            107.90214815200005,
            27.59695725800003
          ],
          [
            107.90223208100008,
            27.599215602000072
          ],
          [
            107.90141571900006,
            27.59999381600005
          ],
          [
            107.90150727700006,
            27.60225025300008
          ],
          [
            107.90071380600006,
            27.60378379200006
          ],
          [
            107.90079773400004,
            27.60604022900003
          ],
          [
            107.89998900200004,
            27.606818443000066
          ],
          [
            107.90003478200003,
            27.60832337000005
          ],
          [
            107.89924894000006,
            27.609855001000028
          ],
          [
            107.89933286800004,
            27.612111438000056
          ],
          [
            107.89863858400008,
            27.615899506000062
          ],
          [
            107.89868436300009,
            27.61740634100005
          ],
          [
            107.89921845200007,
            27.631704101000025
          ],
          [
            107.90022556000008,
            27.636195993000058
          ],
          [
            107.90110296000006,
            27.636922706000064
          ],
          [
            107.91016689400004,
            27.653228934000026
          ],
          [
            107.92474698200004,
            27.658819464000032
          ],
          [
            107.92562438200008,
            27.65954808400005
          ],
          [
            107.92730288400008,
            27.659496583000077
          ],
          [
            107.92818791400003,
            27.660223296000026
          ],
          [
            107.93071329600008,
            27.660148905000028
          ],
          [
            107.93327682800003,
            27.66082411600007
          ],
          [
            107.93412370800007,
            27.660799319000034
          ],
          [
            107.93837337100007,
            27.66142684400006
          ],
          [
            107.94178378300006,
            27.662077259000057
          ],
          [
            107.94347754500006,
            27.662025758000027
          ],
          [
            107.94687269800005,
            27.662676172000033
          ],
          [
            107.94857408800004,
            27.66262467100006
          ],
          [
            107.95113762000005,
            27.663301790000048
          ],
          [
            107.95197687100006,
            27.663276993000068
          ],
          [
            107.95369352200004,
            27.663978909000036
          ],
          [
            107.95538728300005,
            27.663927407000074
          ],
          [
            107.95710393400009,
            27.664629323000042
          ],
          [
            107.95794318500003,
            27.664604526000062
          ],
          [
            107.95966746500005,
            27.66530644200003
          ],
          [
            107.96051434600008,
            27.665279738000038
          ],
          [
            107.96138411600003,
            27.666006451000044
          ],
          [
            107.96307024800007,
            27.665954949000024
          ],
          [
            107.96394764800004,
            27.66668166200003
          ],
          [
            107.96563377900009,
            27.66663206800007
          ],
          [
            107.96650355000008,
            27.667358781000075
          ],
          [
            107.97594894400004,
            27.670839749000038
          ],
          [
            107.99617491600009,
            27.685360651000053
          ],
          [
            108.04572130700006,
            27.726565841000024
          ],
          [
            108.08511272000004,
            27.740365729000075
          ],
          [
            108.10447653800009,
            27.74461726900006
          ],
          [
            108.11274698500006,
            27.75085059500003
          ],
          [
            108.12597665000004,
            27.76172839800006
          ],
          [
            108.15035313100009,
            27.796997833000034
          ],
          [
            108.18330518600004,
            27.80081447300006
          ],
          [
            108.21267894500005,
            27.781927508000024
          ],
          [
            108.21765342100008,
            27.785814754000057
          ],
          [
            108.21772212600007,
            27.81219580100003
          ],
          [
            108.23761240000005,
            27.82774478300007
          ],
          [
            108.24403650400006,
            27.839955856000074
          ],
          [
            108.24578371300004,
            27.867128466000054
          ],
          [
            108.24209106700005,
            27.906231777000073
          ],
          [
            108.24479963700009,
            27.95829576400007
          ],
          [
            108.23254663400007,
            28.000204849000056
          ],
          [
            108.23428617400003,
            28.00144655400004
          ],
          [
            108.23346981500003,
            28.003731603000062
          ],
          [
            108.23163109600006,
            28.006236002000037
          ],
          [
            108.23005941000008,
            28.007594062000067
          ],
          [
            108.22741958800009,
            28.010777492000045
          ],
          [
            108.22555035500005,
            28.015805362000037
          ],
          [
            108.22447459200004,
            28.018777069000066
          ],
          [
            108.22366586300006,
            28.021292911000046
          ],
          [
            108.22414653000004,
            28.02450876200004
          ],
          [
            108.22614548200005,
            28.030269064000038
          ],
          [
            108.22709918400005,
            28.035329356000034
          ],
          [
            108.22802237300004,
            28.043830571000058
          ],
          [
            108.22795371500007,
            28.049566079000044
          ],
          [
            108.22608448100004,
            28.053676496000037
          ],
          [
            108.22468065500004,
            28.062151011000026
          ],
          [
            108.22297165200007,
            28.073606769000037
          ],
          [
            108.22288010700004,
            28.080261636000046
          ],
          [
            108.22304033900008,
            28.087835863000066
          ],
          [
            108.22245287200008,
            28.093107877000023
          ],
          [
            108.22553521500004,
            28.09497901800006
          ],
          [
            108.22630580100008,
            28.095906007000053
          ],
          [
            108.22757231000008,
            28.097754261000034
          ],
          [
            108.22936525800009,
            28.099152373000038
          ],
          [
            108.23166938700007,
            28.101471751000076
          ],
          [
            108.23578172100008,
            28.103356242000075
          ],
          [
            108.23806296400005,
            28.107512432000078
          ],
          [
            108.23829948300005,
            28.10912035800004
          ],
          [
            108.23854363000004,
            28.110041625000065
          ],
          [
            108.24360966700004,
            28.11813084000005
          ],
          [
            108.24667675500007,
            28.122294658000044
          ],
          [
            108.25101035100005,
            28.127391186000068
          ],
          [
            108.25482513700007,
            28.13294167300006
          ],
          [
            108.25966228500005,
            28.13942105500007
          ],
          [
            108.26370596200007,
            28.147496919000048
          ],
          [
            108.26546076700004,
            28.152107068000078
          ],
          [
            108.26822267600005,
            28.15856356300003
          ],
          [
            108.27071755300005,
            28.16662226300008
          ],
          [
            108.27122110400006,
            28.167085757000052
          ],
          [
            108.27426530500009,
            28.172628615000065
          ],
          [
            108.27549367200004,
            28.177919701000064
          ],
          [
            108.27438739500008,
            28.18387455900006
          ],
          [
            108.27251053100008,
            28.18775609000005
          ],
          [
            108.26677310900004,
            28.19067630400008
          ],
          [
            108.26000569600006,
            28.192898416000048
          ],
          [
            108.25374183700006,
            28.19650147400006
          ],
          [
            108.24619621000005,
            28.19940070900003
          ],
          [
            108.24094708200005,
            28.20324409600005
          ],
          [
            108.23362271600007,
            28.208670616000063
          ],
          [
            108.23148644700007,
            28.213006105000034
          ],
          [
            108.23042594200007,
            28.21506036100004
          ],
          [
            108.22959432600004,
            28.218951428000025
          ],
          [
            108.23058617500004,
            28.222865381000076
          ],
          [
            108.23312682300008,
            28.227023478000035
          ],
          [
            108.23667457500005,
            28.23280285100003
          ],
          [
            108.24152698100005,
            28.23836478100003
          ],
          [
            108.24458644000003,
            28.242757485000027
          ],
          [
            108.24763063900008,
            28.246923211000023
          ],
          [
            108.25146068300006,
            28.251556245000074
          ],
          [
            108.25557302000004,
            28.25527373400007
          ],
          [
            108.25890714100007,
            28.25875280100007
          ],
          [
            108.26300421700006,
            28.261779816000058
          ],
          [
            108.26578138400004,
            28.26754965300006
          ],
          [
            108.26751330400003,
            28.274223592000055
          ],
          [
            108.26928336700007,
            28.27837406100008
          ],
          [
            108.27130520600008,
            28.28252643600007
          ],
          [
            108.27383059600004,
            28.287146120000045
          ],
          [
            108.27662302100003,
            28.29222548300004
          ],
          [
            108.27943070400005,
            28.296385487000066
          ],
          [
            108.28249779200007,
            28.30054930600005
          ],
          [
            108.28531310200009,
            28.303105198000026
          ],
          [
            108.28837256000008,
            28.307040131000065
          ],
          [
            108.29301133400008,
            28.309386209000024
          ],
          [
            108.29480428300008,
            28.311469071000033
          ],
          [
            108.29532309300004,
            28.31147479300006
          ],
          [
            108.29843595200003,
            28.311738008000077
          ],
          [
            108.30050356200007,
            28.312218667000025
          ],
          [
            108.30465404200004,
            28.31272221200004
          ],
          [
            108.30801867600007,
            28.31298733400007
          ],
          [
            108.31451142800006,
            28.31259822000004
          ],
          [
            108.31737251100009,
            28.31239794100003
          ],
          [
            108.32281238600007,
            28.313372608000066
          ],
          [
            108.32565821100007,
            28.314091689000065
          ],
          [
            108.32797759800007,
            28.315262821000033
          ],
          [
            108.32920596600007,
            28.32101358600005
          ],
          [
            108.32993841000007,
            28.325381497000024
          ],
          [
            108.33093788500008,
            28.327458638000053
          ],
          [
            108.33089211400005,
            28.331588127000032
          ],
          [
            108.33060219500004,
            28.334109691000037
          ],
          [
            108.32927465500006,
            28.336392833000048
          ],
          [
            108.32716890100005,
            28.338664531000063
          ],
          [
            108.32245384100008,
            28.34228666100006
          ],
          [
            108.31879165800007,
            28.344545010000047
          ],
          [
            108.31303134900008,
            28.34838458300004
          ],
          [
            108.30675223000009,
            28.35176066300005
          ],
          [
            108.29996193000005,
            28.35490213500003
          ],
          [
            108.29187460600008,
            28.35871691500006
          ],
          [
            108.28481727400003,
            28.363231704000043
          ],
          [
            108.27721061500006,
            28.368658224000058
          ],
          [
            108.27666129000005,
            28.370947087000047
          ],
          [
            108.27870601500007,
            28.373493444000076
          ],
          [
            108.28127717900009,
            28.376045522000027
          ],
          [
            108.28408486100005,
            28.379059188000042
          ],
          [
            108.28460367100007,
            28.379066817000023
          ],
          [
            108.28873126300005,
            28.38048781400005
          ],
          [
            108.29158471800008,
            28.38143578100005
          ],
          [
            108.29571231100005,
            28.383545344000026
          ],
          [
            108.30216692000005,
            28.386599060000037
          ],
          [
            108.30759153800005,
            28.388720066000076
          ],
          [
            108.31224557000007,
            28.39060837100004
          ],
          [
            108.31897484200005,
            28.39251384100004
          ],
          [
            108.32468175100007,
            28.393492323000032
          ],
          [
            108.33039628800009,
            28.393091765000065
          ],
          [
            108.33456202400004,
            28.392218177000075
          ],
          [
            108.33638548800008,
            28.391777569000055
          ],
          [
            108.33873538900008,
            28.390656024000066
          ],
          [
            108.34212291100005,
            28.389772900000025
          ],
          [
            108.34525865700004,
            28.388887870000076
          ],
          [
            108.34708211900005,
            28.38798758200005
          ],
          [
            108.35147674600006,
            28.389639372000033
          ],
          [
            108.35507790100007,
            28.392199078000033
          ],
          [
            108.35841965300006,
            28.396135917000038
          ],
          [
            108.36252435900008,
            28.399849592000066
          ],
          [
            108.36843727300004,
            28.404501697000057
          ],
          [
            108.37436544400003,
            28.40846332900003
          ],
          [
            108.38107946000008,
            28.41266147500005
          ],
          [
            108.38830465600006,
            28.416405664000024
          ],
          [
            108.39476689400004,
            28.418995885000072
          ],
          [
            108.39915389100008,
            28.42041497400004
          ],
          [
            108.40304496700008,
            28.422061043000042
          ],
          [
            108.40458613900006,
            28.423222639000073
          ],
          [
            108.40846958600008,
            28.42486870700003
          ],
          [
            108.41389420400009,
            28.42721669200006
          ],
          [
            108.41983763200005,
            28.42979928400007
          ],
          [
            108.42295049300009,
            28.43074534300007
          ],
          [
            108.42290472000008,
            28.43396119500005
          ],
          [
            108.41923490900007,
            28.437367789000064
          ],
          [
            108.41477925300006,
            28.440537869000025
          ],
          [
            108.41188765600003,
            28.44349241200007
          ],
          [
            108.40742437100005,
            28.446891378000032
          ],
          [
            108.40504395600004,
            28.450769095000055
          ],
          [
            108.40475403700009,
            28.453748431000065
          ],
          [
            108.40550936700004,
            28.45628334500003
          ],
          [
            108.40728706000004,
            28.459972226000048
          ],
          [
            108.41009474200007,
            28.463443664000067
          ],
          [
            108.41369589900006,
            28.46737859500007
          ],
          [
            108.41783112300004,
            28.47017290900004
          ],
          [
            108.42039465700009,
            28.472265308000033
          ],
          [
            108.42374403600007,
            28.474592313000073
          ],
          [
            108.42711630200006,
            28.476001867000036
          ],
          [
            108.43151092900007,
            28.477651750000064
          ],
          [
            108.43489082400004,
            28.478603531000033
          ],
          [
            108.43827071700008,
            28.478634045000035
          ],
          [
            108.44189475600007,
            28.47843948700006
          ],
          [
            108.44503050200007,
            28.47755064200004
          ],
          [
            108.44867742900004,
            28.47689831100007
          ],
          [
            108.45309494200006,
            28.476938361000066
          ],
          [
            108.45750482700004,
            28.47812856400003
          ],
          [
            108.46344825600005,
            28.48070924900003
          ],
          [
            108.47068871100004,
            28.484449622000056
          ],
          [
            108.47663214000005,
            28.487947759000065
          ],
          [
            108.48099625300006,
            28.49189031900005
          ],
          [
            108.48099625500004,
            28.49303665700006
          ],
          [
            108.48278157600004,
            28.49603888000007
          ],
          [
            108.48379630900007,
            28.497654434000026
          ],
          [
            108.48482630200004,
            28.499268080000036
          ],
          [
            108.48635221800004,
            28.502497281000046
          ],
          [
            108.48841220300005,
            28.505270617000065
          ],
          [
            108.48783236300005,
            28.50962517800008
          ],
          [
            108.48569609600008,
            28.51511463500003
          ],
          [
            108.48510863100006,
            28.521306008000067
          ],
          [
            108.48400998400007,
            28.527033887000073
          ],
          [
            108.48449065100004,
            28.530711325000027
          ],
          [
            108.48468902900004,
            28.536221761000036
          ],
          [
            108.48516206900007,
            28.54104553700006
          ],
          [
            108.48770272000007,
            28.546348065000075
          ],
          [
            108.49074692400006,
            28.553260425000076
          ],
          [
            108.49351646600007,
            28.561321032000023
          ],
          [
            108.49708711000005,
            28.569158473000073
          ],
          [
            108.49936072900005,
            28.57560543200003
          ],
          [
            108.50164960200004,
            28.57998478500008
          ],
          [
            108.50470906500004,
            28.586210487000073
          ],
          [
            108.50750912100006,
            28.592203487000063
          ],
          [
            108.51007265800007,
            28.59589999700006
          ],
          [
            108.51159094600007,
            28.599585063000063
          ],
          [
            108.51336101100009,
            28.60465107600004
          ],
          [
            108.51464278100008,
            28.607647576000033
          ],
          [
            108.51407820000009,
            28.611084685000037
          ],
          [
            108.51301006600005,
            28.61359862000006
          ],
          [
            108.51247599900006,
            28.61474114400005
          ],
          [
            108.51114083200008,
            28.61794364600007
          ],
          [
            108.50876804500007,
            28.621136612000043
          ],
          [
            108.50509823200008,
            28.623398775000055
          ],
          [
            108.49988724600007,
            28.624039663000076
          ],
          [
            108.49467625800008,
            28.623532305000026
          ],
          [
            108.48922112400004,
            28.623023040000078
          ],
          [
            108.48349132800007,
            28.62320043400007
          ],
          [
            108.47697568800004,
            28.624285744000076
          ],
          [
            108.47046004800006,
            28.624686303000033
          ],
          [
            108.46576787200007,
            28.625790685000027
          ],
          [
            108.46209805900008,
            28.62782014700008
          ],
          [
            108.45816884100009,
            28.63008040400007
          ],
          [
            108.45347666500004,
            28.630723198000055
          ],
          [
            108.45035617500008,
            28.63023491200005
          ],
          [
            108.44514518800008,
            28.630187233000072
          ],
          [
            108.44123885700009,
            28.63106654300003
          ],
          [
            108.43653905200006,
            28.632399811000028
          ],
          [
            108.43130518000004,
            28.634644810000054
          ],
          [
            108.42554486900008,
            28.637112973000058
          ],
          [
            108.42109684000008,
            28.639136715000063
          ],
          [
            108.41639703600003,
            28.64069696100006
          ],
          [
            108.41038494800006,
            28.642474652000033
          ],
          [
            108.40174829700004,
            28.646751020000067
          ],
          [
            108.39469096100004,
            28.64897504000004
          ],
          [
            108.38816006500008,
            28.65143557500005
          ],
          [
            108.38555075700003,
            28.65163966800003
          ],
          [
            108.38370440600005,
            28.65299772900005
          ],
          [
            108.38160628000009,
            28.654124996000064
          ],
          [
            108.37951578300004,
            28.655021470000065
          ],
          [
            108.37768469100007,
            28.655921758000034
          ],
          [
            108.37480834900003,
            28.656812510000066
          ],
          [
            108.37062735400008,
            28.658147685000074
          ],
          [
            108.36539348100007,
            28.659931096000037
          ],
          [
            108.35938902300006,
            28.66147608600005
          ],
          [
            108.35545980400008,
            28.66350173400008
          ],
          [
            108.34996652700005,
            28.665281331000074
          ],
          [
            108.34500731700007,
            28.666608877000044
          ],
          [
            108.34107809800008,
            28.66840373100007
          ],
          [
            108.33820938600007,
            28.669292576000032
          ],
          [
            108.33715650800008,
            28.66951001900003
          ],
          [
            108.33347906600005,
            28.67222804800008
          ],
          [
            108.33136568200007,
            28.674270860000036
          ],
          [
            108.32900815100004,
            28.675392405000025
          ],
          [
            108.32794764500005,
            28.67698888800004
          ],
          [
            108.32767298200008,
            28.677673640000023
          ],
          [
            108.32764246800008,
            28.680429811000067
          ],
          [
            108.32658959200006,
            28.68248406600003
          ],
          [
            108.32654382000004,
            28.685467217000053
          ],
          [
            108.32651330400006,
            28.687075142000026
          ],
          [
            108.32726863500005,
            28.689835128000027
          ],
          [
            108.32722286200004,
            28.692822093000075
          ],
          [
            108.32769590200007,
            28.697874756000033
          ],
          [
            108.32790953600005,
            28.70154837900003
          ],
          [
            108.32838257400005,
            28.70499693100004
          ],
          [
            108.33143440600008,
            28.711226447000058
          ],
          [
            108.33527971100006,
            28.716546140000048
          ],
          [
            108.33834680100006,
            28.721627410000053
          ],
          [
            108.34219973300009,
            28.725569971000027
          ],
          [
            108.34633495800006,
            28.72882396500006
          ],
          [
            108.34994374300004,
            28.731387486000074
          ],
          [
            108.35459777800008,
            28.734879902000046
          ],
          [
            108.35768775300005,
            28.738122453000074
          ],
          [
            108.36023603200005,
            28.74274022900005
          ],
          [
            108.36124313800008,
            28.74527514300007
          ],
          [
            108.36225024500004,
            28.74895639500005
          ],
          [
            108.36663724600004,
            28.752673883000057
          ],
          [
            108.37256542000006,
            28.75778376100004
          ],
          [
            108.37670064600007,
            28.761959022000042
          ],
          [
            108.37976773500009,
            28.766120932000035
          ],
          [
            108.38178957600007,
            28.771419646000027
          ],
          [
            108.38227024400004,
            28.77532597000004
          ],
          [
            108.38273565400004,
            28.779922768000063
          ],
          [
            108.38294928800008,
            28.78359639100006
          ],
          [
            108.38265936900007,
            28.786117955000066
          ],
          [
            108.38211004600004,
            28.789556971000025
          ],
          [
            108.38074436100004,
            28.793213430000037
          ],
          [
            108.37836394400006,
            28.79617369400006
          ],
          [
            108.37364888200005,
            28.79865330100006
          ],
          [
            108.36970440400006,
            28.80067894900003
          ],
          [
            108.36604984900004,
            28.802248731000077
          ],
          [
            108.36106775200005,
            28.80403405000004
          ],
          [
            108.35712327400006,
            28.805830812000067
          ],
          [
            108.35477337200007,
            28.806725378000067
          ],
          [
            108.35319405500007,
            28.80785646000004
          ],
          [
            108.35107304200005,
            28.810130065000067
          ],
          [
            108.35000490800007,
            28.812874794000038
          ],
          [
            108.34813567300006,
            28.816527439000026
          ],
          [
            108.34859345400008,
            28.821122329000048
          ],
          [
            108.34803650200007,
            28.824790231000065
          ],
          [
            108.34668607700007,
            28.82890827700004
          ],
          [
            108.34508387500006,
            28.831876171000033
          ],
          [
            108.34348930200008,
            28.834615178000035
          ],
          [
            108.34188709900008,
            28.83712148400008
          ],
          [
            108.34027726800008,
            28.84100873600005
          ],
          [
            108.33972794400006,
            28.84329759900004
          ],
          [
            108.33995683400008,
            28.84559599800008
          ],
          [
            108.34019335300007,
            28.847432810000043
          ],
          [
            108.34146749400009,
            28.850433125000052
          ],
          [
            108.34299341000008,
            28.852971853000042
          ],
          [
            108.34581635200004,
            28.857131856000024
          ],
          [
            108.34759404400006,
            28.860595665000062
          ],
          [
            108.34964640100009,
            28.864059474000044
          ],
          [
            108.35117994700005,
            28.867286768000042
          ],
          [
            108.35244645800009,
            28.870056290000036
          ],
          [
            108.35422415000005,
            28.87351628400006
          ],
          [
            108.35445304100006,
            28.876043569000046
          ],
          [
            108.35414786500007,
            28.88017115100007
          ],
          [
            108.35410972200003,
            28.883387002000063
          ],
          [
            108.35267537400006,
            28.888414871000066
          ],
          [
            108.35247700600007,
            28.88910725200003
          ],
          [
            108.35141650000008,
            28.89024405500004
          ],
          [
            108.35008896000005,
            28.892296403000046
          ],
          [
            108.34875379100004,
            28.894348751000052
          ],
          [
            108.34740336600004,
            28.898468705000028
          ],
          [
            108.34603768300008,
            28.903502296000056
          ],
          [
            108.34547310100004,
            28.906250838000062
          ],
          [
            108.34490852000005,
            28.91037842000003
          ],
          [
            108.34458808600004,
            28.91519456800006
          ],
          [
            108.34481697700005,
            28.91795264700005
          ],
          [
            108.34529001700008,
            28.922087857000065
          ],
          [
            108.34576305500008,
            28.92576720200003
          ],
          [
            108.34547313600007,
            28.928286858000035
          ],
          [
            108.34359627200007,
            28.932629977000033
          ],
          [
            108.33908721200004,
            28.93786194000006
          ],
          [
            108.33434926300004,
            28.941487884000026
          ],
          [
            108.33170944000005,
            28.94375386100006
          ],
          [
            108.32619327400005,
            28.945995046000064
          ],
          [
            108.32356870800004,
            28.947343570000044
          ],
          [
            108.31802965700007,
            28.95187743100007
          ],
          [
            108.31749558900009,
            28.952560276000042
          ],
          [
            108.31563398200007,
            28.95529546800003
          ],
          [
            108.31349771200007,
            28.959173185000054
          ],
          [
            108.31190313800005,
            28.96145251200005
          ],
          [
            108.31080448800009,
            28.965574373000038
          ],
          [
            108.30937777600008,
            28.974970153000072
          ],
          [
            108.30878268100008,
            28.98116152600005
          ],
          [
            108.30792817900004,
            28.98689131200007
          ],
          [
            108.30705842100008,
            28.99353855000004
          ],
          [
            108.30565459400009,
            29.001099427000042
          ],
          [
            108.30424313900005,
            29.008889189000058
          ],
          [
            108.30312923300005,
            29.014847861000078
          ],
          [
            108.30175592100005,
            29.02011033900004
          ],
          [
            108.30063438600007,
            29.02629599000005
          ],
          [
            108.29823871200006,
            29.03040450000003
          ],
          [
            108.29558363000007,
            29.033130157000073
          ],
          [
            108.29322609800005,
            29.033565044000056
          ],
          [
            108.29597275400005,
            29.04346436900005
          ],
          [
            108.29823874400006,
            29.05060370800004
          ],
          [
            108.30025295700005,
            29.05659289500005
          ],
          [
            108.30123717700008,
            29.061426208000057
          ],
          [
            108.30298435600008,
            29.068100146000063
          ],
          [
            108.30421272500007,
            29.074081704000037
          ],
          [
            108.30463236300005,
            29.081661652000037
          ],
          [
            108.30537243700007,
            29.086260356000025
          ],
          [
            108.30504437400003,
            29.09130729800006
          ],
          [
            108.30419750100003,
            29.095888838000064
          ],
          [
            108.30257241300006,
            29.100920521000035
          ],
          [
            108.30069554700009,
            29.104344280000078
          ],
          [
            108.29987918800003,
            29.106633143000067
          ],
          [
            108.29987919000007,
            29.107550595000077
          ],
          [
            108.29852876300004,
            29.110289602000023
          ],
          [
            108.29719359400008,
            29.112572744000033
          ],
          [
            108.29636960700009,
            29.116006038000023
          ],
          [
            108.29421807900007,
            29.120116455000073
          ],
          [
            108.29208943800006,
            29.12376719300005
          ],
          [
            108.28835859200007,
            29.128547104000063
          ],
          [
            108.28357486900006,
            29.13423302500007
          ],
          [
            108.27774589600006,
            29.13968243200003
          ],
          [
            108.27272565300007,
            29.14330074700007
          ],
          [
            108.27009345800008,
            29.144880065000052
          ],
          [
            108.26534787700007,
            29.14735204200008
          ],
          [
            108.25823713600005,
            29.151176358000043
          ],
          [
            108.25348392700005,
            29.154109922000032
          ],
          [
            108.24848657000007,
            29.156349198000044
          ],
          [
            108.24689199400007,
            29.157480280000073
          ],
          [
            108.24297803200005,
            29.157898002000024
          ],
          [
            108.23743134800009,
            29.160131557000057
          ],
          [
            108.23216695800005,
            29.163055584000062
          ],
          [
            108.22769604000007,
            29.165075511000055
          ],
          [
            108.22213410000006,
            29.169601742000054
          ],
          [
            108.22055478400006,
            29.170732824000027
          ],
          [
            108.21896783800008,
            29.17209279100007
          ],
          [
            108.21738089000007,
            29.172302605000027
          ],
          [
            108.21580157400007,
            29.17366448000007
          ],
          [
            108.21288708700007,
            29.176155529000027
          ],
          [
            108.21050666800005,
            29.178194526000027
          ],
          [
            108.20733277600004,
            29.180223988000023
          ],
          [
            108.20520413400004,
            29.182957273000056
          ],
          [
            108.20441066000006,
            29.183405510000057
          ],
          [
            108.20283134400006,
            29.18453659100004
          ],
          [
            108.20071032900006,
            29.186119723000047
          ],
          [
            108.19779584200006,
            29.18861077200006
          ],
          [
            108.19460669300008,
            29.19224815900003
          ],
          [
            108.19169220700007,
            29.19497000100006
          ],
          [
            108.18929653000004,
            29.197695657000054
          ],
          [
            108.18768669800005,
            29.20066355000006
          ],
          [
            108.18555042600008,
            29.20293334100006
          ],
          [
            108.18315475000009,
            29.206120584000075
          ],
          [
            108.17969093800008,
            29.21090049600008
          ],
          [
            108.17780644400005,
            29.21478202700007
          ],
          [
            108.17512084700007,
            29.219340680000073
          ],
          [
            108.17348049900005,
            29.223685705000037
          ],
          [
            108.17102379400006,
            29.231691003000037
          ],
          [
            108.16908589700006,
            29.238784571000053
          ],
          [
            108.16797199000007,
            29.243593090000047
          ],
          [
            108.16710223000007,
            29.24978064800007
          ],
          [
            108.16678179500008,
            29.253681251000046
          ],
          [
            108.16512619100007,
            29.26031704500008
          ],
          [
            108.16451583500009,
            29.26582175900006
          ],
          [
            108.16338667100007,
            29.272003596000047
          ],
          [
            108.16251691100007,
            29.277962268000067
          ],
          [
            108.16193707100007,
            29.282318736000036
          ],
          [
            108.16109019500004,
            29.28529425800008
          ],
          [
            108.16067057500004,
            29.288674144000026
          ],
          [
            108.16076976200009,
            29.290339291000066
          ],
          [
            108.15996103100008,
            29.291935774000024
          ],
          [
            108.15993051700008,
            29.294232265000062
          ],
          [
            108.15704654400008,
            29.294426822000048
          ],
          [
            108.15308680800007,
            29.296906427000067
          ],
          [
            108.14859300200004,
            29.299149518000036
          ],
          [
            108.14488504100007,
            29.30163293800007
          ],
          [
            108.14275639700008,
            29.303671935000068
          ],
          [
            108.14008605800007,
            29.30731313600006
          ],
          [
            108.13635521100008,
            29.31163336800006
          ],
          [
            108.13446308700009,
            29.315511084000036
          ],
          [
            108.13096113100005,
            29.32235860000003
          ],
          [
            108.12931315500003,
            29.327386469000032
          ],
          [
            108.12846628100004,
            29.331969917000038
          ],
          [
            108.12736000000007,
            29.33517051000007
          ],
          [
            108.12731422900004,
            29.338842226000054
          ],
          [
            108.12671150200003,
            29.344345033000025
          ],
          [
            108.12587225700008,
            29.348238007000077
          ],
          [
            108.12580359800006,
            29.352827175000073
          ],
          [
            108.12417088000007,
            29.357170293000024
          ],
          [
            108.12201935000007,
            29.36058833000004
          ],
          [
            108.11858605200007,
            29.362152389000073
          ],
          [
            108.11173471300003,
            29.364597665000076
          ],
          [
            108.10540981300005,
            29.36658707600003
          ],
          [
            108.09986312800004,
            29.369274588000053
          ],
          [
            108.09483525500008,
            29.37242750200005
          ],
          [
            108.08953271900003,
            29.376495960000057
          ],
          [
            108.08448958700006,
            29.380566326000064
          ],
          [
            108.08157510000007,
            29.382826581000074
          ],
          [
            108.07653959700008,
            29.38597758700007
          ],
          [
            108.07206104800008,
            29.387072431000036
          ],
          [
            108.06918470500005,
            29.387036195000064
          ],
          [
            108.06656776500006,
            29.38608632000006
          ],
          [
            108.06369904900004,
            29.38490374500003
          ],
          [
            108.06031152300005,
            29.383482747000073
          ],
          [
            108.05666459200006,
            29.381830956000044
          ],
          [
            108.05225470400006,
            29.37948106300007
          ],
          [
            108.04728785800006,
            29.37712354100006
          ],
          [
            108.04338152300005,
            29.375927615000023
          ],
          [
            108.03841467900008,
            29.374945318000073
          ],
          [
            108.03369198300004,
            29.374886195000045
          ],
          [
            108.02844284700006,
            29.37505023600005
          ],
          [
            108.02163728000005,
            29.37381616600004
          ],
          [
            108.01692984200008,
            29.373297363000063
          ],
          [
            108.01246655100005,
            29.37346903300005
          ],
          [
            108.00878910500006,
            29.374109919000034
          ],
          [
            108.00537869300007,
            29.37429684700004
          ],
          [
            108.00312797900006,
            29.377577552000048
          ],
          [
            108.00229636500006,
            29.382851473000073
          ],
          [
            108.00211326000004,
            29.385802197000032
          ],
          [
            108.00064075900008,
            29.387743917000023
          ],
          [
            107.98610645500008,
            29.390301738000062
          ],
          [
            107.95767871900006,
            29.387866041000052
          ],
          [
            107.94628777600008,
            29.37981116800006
          ],
          [
            107.94351060600007,
            29.37233231400006
          ],
          [
            107.94376997600006,
            29.349729801000024
          ],
          [
            107.93650661400005,
            29.334808337000027
          ],
          [
            107.93530875300007,
            29.322026951000055
          ],
          [
            107.92801487200006,
            29.30635397700007
          ],
          [
            107.90435558500008,
            29.28799351600003
          ],
          [
            107.89547476300004,
            29.276869657000077
          ],
          [
            107.88646423000006,
            29.260475693000046
          ],
          [
            107.88085647800006,
            29.24250813200007
          ],
          [
            107.87394409700005,
            29.24113673000005
          ],
          [
            107.86712327500004,
            29.24277709000006
          ],
          [
            107.85114700000008,
            29.255138871000042
          ],
          [
            107.82226919400006,
            29.30089325800003
          ],
          [
            107.81231264200005,
            29.31464360800004
          ],
          [
            107.78749369600007,
            29.318126522000057
          ],
          [
            107.76450585000003,
            29.32609178900003
          ],
          [
            107.73102735100008,
            29.326715543000034
          ],
          [
            107.70785643800008,
            29.36254389100003
          ],
          [
            107.68403697400004,
            29.37277131700006
          ],
          [
            107.67318013200008,
            29.385772066000072
          ],
          [
            107.65699021900008,
            29.391335926000068
          ],
          [
            107.63632937400007,
            29.390197241000067
          ],
          [
            107.60397243800008,
            29.402818445000037
          ],
          [
            107.57906193100007,
            29.403251450000027
          ],
          [
            107.54738401400004,
            29.408315593000054
          ],
          [
            107.53876261300007,
            29.407710961000078
          ],
          [
            107.53375000200003,
            29.41382222900006
          ],
          [
            107.53245300500004,
            29.432672917000048
          ],
          [
            107.51483638500008,
            29.45255361100004
          ],
          [
            107.51253227600006,
            29.464644527000075
          ],
          [
            107.49729606400007,
            29.475444159000062
          ],
          [
            107.48554656500005,
            29.489198325000075
          ],
          [
            107.47315619600005,
            29.511999220000064
          ],
          [
            107.48477604200008,
            29.532145008000043
          ],
          [
            107.48862136600007,
            29.550158348000025
          ],
          [
            107.44572042700008,
            29.596055802000024
          ],
          [
            107.40452845200008,
            29.60274504700004
          ],
          [
            107.38917779000008,
            29.609766148000062
          ],
          [
            107.38973478600008,
            29.63612239400004
          ],
          [
            107.38481373900004,
            29.648249553000028
          ],
          [
            107.38423391100008,
            29.661063366000064
          ],
          [
            107.38790374400008,
            29.671552073000043
          ],
          [
            107.40391059100006,
            29.694646672000033
          ],
          [
            107.40502452500004,
            29.706678456000077
          ],
          [
            107.40262885700008,
            29.71575570400006
          ]
        ]
      }
    },
    {
      "type": "Feature",
      "properties": {
        "Name": "赤水河",
        "Shape_Leng": 3.66610667505,
        "length_km": 378.414479233,
        "layer_name": "赤水河",
        "kind": "river",
        "source_file": "赤水河.shp"
      },
      "geometry": {
        "type": "LineString",
        "coordinates": [
          [
            105.83894310500006,
            28.804269030000057
          ],
          [
            105.82014270200006,
            28.80358803200005
          ],
          [
            105.81162252300004,
            28.806634098000075
          ],
          [
            105.80819244800006,
            28.805143072000078
          ],
          [
            105.80462234000004,
            28.77503249600005
          ],
          [
            105.79774218300008,
            28.766022329000066
          ],
          [
            105.79177205700006,
            28.76755236300005
          ],
          [
            105.79180206400008,
            28.772822464000058
          ],
          [
            105.79611216400008,
            28.781088620000048
          ],
          [
            105.79528215200008,
            28.786362722000035
          ],
          [
            105.78420191900005,
            28.789416790000075
          ],
          [
            105.77820178800005,
            28.78642573700006
          ],
          [
            105.77900179300008,
            28.775126519000025
          ],
          [
            105.78661193900007,
            28.760039223000035
          ],
          [
            105.78572191400008,
            28.754019108000023
          ],
          [
            105.77888176400006,
            28.751030056000047
          ],
          [
            105.77205161800003,
            28.751055062000034
          ],
          [
            105.76268142200007,
            28.754855143000043
          ],
          [
            105.75756131200006,
            28.75411713300008
          ],
          [
            105.75154117600005,
            28.74736100800004
          ],
          [
            105.74549103000004,
            28.73156570900005
          ],
          [
            105.71897044700006,
            28.715085414000043
          ],
          [
            105.71466034700006,
            28.707569273000047
          ],
          [
            105.71806041500008,
            28.70379219800003
          ],
          [
            105.73342074500005,
            28.705251213000054
          ],
          [
            105.73939087100007,
            28.70372517900006
          ],
          [
            105.74108090100003,
            28.69845007600003
          ],
          [
            105.73593078700009,
            28.693945994000046
          ],
          [
            105.72739060100008,
            28.69096094300005
          ],
          [
            105.72990064400005,
            28.680411738000032
          ],
          [
            105.73924083300005,
            28.670592542000065
          ],
          [
            105.75200109800005,
            28.663773400000025
          ],
          [
            105.75102107400005,
            28.661116350000043
          ],
          [
            105.73659075600006,
            28.651022167000065
          ],
          [
            105.72974060300004,
            28.645022057000062
          ],
          [
            105.72374046600004,
            28.63600388900005
          ],
          [
            105.72370045600007,
            28.62772172900003
          ],
          [
            105.72876055300009,
            28.617162522000058
          ],
          [
            105.72616048700007,
            28.60738133600006
          ],
          [
            105.71334020400008,
            28.59763515900005
          ],
          [
            105.69030971000007,
            28.59544313500004
          ],
          [
            105.68515959200005,
            28.587174980000043
          ],
          [
            105.68511957900006,
            28.575880763000043
          ],
          [
            105.68423955300005,
            28.569107633000044
          ],
          [
            105.67478933400008,
            28.551815308000073
          ],
          [
            105.67476932800008,
            28.546543206000024
          ],
          [
            105.68665957000007,
            28.535215979000043
          ],
          [
            105.69260969400005,
            28.53293793000006
          ],
          [
            105.69680977000007,
            28.51937266500005
          ],
          [
            105.71643019700008,
            28.527597808000053
          ],
          [
            105.73853065600008,
            28.51623157100005
          ],
          [
            105.75121090400006,
            28.495105154000044
          ],
          [
            105.75801104500005,
            28.491319076000025
          ],
          [
            105.78102154000004,
            28.495755142000064
          ],
          [
            105.78611164600005,
            28.493478094000068
          ],
          [
            105.79627185000004,
            28.481392853000045
          ],
          [
            105.80390200700003,
            28.476092745000074
          ],
          [
            105.81837231300005,
            28.47377868800004
          ],
          [
            105.84737294100006,
            28.483450850000054
          ],
          [
            105.86946340300005,
            28.475830685000062
          ],
          [
            105.87712356600008,
            28.47579667800005
          ],
          [
            105.88566375200008,
            28.479525743000067
          ],
          [
            105.90022407700008,
            28.493012990000068
          ],
          [
            105.92066451200009,
            28.49291897100005
          ],
          [
            105.94442500400004,
            28.480004703000077
          ],
          [
            105.94693505200007,
            28.474722599000074
          ],
          [
            105.96048532700007,
            28.46260935400005
          ],
          [
            105.96128533700005,
            28.455828223000026
          ],
          [
            105.94925506300007,
            28.43932191500005
          ],
          [
            105.94569496100007,
            28.415242454000065
          ],
          [
            105.93373469900007,
            28.408525335000036
          ],
          [
            105.92858458300009,
            28.401773209000055
          ],
          [
            105.92843455400003,
            28.37843176000007
          ],
          [
            105.93177461600004,
            28.369379583000068
          ],
          [
            105.95040499900006,
            28.357243333000042
          ],
          [
            105.95631511700009,
            28.349684182000033
          ],
          [
            105.95710512400007,
            28.340645007000035
          ],
          [
            105.96127518100008,
            28.31171944700003
          ],
          [
            105.97636548800006,
            28.298383177000062
          ],
          [
            105.98479565600007,
            28.28855198000008
          ],
          [
            105.99495586600005,
            28.283228869000027
          ],
          [
            106.00000596600006,
            28.27567171900006
          ],
          [
            105.99738589900005,
            28.26589853300004
          ],
          [
            105.99496583300004,
            28.252403275000063
          ],
          [
            106.01075615000008,
            28.234958925000058
          ],
          [
            106.01739626900007,
            28.214593527000034
          ],
          [
            106.02161635500005,
            28.210805450000066
          ],
          [
            106.03601665500008,
            28.206208349000065
          ],
          [
            106.04107675800009,
            28.201663257000064
          ],
          [
            106.04185676500003,
            28.192624082000066
          ],
          [
            106.03749665500004,
            28.176836781000077
          ],
          [
            106.04085672100007,
            28.172300691000032
          ],
          [
            106.05101693400007,
            28.16923162300003
          ],
          [
            106.05266696200005,
            28.163198505000025
          ],
          [
            106.03985667800004,
            28.151977300000055
          ],
          [
            106.03810663300004,
            28.14445915600004
          ],
          [
            106.05698703900003,
            28.149752242000034
          ],
          [
            106.05935709000005,
            28.14960923700005
          ],
          [
            106.07472742800007,
            28.16081244000003
          ],
          [
            106.09258781200003,
            28.16522451000003
          ],
          [
            106.11126821000005,
            28.166616521000037
          ],
          [
            106.12652853300006,
            28.165014477000057
          ],
          [
            106.14608895100008,
            28.167902516000026
          ],
          [
            106.20014006500008,
            28.13818189500006
          ],
          [
            106.20933024300007,
            28.122308581000027
          ],
          [
            106.22198050200006,
            28.11393640800003
          ],
          [
            106.23458075500008,
            28.101048149000064
          ],
          [
            106.24387094700006,
            28.09721806700003
          ],
          [
            106.25060108300005,
            28.09114694400006
          ],
          [
            106.27239151600008,
            28.064636413000073
          ],
          [
            106.28586179000007,
            28.054746210000076
          ],
          [
            106.30868226600006,
            28.047798056000033
          ],
          [
            106.32792264500006,
            28.02205254200004
          ],
          [
            106.33026267200006,
            28.002459162000036
          ],
          [
            106.33957287000004,
            28.002385152000045
          ],
          [
            106.34210292100005,
            28.000106106000032
          ],
          [
            106.33779281100004,
            27.983926797000038
          ],
          [
            106.33487273100008,
            27.968166496000038
          ],
          [
            106.33613273700007,
            27.950069145000043
          ],
          [
            106.34927299600008,
            27.932498794000026
          ],
          [
            106.34985299500005,
            27.92119157600007
          ],
          [
            106.35308305600006,
            27.914351441000065
          ],
          [
            106.36798335500004,
            27.899756146000072
          ],
          [
            106.36841334400003,
            27.88242781100007
          ],
          [
            106.37574348600003,
            27.87023756900004
          ],
          [
            106.37219340300004,
            27.863527442000077
          ],
          [
            106.35493302300006,
            27.850305202000072
          ],
          [
            106.33914266300008,
            27.827260771000056
          ],
          [
            106.31599215900007,
            27.814898553000035
          ],
          [
            106.29812177600007,
            27.810717488000023
          ],
          [
            106.25255077800006,
            27.779935933000047
          ],
          [
            106.22009007700007,
            27.766977711000038
          ],
          [
            106.20054966000004,
            27.76356866200007
          ],
          [
            106.19112945600006,
            27.758466571000042
          ],
          [
            106.18689936600003,
            27.75854357700007
          ],
          [
            106.17774918000003,
            27.765485719000026
          ],
          [
            106.15161863200007,
            27.769720823000057
          ],
          [
            106.12984818300004,
            27.780650053000045
          ],
          [
            106.11216781400009,
            27.784728147000067
          ],
          [
            106.06899690000006,
            27.783974169000032
          ],
          [
            106.07383700200006,
            27.783684159000074
          ],
          [
            106.06909690000003,
            27.781922129000066
          ],
          [
            106.06121672700004,
            27.776578033000078
          ],
          [
            106.05680662500004,
            27.76836787800005
          ],
          [
            106.04907645500003,
            27.762475770000037
          ],
          [
            106.01921581100004,
            27.750934572000062
          ],
          [
            106.00396548700007,
            27.749685561000035
          ],
          [
            105.98881517100006,
            27.753706651000073
          ],
          [
            105.97949497300004,
            27.75310964700003
          ],
          [
            105.94191416000007,
            27.735654341000043
          ],
          [
            105.92668383700004,
            27.735153344000025
          ],
          [
            105.91766366200005,
            27.74960763100006
          ],
          [
            105.90668343000004,
            27.75053765800004
          ],
          [
            105.88964306400004,
            27.744789560000072
          ],
          [
            105.87439274000008,
            27.743526548000034
          ],
          [
            105.86492253000006,
            27.734640384000045
          ],
          [
            105.85533231300008,
            27.72048311800006
          ],
          [
            105.84421207100007,
            27.713880000000074
          ],
          [
            105.82138158800007,
            27.71423902500004
          ],
          [
            105.79608105700004,
            27.71839712600007
          ],
          [
            105.76400038100007,
            27.72114720500008
          ],
          [
            105.74951006900005,
            27.71534110400006
          ],
          [
            105.72659958000008,
            27.71116604100007
          ],
          [
            105.71434929900005,
            27.688755617000027
          ],
          [
            105.70745914600008,
            27.682080494000047
          ],
          [
            105.69138880600008,
            27.681565496000076
          ],
          [
            105.67626849100009,
            27.687058614000023
          ],
          [
            105.66696829500006,
            27.68719362400003
          ],
          [
            105.66015814800005,
            27.684279573000026
          ],
          [
            105.63864767300004,
            27.663502188000052
          ],
          [
            105.63100750900009,
            27.66135315200006
          ],
          [
            105.62679742100005,
            27.662165171000026
          ],
          [
            105.62096730300004,
            27.667521279000027
          ],
          [
            105.61539720400003,
            27.68718066400004
          ],
          [
            105.60207693400008,
            27.699419911000064
          ],
          [
            105.59812686600009,
            27.715290221000032
          ],
          [
            105.59482680100007,
            27.719854312000052
          ],
          [
            105.55345592900005,
            27.72419542800003
          ],
          [
            105.54343572500005,
            27.73186458400005
          ],
          [
            105.53767561200004,
            27.74173378000006
          ],
          [
            105.53449555600008,
            27.753073001000075
          ],
          [
            105.50431493300005,
            27.770049353000047
          ],
          [
            105.48242447600006,
            27.777117506000025
          ],
          [
            105.46974420800007,
            27.77728551900003
          ],
          [
            105.45869397100006,
            27.774418472000036
          ],
          [
            105.43842354400005,
            27.776190521000046
          ],
          [
            105.42390322800009,
            27.768094375000032
          ],
          [
            105.40784288900005,
            27.76905340600007
          ],
          [
            105.39596263600004,
            27.766945374000045
          ],
          [
            105.39478260200008,
            27.757289188000072
          ],
          [
            105.39059251200007,
            27.756367173000058
          ],
          [
            105.38649242500009,
            27.756522179000058
          ],
          [
            105.37212212200006,
            27.757456208000065
          ],
          [
            105.34831161000005,
            27.748715056000037
          ],
          [
            105.33627134300008,
            27.736063820000027
          ],
          [
            105.32347106500004,
            27.728689687000042
          ],
          [
            105.30629068500008,
            27.71082335400007
          ],
          [
            105.30035055800005,
            27.709390330000076
          ],
          [
            105.28434022300007,
            27.71334641900006
          ],
          [
            105.26509982800007,
            27.72788271400003
          ],
          [
            105.24652943700005,
            27.730360775000065
          ],
          [
            105.23643922700006,
            27.734241858000075
          ],
          [
            105.22313896100007,
            27.750964191000037
          ],
          [
            105.20888866800004,
            27.76091639400005
          ],
          [
            105.20400857700008,
            27.774527660000047
          ],
          [
            105.19737844500008,
            27.784392856000068
          ],
          [
            105.19146832100006,
            27.785210876000065
          ],
          [
            105.18091807200005,
            27.756714332000058
          ],
          [
            105.18073805600005,
            27.743916085000023
          ],
          [
            105.16708775900008,
            27.735031922000076
          ],
          [
            105.15595751500007,
            27.725364743000057
          ],
          [
            105.14733732200006,
            27.71341351800004
          ],
          [
            105.13794711700007,
            27.70673739500006
          ],
          [
            105.11166655600005,
            27.70175131700006
          ],
          [
            105.09231615300007,
            27.709487480000064
          ],
          [
            105.08472599300006,
            27.71032350100006
          ],
          [
            105.05920544300005,
            27.699293306000072
          ],
          [
            105.04062505100006,
            27.700239337000028
          ],
          [
            105.03538492900009,
            27.687490093000065
          ],
          [
            105.03027481800007,
            27.68453204000008
          ],
          [
            104.99319404200008,
            27.69469426200004
          ],
          [
            104.98995398300008,
            27.706022483000027
          ],
          [
            104.97912376400006,
            27.718931741000063
          ],
          [
            104.95215320000005,
            27.72672491000003
          ],
          [
            104.93628287800004,
            27.744196259000034
          ],
          [
            104.91084233400005,
            27.73841516400006
          ],
          [
            104.89900208400007,
            27.73852617400007
          ],
          [
            104.88470178600005,
            27.745434317000047
          ],
          [
            104.86777142700004,
            27.744084302000033
          ],
          [
            104.85514116300004,
            27.749468415000024
          ],
          [
            104.85006105600007,
            27.749514419000036
          ],
          [
            104.84496094600007,
            27.747302379000075
          ],
          [
            104.84067085100008,
            27.74206828100006
          ],
          [
            104.84044082800006,
            27.720985873000075
          ],
          [
            104.83699075000004,
            27.714239744000054
          ]
        ]
      }
    },
    {
      "type": "Feature",
      "properties": {
        "Name": "长江",
        "Shape_Leng": 53.5645300953,
        "length_km": 5500.41515101,
        "layer_name": "长江",
        "kind": "river",
        "source_file": "长江.shp"
      },
      "geometry": {
        "type": "LineString",
        "coordinates": [
          [
            91.11557006800007,
            33.41944503800005
          ],
          [
            91.11467407200007,
            33.419539185000076
          ],
          [
            91.11322860700005,
            33.419367065000074
          ],
          [
            91.11077888500006,
            33.41874519300006
          ],
          [
            91.10781417800007,
            33.41802555100003
          ],
          [
            91.10385307300004,
            33.41713420900004
          ],
          [
            91.09877143900007,
            33.41620506300006
          ],
          [
            91.09264213600005,
            33.41529590600004
          ],
          [
            91.08581489600004,
            33.41455207800004
          ],
          [
            91.07869842500008,
            33.41417964900006
          ],
          [
            91.07153045700005,
            33.41441394800006
          ],
          [
            91.06441787700004,
            33.41525463100004
          ],
          [
            91.05741241500004,
            33.41643203700005
          ],
          [
            91.05060730000008,
            33.41769859300007
          ],
          [
            91.04421417200007,
            33.41900150300006
          ],
          [
            91.03854263300008,
            33.42069850900003
          ],
          [
            91.03390449500006,
            33.423046303000035
          ],
          [
            91.03033783000006,
            33.42614032700004
          ],
          [
            91.02759925800007,
            33.429389496000056
          ],
          [
            91.02528053300006,
            33.43226623500004
          ],
          [
            91.02289215100006,
            33.43432964300007
          ],
          [
            91.02006012000004,
            33.435778656000025
          ],
          [
            91.01648895300008,
            33.43695983900005
          ],
          [
            91.01233314500007,
            33.43827568100005
          ],
          [
            91.00784523000004,
            33.44008575400005
          ],
          [
            91.00340011600008,
            33.44273960100003
          ],
          [
            90.99926437400006,
            33.44650894200004
          ],
          [
            90.99562667800006,
            33.451313553000034
          ],
          [
            90.99260345500005,
            33.45684757200007
          ],
          [
            90.99031784100004,
            33.46252094300007
          ],
          [
            90.98872535700008,
            33.468125687000054
          ],
          [
            90.98773315400007,
            33.47358375500005
          ],
          [
            90.98709838900004,
            33.479079514000034
          ],
          [
            90.98674644500005,
            33.484515877000035
          ],
          [
            90.98674240100007,
            33.48978145600006
          ],
          [
            90.98734153700008,
            33.49481567400005
          ],
          [
            90.98858520500005,
            33.49971626300004
          ],
          [
            90.99013778700004,
            33.50486679100004
          ],
          [
            90.99117218000004,
            33.510421104000045
          ],
          [
            90.99104270900006,
            33.51692878700004
          ],
          [
            90.98981239300008,
            33.52421882600004
          ],
          [
            90.98804588300004,
            33.53205841100004
          ],
          [
            90.98681648300004,
            33.53904129000006
          ],
          [
            90.98618644700008,
            33.54505813600008
          ],
          [
            90.98603050200006,
            33.55022151900005
          ],
          [
            90.98620048500004,
            33.55520744300003
          ],
          [
            90.98697769200004,
            33.56041122400006
          ],
          [
            90.98845527700007,
            33.565831299000024
          ],
          [
            90.99031623800005,
            33.57132110600003
          ],
          [
            90.99197006200006,
            33.57666893000004
          ],
          [
            90.99304138200006,
            33.58203922300004
          ],
          [
            90.99344390900006,
            33.587491112000066
          ],
          [
            90.99345283500008,
            33.59315849300003
          ],
          [
            90.99328468300007,
            33.598793030000024
          ],
          [
            90.99311058000006,
            33.60432880400003
          ],
          [
            90.99295204200007,
            33.60957725500003
          ],
          [
            90.99285263100006,
            33.614525909000065
          ],
          [
            90.99297721900007,
            33.61911384600006
          ],
          [
            90.99339759800006,
            33.62326591500005
          ],
          [
            90.99402519200004,
            33.627030182000055
          ],
          [
            90.99453010600007,
            33.63054462400004
          ],
          [
            90.99463005100006,
            33.63399478900004
          ],
          [
            90.99440277100007,
            33.63742244700006
          ],
          [
            90.99426139800005,
            33.64105011000004
          ],
          [
            90.99449020400004,
            33.64500438700003
          ],
          [
            90.99505134600008,
            33.64940101600007
          ],
          [
            90.99556213400007,
            33.65403987900004
          ],
          [
            90.99575904800008,
            33.65866306300006
          ],
          [
            90.99558631900004,
            33.66323032400004
          ],
          [
            90.99528564500008,
            33.66789211300005
          ],
          [
            90.99504226700003,
            33.67287853200003
          ],
          [
            90.99502029400008,
            33.67816280400007
          ],
          [
            90.99515396100009,
            33.68352390300004
          ],
          [
            90.99540115400004,
            33.68857009900006
          ],
          [
            90.99561584500003,
            33.692958488000045
          ],
          [
            90.99578178400003,
            33.696590843000024
          ],
          [
            90.99584892300004,
            33.69933986700005
          ],
          [
            90.99598793000007,
            33.70141479500006
          ],
          [
            90.99626762400004,
            33.703073044000064
          ],
          [
            90.99695907600005,
            33.70478965800004
          ],
          [
            90.99783309900005,
            33.70655925800003
          ],
          [
            90.99879959100008,
            33.70840702100003
          ],
          [
            90.99940856900008,
            33.71046791100002
          ],
          [
            90.99952827500005,
            33.71293273900005
          ],
          [
            90.99915672300006,
            33.71598739600006
          ],
          [
            90.99896377600004,
            33.71947391500004
          ],
          [
            90.99958366400006,
            33.72330703700004
          ],
          [
            91.00115516700004,
            33.727524681000034
          ],
          [
            91.00292823800004,
            33.732116623000024
          ],
          [
            91.00386039700004,
            33.73686058000004
          ],
          [
            91.00319343600006,
            33.74149860400007
          ],
          [
            91.00089729300004,
            33.74586135900006
          ],
          [
            90.99773902900006,
            33.750232277000066
          ],
          [
            90.99480575600006,
            33.75477027900007
          ],
          [
            90.99310440100004,
            33.75960868800007
          ],
          [
            90.99317230200006,
            33.76454006200004
          ],
          [
            90.99506797800007,
            33.76948257400005
          ],
          [
            90.99813919100006,
            33.77441665600003
          ],
          [
            91.00145050000003,
            33.77953796400004
          ],
          [
            91.00425682100007,
            33.78502643600007
          ],
          [
            91.00666870100008,
            33.79089111300004
          ],
          [
            91.00897674600003,
            33.79702915200005
          ],
          [
            91.01117851300006,
            33.80326385500007
          ],
          [
            91.01297714200007,
            33.80950775100007
          ],
          [
            91.01402595500008,
            33.81558273300004
          ],
          [
            91.01423271200008,
            33.821376343000054
          ],
          [
            91.01366279600006,
            33.826873283000054
          ],
          [
            91.01256012000005,
            33.83205173500005
          ],
          [
            91.01126411400008,
            33.83670642900006
          ],
          [
            91.01017105100004,
            33.840763931000026
          ],
          [
            91.00959594700004,
            33.844428368000024
          ],
          [
            91.00972969100008,
            33.84799404100005
          ],
          [
            91.01059669500006,
            33.85177063000003
          ],
          [
            91.01194557200006,
            33.85573173500006
          ],
          [
            91.01344139100007,
            33.859882431000074
          ],
          [
            91.01458259600008,
            33.86411670700005
          ],
          [
            91.01515831000006,
            33.86847374000007
          ],
          [
            91.01509979200006,
            33.87295314800008
          ],
          [
            91.01462188700003,
            33.87765342700004
          ],
          [
            91.01397689800007,
            33.882461128000045
          ],
          [
            91.01329605100005,
            33.88726505300008
          ],
          [
            91.01246650700006,
            33.89173019400005
          ],
          [
            91.01140342700006,
            33.89569767000006
          ],
          [
            91.00996887200006,
            33.89914543200007
          ],
          [
            91.00819801300008,
            33.90240825700005
          ],
          [
            91.00614776600008,
            33.90588886300003
          ],
          [
            91.00408874500005,
            33.909808121000026
          ],
          [
            91.00247062700004,
            33.91401996600007
          ],
          [
            91.00180435200008,
            33.91796897900008
          ],
          [
            91.00224029500004,
            33.92143409700003
          ],
          [
            91.00344688400008,
            33.92445743600007
          ],
          [
            91.00487144500005,
            33.92731292700006
          ],
          [
            91.00600715600007,
            33.93008518200003
          ],
          [
            91.00672981300005,
            33.93276802100007
          ],
          [
            91.00711113000006,
            33.93528633100004
          ],
          [
            91.00747406000005,
            33.937738686000046
          ],
          [
            91.00811843900004,
            33.94046455400007
          ],
          [
            91.00933937100007,
            33.94381340000007
          ],
          [
            91.01131218000006,
            33.94802429200007
          ],
          [
            91.01379493700006,
            33.95291698500006
          ],
          [
            91.01622161900008,
            33.958205414000076
          ],
          [
            91.01791778600006,
            33.963289909000025
          ],
          [
            91.01863502500004,
            33.967724686000054
          ],
          [
            91.01854064900004,
            33.97119941700004
          ],
          [
            91.01805488600007,
            33.97380313900004
          ],
          [
            91.01765853900008,
            33.97619110100004
          ],
          [
            91.01759414700007,
            33.97909557300005
          ],
          [
            91.01797836300005,
            33.98309421500005
          ],
          [
            91.01884956400005,
            33.98795959500006
          ],
          [
            91.02056991600006,
            33.99327182800005
          ],
          [
            91.02411499000004,
            33.998917961000075
          ],
          [
            91.02958152800005,
            34.004801788000066
          ],
          [
            91.03644210800007,
            34.01097332000006
          ],
          [
            91.04212860100006,
            34.01668727900005
          ],
          [
            91.04575286900007,
            34.02208564800003
          ],
          [
            91.04691825900005,
            34.02728103600003
          ],
          [
            91.04634758000003,
            34.03264019000005
          ],
          [
            91.04443618800008,
            34.03797496800007
          ],
          [
            91.04173156700006,
            34.043098145000044
          ],
          [
            91.03886589100006,
            34.047706032000065
          ],
          [
            91.03652778600008,
            34.05184715300004
          ],
          [
            91.03523216200006,
            34.055560608000064
          ],
          [
            91.03519516000006,
            34.05912826500003
          ],
          [
            91.03611213700003,
            34.062685814000076
          ],
          [
            91.03740173300008,
            34.06643657700005
          ],
          [
            91.03842300400004,
            34.07017261500005
          ],
          [
            91.03917167700007,
            34.07385044100005
          ],
          [
            91.04000923200005,
            34.077379532000066
          ],
          [
            91.04120620700007,
            34.08068267800007
          ],
          [
            91.04262168900004,
            34.08365970600005
          ],
          [
            91.04387504600004,
            34.08613319400007
          ],
          [
            91.04484916700005,
            34.08824802400005
          ],
          [
            91.04571907000008,
            34.09036735500007
          ],
          [
            91.04663528400005,
            34.092990685000075
          ],
          [
            91.04763755800008,
            34.09630722000003
          ],
          [
            91.04865745500007,
            34.10000652300005
          ],
          [
            91.05009254500004,
            34.10356735200003
          ],
          [
            91.05233352700003,
            34.106552048000026
          ],
          [
            91.05573860200008,
            34.10910617800005
          ],
          [
            91.05983741800009,
            34.111697426000035
          ],
          [
            91.06422775300007,
            34.11483509100003
          ],
          [
            91.06805717500004,
            34.11842845900003
          ],
          [
            91.07100219700004,
            34.122046623000074
          ],
          [
            91.07285308800004,
            34.125352554000074
          ],
          [
            91.07368866000007,
            34.128505096000026
          ],
          [
            91.07352127100006,
            34.13204120600005
          ],
          [
            91.07238510100007,
            34.13624717700003
          ],
          [
            91.07082008400005,
            34.141073799000026
          ],
          [
            91.06978546100004,
            34.14615200000003
          ],
          [
            91.07023788400005,
            34.15104648600004
          ],
          [
            91.07255630500003,
            34.15561058000003
          ],
          [
            91.07629760700007,
            34.16004993400003
          ],
          [
            91.08068496700008,
            34.16506862600005
          ],
          [
            91.08501503000008,
            34.171263733000046
          ],
          [
            91.08882431000006,
            34.17853824600007
          ],
          [
            91.09190353400004,
            34.18616706800003
          ],
          [
            91.09398429900006,
            34.19323391000006
          ],
          [
            91.09483490000008,
            34.199280472000055
          ],
          [
            91.09432113600008,
            34.20443157200003
          ],
          [
            91.09266334500006,
            34.20907692000003
          ],
          [
            91.09026313800007,
            34.21348259000007
          ],
          [
            91.08742660500008,
            34.21754707300005
          ],
          [
            91.08421997100004,
            34.22119541200004
          ],
          [
            91.08065544100003,
            34.224549065000076
          ],
          [
            91.07712410000005,
            34.22790889700008
          ],
          [
            91.07449134800004,
            34.23145916000004
          ],
          [
            91.07335609400008,
            34.23510078400005
          ],
          [
            91.07384452800005,
            34.238734589000046
          ],
          [
            91.07554657000009,
            34.242135277000045
          ],
          [
            91.07772689800004,
            34.245273895000025
          ],
          [
            91.07966720600007,
            34.24800048800006
          ],
          [
            91.08101738000005,
            34.250508995000075
          ],
          [
            91.08178672800005,
            34.253183327000045
          ],
          [
            91.08221908600007,
            34.25636596700008
          ],
          [
            91.08260879500006,
            34.26003688800006
          ],
          [
            91.08308715800007,
            34.263886909000064
          ],
          [
            91.08339332600008,
            34.26772728000003
          ],
          [
            91.08326576200005,
            34.27146938300007
          ],
          [
            91.08301956200006,
            34.275127068000074
          ],
          [
            91.08328186000006,
            34.278711319000024
          ],
          [
            91.08422843900007,
            34.28235069300007
          ],
          [
            91.08522575400008,
            34.28617672000007
          ],
          [
            91.08539054900007,
            34.290554428000064
          ],
          [
            91.08448028600009,
            34.295579185000065
          ],
          [
            91.08282882700007,
            34.30116279600003
          ],
          [
            91.08118911700006,
            34.306690941000056
          ],
          [
            91.08011947600005,
            34.31175808000006
          ],
          [
            91.07987075800008,
            34.31625076300003
          ],
          [
            91.08044761700006,
            34.32029750800007
          ],
          [
            91.08178833000005,
            34.323860893000074
          ],
          [
            91.08375465400007,
            34.32676944700006
          ],
          [
            91.08616653400009,
            34.32884353600008
          ],
          [
            91.08888641400006,
            34.330024147000074
          ],
          [
            91.09182853700008,
            34.330407524000066
          ],
          [
            91.09499137900008,
            34.33004188500007
          ],
          [
            91.09838508600006,
            34.32907432600007
          ],
          [
            91.10213333100006,
            34.32778865800003
          ],
          [
            91.10633941600008,
            34.32663707700004
          ],
          [
            91.11103225700003,
            34.32596969600007
          ],
          [
            91.11619751000006,
            34.32570190400003
          ],
          [
            91.12151359600006,
            34.32546909300004
          ],
          [
            91.12673484800007,
            34.32480670900003
          ],
          [
            91.13167579700007,
            34.32353542300007
          ],
          [
            91.13635444600004,
            34.32170562700003
          ],
          [
            91.14076835600008,
            34.319652519000044
          ],
          [
            91.14482559200007,
            34.31777549700007
          ],
          [
            91.14837905900004,
            34.316546249000055
          ],
          [
            91.15162735000007,
            34.31619636500005
          ],
          [
            91.15482650800004,
            34.316680603000066
          ],
          [
            91.15835830700007,
            34.31775337200003
          ],
          [
            91.16235534700007,
            34.31916122400003
          ],
          [
            91.16699791000008,
            34.320759888000055
          ],
          [
            91.17218895000008,
            34.322386513000026
          ],
          [
            91.17794815100007,
            34.32379974400004
          ],
          [
            91.18390487700003,
            34.32476505300008
          ],
          [
            91.19002197300006,
            34.32515949300006
          ],
          [
            91.19586936900004,
            34.32503482800007
          ],
          [
            91.20178703300007,
            34.32454113000006
          ],
          [
            91.20791374200007,
            34.32393196100003
          ],
          [
            91.21456428500005,
            34.32326362600003
          ],
          [
            91.22139541600006,
            34.32253292100006
          ],
          [
            91.22830055200006,
            34.321551971000076
          ],
          [
            91.23485107400006,
            34.320333824000045
          ],
          [
            91.24122505200006,
            34.31882366200006
          ],
          [
            91.24704681400004,
            34.317267075000075
          ],
          [
            91.25227256800008,
            34.31582832300006
          ],
          [
            91.25662849400004,
            34.314736786000026
          ],
          [
            91.26001297000005,
            34.31400863600004
          ],
          [
            91.26249588000007,
            34.31351802800003
          ],
          [
            91.26439231900008,
            34.31302787800007
          ],
          [
            91.26609878500005,
            34.31234527600003
          ],
          [
            91.26783180200005,
            34.31133407600004
          ],
          [
            91.26958976700007,
            34.30994602200008
          ],
          [
            91.27125289900005,
            34.30813995400007
          ],
          [
            91.27281143200008,
            34.30602638200003
          ],
          [
            91.27441192600008,
            34.303831253000055
          ],
          [
            91.27632499700007,
            34.30193382300007
          ],
          [
            91.27880004900004,
            34.30051601400004
          ],
          [
            91.28186714200007,
            34.299583702000064
          ],
          [
            91.28514686600005,
            34.29889366100008
          ],
          [
            91.28805099500005,
            34.29815326700003
          ],
          [
            91.29026741000007,
            34.297124901000075
          ],
          [
            91.29181175200006,
            34.29578739200008
          ],
          [
            91.29295089700008,
            34.294251175000056
          ],
          [
            91.29396217300007,
            34.29270416300005
          ],
          [
            91.29528694200008,
            34.29118148800006
          ],
          [
            91.29723266600007,
            34.289771614000074
          ],
          [
            91.30013839700007,
            34.28860870400007
          ],
          [
            91.30409027100006,
            34.28794300100003
          ],
          [
            91.30909545900005,
            34.28782474500008
          ],
          [
            91.31503196700004,
            34.288094063000074
          ],
          [
            91.32143951400008,
            34.288472977000026
          ],
          [
            91.32802780200007,
            34.28880809800006
          ],
          [
            91.33418663000003,
            34.289025078000066
          ],
          [
            91.33962753300005,
            34.289023170000064
          ],
          [
            91.34419883700008,
            34.28866863300004
          ],
          [
            91.34800460800005,
            34.28787181900003
          ],
          [
            91.35122383100008,
            34.28676868400004
          ],
          [
            91.35404495200004,
            34.28574916800005
          ],
          [
            91.35654113800007,
            34.28515564000003
          ],
          [
            91.35883781400008,
            34.285154533000025
          ],
          [
            91.36099182100008,
            34.28577423100006
          ],
          [
            91.36327446000007,
            34.287014885000076
          ],
          [
            91.36587074300007,
            34.28880550400004
          ],
          [
            91.36884544400004,
            34.290891991000024
          ],
          [
            91.37203033400004,
            34.29284217800006
          ],
          [
            91.37531013500006,
            34.29415149700003
          ],
          [
            91.37873970000004,
            34.29450645400004
          ],
          [
            91.38239250200007,
            34.29386642500003
          ],
          [
            91.38615654000006,
            34.292560310000056
          ],
          [
            91.38997177100003,
            34.29105537400005
          ],
          [
            91.39402824400008,
            34.289716301000055
          ],
          [
            91.39871757500003,
            34.28866573300007
          ],
          [
            91.40375999500009,
            34.287897186000066
          ],
          [
            91.40872810400003,
            34.287302246000024
          ],
          [
            91.41297020000007,
            34.28675575300008
          ],
          [
            91.41648689300007,
            34.28618232700006
          ],
          [
            91.41928649900007,
            34.28556587200006
          ],
          [
            91.42181816100003,
            34.28493831600008
          ],
          [
            91.42445953400005,
            34.28428749100004
          ],
          [
            91.42767814600006,
            34.283564186000035
          ],
          [
            91.43159950300009,
            34.28265453300003
          ],
          [
            91.43626251200004,
            34.28147235900008
          ],
          [
            91.44127151500004,
            34.27993404400007
          ],
          [
            91.44638458300005,
            34.27806446100004
          ],
          [
            91.45122207600008,
            34.27599548300003
          ],
          [
            91.45567436200008,
            34.273906631000045
          ],
          [
            91.45981033300006,
            34.27187889100003
          ],
          [
            91.46378761300008,
            34.27012371100005
          ],
          [
            91.46770629900004,
            34.268872757000054
          ],
          [
            91.47159713700006,
            34.26840774500005
          ],
          [
            91.47545051600008,
            34.26891250600005
          ],
          [
            91.47928466800005,
            34.27036357900005
          ],
          [
            91.48306823700005,
            34.27259403200003
          ],
          [
            91.48664772000006,
            34.27512790700007
          ],
          [
            91.49014495800003,
            34.277608490000034
          ],
          [
            91.49381782500006,
            34.27962028500008
          ],
          [
            91.49786804200005,
            34.28109184300007
          ],
          [
            91.50207771300006,
            34.28210693400007
          ],
          [
            91.50598846400004,
            34.28310924500005
          ],
          [
            91.50935836800005,
            34.284407921000025
          ],
          [
            91.51248336800006,
            34.28608024600004
          ],
          [
            91.51565017700005,
            34.28759777100004
          ],
          [
            91.51917480500003,
            34.28835971800004
          ],
          [
            91.52315300000004,
            34.28776199300006
          ],
          [
            91.52741851800005,
            34.28581817600008
          ],
          [
            91.53180381800007,
            34.28290947000005
          ],
          [
            91.53596077000003,
            34.27990131400003
          ],
          [
            91.53977554300008,
            34.27740707400005
          ],
          [
            91.54330574000005,
            34.27584068300007
          ],
          [
            91.54684570300003,
            34.27523792300008
          ],
          [
            91.55080513000007,
            34.27547309900007
          ],
          [
            91.55536262500004,
            34.276366806000055
          ],
          [
            91.56000389100006,
            34.27763908400004
          ],
          [
            91.56441268900005,
            34.27897728000005
          ],
          [
            91.56861267100004,
            34.280001793000054
          ],
          [
            91.57319297800007,
            34.28048996000007
          ],
          [
            91.57863975500004,
            34.28036640200003
          ],
          [
            91.58487846400004,
            34.27977584800004
          ],
          [
            91.59147819500004,
            34.27895965600004
          ],
          [
            91.59785751300006,
            34.27810588800003
          ],
          [
            91.60358230600008,
            34.27734092700007
          ],
          [
            91.60830886800005,
            34.27669487000003
          ],
          [
            91.61185211200007,
            34.276170731000036
          ],
          [
            91.61453765900006,
            34.275692863000074
          ],
          [
            91.61679496800008,
            34.27523342100005
          ],
          [
            91.61929367100004,
            34.27481315600005
          ],
          [
            91.62238266000008,
            34.274431725000056
          ],
          [
            91.62634574900005,
            34.274062843000024
          ],
          [
            91.63079963700005,
            34.27351493800006
          ],
          [
            91.63557022100008,
            34.27272625000006
          ],
          [
            91.64028923000006,
            34.27169319200004
          ],
          [
            91.64484214800007,
            34.27058910400007
          ],
          [
            91.64903450000008,
            34.26952465100004
          ],
          [
            91.65281921400003,
            34.26856060000006
          ],
          [
            91.65614440900004,
            34.26772598300005
          ],
          [
            91.65929573100004,
            34.26704536400007
          ],
          [
            91.66263137800007,
            34.266490746000045
          ],
          [
            91.66648094200008,
            34.26600467700007
          ],
          [
            91.67068481400008,
            34.26545818300008
          ],
          [
            91.67489830000005,
            34.264805641000066
          ],
          [
            91.67875778200005,
            34.26392856600006
          ],
          [
            91.68213325500005,
            34.26289497400006
          ],
          [
            91.68516777000008,
            34.26183185600007
          ],
          [
            91.68809219400003,
            34.26099437700003
          ],
          [
            91.69113647500006,
            34.26054378500004
          ],
          [
            91.69426147500008,
            34.26051544200004
          ],
          [
            91.69732704200004,
            34.260796509000045
          ],
          [
            91.70035804700007,
            34.26109912900006
          ],
          [
            91.70369651800007,
            34.26115654000006
          ],
          [
            91.70809379600007,
            34.26068092300005
          ],
          [
            91.71386970500004,
            34.25966102600006
          ],
          [
            91.72113510100007,
            34.25816227000007
          ],
          [
            91.72944931000006,
            34.25635986300006
          ],
          [
            91.73820701600005,
            34.254445419000035
          ],
          [
            91.74682785000005,
            34.25276844000007
          ],
          [
            91.75480987500003,
            34.25181884800003
          ],
          [
            91.76189514200007,
            34.25198513000004
          ],
          [
            91.76814018300007,
            34.253277283000045
          ],
          [
            91.77363624600008,
            34.25530910500004
          ],
          [
            91.77842857400003,
            34.25750087700004
          ],
          [
            91.78268951400008,
            34.259349823000036
          ],
          [
            91.78668121300007,
            34.26050186200007
          ],
          [
            91.79080360400008,
            34.26060329400008
          ],
          [
            91.79510101300008,
            34.25966632800004
          ],
          [
            91.79954635600006,
            34.257843094000066
          ],
          [
            91.80353477500006,
            34.25573219300003
          ],
          [
            91.80670532200008,
            34.25356220200007
          ],
          [
            91.80873329200006,
            34.25129238100004
          ],
          [
            91.80984695400008,
            34.248706894000065
          ],
          [
            91.81052688600005,
            34.24559448200006
          ],
          [
            91.81131866500004,
            34.242127571000026
          ],
          [
            91.81244888300006,
            34.23849033400006
          ],
          [
            91.81378410300005,
            34.234996643000045
          ],
          [
            91.81487663300004,
            34.231778603000066
          ],
          [
            91.81535308800005,
            34.22883331300005
          ],
          [
            91.81499496500004,
            34.22615989700006
          ],
          [
            91.81415374800008,
            34.223500595000075
          ],
          [
            91.81341377300004,
            34.22068901100005
          ],
          [
            91.81329101600005,
            34.217570419000026
          ],
          [
            91.81391212500006,
            34.214273949000074
          ],
          [
            91.81506752000007,
            34.21093456300002
          ],
          [
            91.81653587300008,
            34.20775348700005
          ],
          [
            91.81834053000006,
            34.204684334000035
          ],
          [
            91.82075141900003,
            34.201650124000025
          ],
          [
            91.82400375400005,
            34.19866004900007
          ],
          [
            91.82822174100005,
            34.19590763100007
          ],
          [
            91.83324943500008,
            34.193758125000045
          ],
          [
            91.83883903500003,
            34.19235641500006
          ],
          [
            91.84466407800005,
            34.191501122000034
          ],
          [
            91.85022682200008,
            34.19064872700005
          ],
          [
            91.85526992800004,
            34.18921447800005
          ],
          [
            91.85982215900003,
            34.18688743600006
          ],
          [
            91.86413513200006,
            34.18382328000007
          ],
          [
            91.86848053000006,
            34.18061561600007
          ],
          [
            91.87297645600006,
            34.17777549700003
          ],
          [
            91.87751640300007,
            34.175381927000046
          ],
          [
            91.88160232500007,
            34.173151131000054
          ],
          [
            91.88508033800008,
            34.170784225000034
          ],
          [
            91.88810379000006,
            34.16824913000005
          ],
          [
            91.89100593600006,
            34.16592399600006
          ],
          [
            91.89399612400007,
            34.16403949700003
          ],
          [
            91.89703590400006,
            34.162543793000054
          ],
          [
            91.89986534100007,
            34.161100273000045
          ],
          [
            91.90233207700004,
            34.15951110800006
          ],
          [
            91.90436264000004,
            34.15786136600008
          ],
          [
            91.90610649100006,
            34.156291389000046
          ],
          [
            91.90786193800005,
            34.15467998500003
          ],
          [
            91.91011611900007,
            34.15267478900006
          ],
          [
            91.91322914100004,
            34.149980278000044
          ],
          [
            91.91745025600005,
            34.14654953000007
          ],
          [
            91.92246788000006,
            34.14288803100004
          ],
          [
            91.92790878300008,
            34.13962463400003
          ],
          [
            91.93327156100008,
            34.13729347200007
          ],
          [
            91.93818573000004,
            34.13602287300006
          ],
          [
            91.94253738400005,
            34.13547847700005
          ],
          [
            91.94630081200006,
            34.135199776000036
          ],
          [
            91.94951805100004,
            34.13480171200007
          ],
          [
            91.95249221800003,
            34.13420425400005
          ],
          [
            91.95567703200004,
            34.13349449200007
          ],
          [
            91.95958198500006,
            34.132779121000056
          ],
          [
            91.96406959500007,
            34.13200920100007
          ],
          [
            91.96883697500004,
            34.130884018000074
          ],
          [
            91.97349479700006,
            34.12908905000006
          ],
          [
            91.97788749700004,
            34.126548729000035
          ],
          [
            91.98226036100004,
            34.123565445000054
          ],
          [
            91.98666381800007,
            34.12078990900005
          ],
          [
            91.99110275300006,
            34.11856674200004
          ],
          [
            91.99529060400005,
            34.11703327200007
          ],
          [
            91.99910858200008,
            34.116055145000075
          ],
          [
            92.00255943300004,
            34.11551483200003
          ],
          [
            92.00563873300007,
            34.11537143700008
          ],
          [
            92.00873657200003,
            34.11564754500006
          ],
          [
            92.01241539000006,
            34.11639274600003
          ],
          [
            92.01728874200006,
            34.11762695300007
          ],
          [
            92.02332344100006,
            34.11940399200006
          ],
          [
            92.02991798400006,
            34.12185463000003
          ],
          [
            92.03625129700004,
            34.12550472300006
          ],
          [
            92.04171058700007,
            34.13035476700003
          ],
          [
            92.04590026900007,
            34.13606796300007
          ],
          [
            92.04857849100006,
            34.141354904000025
          ],
          [
            92.05019805900008,
            34.14590988200007
          ],
          [
            92.05148300200005,
            34.14982803300006
          ],
          [
            92.05312843300004,
            34.15353534700006
          ],
          [
            92.05535461400007,
            34.157151260000035
          ],
          [
            92.05784286500005,
            34.16057514200003
          ],
          [
            92.06020370500005,
            34.16361045800005
          ],
          [
            92.06224807700005,
            34.166343460000064
          ],
          [
            92.06417343100009,
            34.16887821200004
          ],
          [
            92.06636436500008,
            34.17136531800003
          ],
          [
            92.06901283300004,
            34.17347274800005
          ],
          [
            92.07199241600006,
            34.17514259300003
          ],
          [
            92.07528595000008,
            34.17635276800007
          ],
          [
            92.07880661000007,
            34.17732162500005
          ],
          [
            92.08266166700008,
            34.17822467800005
          ],
          [
            92.08646446200004,
            34.17913597100005
          ],
          [
            92.09013282800004,
            34.18012485500003
          ],
          [
            92.09354202300005,
            34.18118835400003
          ],
          [
            92.09705062900008,
            34.18242565200006
          ],
          [
            92.10094535800005,
            34.18396080000008
          ],
          [
            92.10537475600006,
            34.185828171000026
          ],
          [
            92.10995468100003,
            34.18797065700005
          ],
          [
            92.11418975800007,
            34.19029132800006
          ],
          [
            92.11774208100007,
            34.19284462000007
          ],
          [
            92.12044990500004,
            34.19565895100004
          ],
          [
            92.12244834900008,
            34.19861290000006
          ],
          [
            92.12404014600008,
            34.20154964400007
          ],
          [
            92.12556762700007,
            34.20422176400007
          ],
          [
            92.12748382600006,
            34.20681270600005
          ],
          [
            92.13009109500007,
            34.20935440100004
          ],
          [
            92.13367317200004,
            34.21188129400008
          ],
          [
            92.13796836900008,
            34.21403644600008
          ],
          [
            92.14247680700004,
            34.21582168600003
          ],
          [
            92.14661026000005,
            34.217499504000045
          ],
          [
            92.15009971600006,
            34.21942039500004
          ],
          [
            92.15296707200008,
            34.22157699600007
          ],
          [
            92.15534591700003,
            34.22374660500003
          ],
          [
            92.15743827800009,
            34.22567974100008
          ],
          [
            92.15967239400004,
            34.22744297000003
          ],
          [
            92.16263107300006,
            34.22921512600004
          ],
          [
            92.16671585100005,
            34.23108642600005
          ],
          [
            92.17195640600005,
            34.23303066300008
          ],
          [
            92.17765205400008,
            34.23471443200003
          ],
          [
            92.18338470500004,
            34.23605239900007
          ],
          [
            92.18851661700006,
            34.23682632400005
          ],
          [
            92.19293541000008,
            34.23711772900003
          ],
          [
            92.19661888100006,
            34.236984825000036
          ],
          [
            92.19981369000004,
            34.23662216200006
          ],
          [
            92.20306884800004,
            34.23625534100006
          ],
          [
            92.20699958800003,
            34.236087112000064
          ],
          [
            92.21187431300007,
            34.23620014200003
          ],
          [
            92.21724632300004,
            34.236487503000035
          ],
          [
            92.22240089400003,
            34.23674713100007
          ],
          [
            92.22715721100008,
            34.23681739800003
          ],
          [
            92.23145713800005,
            34.236631241000055
          ],
          [
            92.23550041200008,
            34.23620792400004
          ],
          [
            92.23940811200004,
            34.23560768100003
          ],
          [
            92.24347625700005,
            34.23490112300004
          ],
          [
            92.24772552500008,
            34.234165344000075
          ],
          [
            92.25215927100004,
            34.233526726000036
          ],
          [
            92.25644409200004,
            34.23315204600004
          ],
          [
            92.26054657000003,
            34.23317527800003
          ],
          [
            92.26427070600005,
            34.23359256700007
          ],
          [
            92.26752395600005,
            34.23428020500006
          ],
          [
            92.27015174900004,
            34.23502544400003
          ],
          [
            92.27225364700007,
            34.23571609500004
          ],
          [
            92.27434783900009,
            34.23644176500005
          ],
          [
            92.27702301000005,
            34.237348213000075
          ],
          [
            92.28087081900009,
            34.23852893800006
          ],
          [
            92.28574035600008,
            34.23978099800007
          ],
          [
            92.29117218000005,
            34.240791168000044
          ],
          [
            92.29647827100007,
            34.24136665300006
          ],
          [
            92.30183441200006,
            34.24159347500006
          ],
          [
            92.30726875300007,
            34.24165424300003
          ],
          [
            92.31290336600006,
            34.241558876000056
          ],
          [
            92.31823349000007,
            34.24128753700006
          ],
          [
            92.32311843900004,
            34.24078533200003
          ],
          [
            92.32721786500008,
            34.24011169400006
          ],
          [
            92.33063316300007,
            34.23929084800005
          ],
          [
            92.33355110200006,
            34.238364639000054
          ],
          [
            92.33629692100004,
            34.23741195700006
          ],
          [
            92.33910415700007,
            34.23658786800007
          ],
          [
            92.34197608900007,
            34.23606700900007
          ],
          [
            92.34482627900007,
            34.23596012100006
          ],
          [
            92.34771728500004,
            34.236180458000035
          ],
          [
            92.35089035000004,
            34.236581573000024
          ],
          [
            92.35451835600009,
            34.23678367600007
          ],
          [
            92.35843505900004,
            34.236390190000066
          ],
          [
            92.36224739100004,
            34.23515754700003
          ],
          [
            92.36583396900005,
            34.23337657900004
          ],
          [
            92.36934715300004,
            34.231786423000074
          ],
          [
            92.37314903300006,
            34.23101989700007
          ],
          [
            92.37750991800004,
            34.23129562400004
          ],
          [
            92.38231445300005,
            34.23239902500006
          ],
          [
            92.38723075900003,
            34.23403823900003
          ],
          [
            92.39208381700007,
            34.23591106400005
          ],
          [
            92.39682350200007,
            34.23760822300005
          ],
          [
            92.40149017300007,
            34.238650894000045
          ],
          [
            92.40604400600006,
            34.23867755900005
          ],
          [
            92.41029922500007,
            34.23774272900005
          ],
          [
            92.41410354600004,
            34.23624450700004
          ],
          [
            92.41739425700007,
            34.23464660600007
          ],
          [
            92.42018013000006,
            34.233185425000045
          ],
          [
            92.42257240300006,
            34.23186859100008
          ],
          [
            92.42461181600004,
            34.23062130000005
          ],
          [
            92.42639610300006,
            34.22946994800003
          ],
          [
            92.42801948500005,
            34.22841579400006
          ],
          [
            92.42964996300003,
            34.22740016900008
          ],
          [
            92.43147026100007,
            34.22631588000007
          ],
          [
            92.43354469300004,
            34.22512191800007
          ],
          [
            92.43580436700006,
            34.223871307000024
          ],
          [
            92.43809318500007,
            34.22270504000005
          ],
          [
            92.44049926800005,
            34.22167011300007
          ],
          [
            92.44312828100004,
            34.22079265600007
          ],
          [
            92.44601448100008,
            34.220094147000054
          ],
          [
            92.44916488600006,
            34.21955383300008
          ],
          [
            92.45255981400004,
            34.21914272300006
          ],
          [
            92.45623664900006,
            34.21888961800005
          ],
          [
            92.46014556900008,
            34.21884681700004
          ],
          [
            92.46406753500008,
            34.21901714300003
          ],
          [
            92.46768005400008,
            34.21925338700004
          ],
          [
            92.47064033500004,
            34.21938118000003
          ],
          [
            92.47301071200008,
            34.219200897000064
          ],
          [
            92.47519767800009,
            34.21861099200004
          ],
          [
            92.47764427200008,
            34.21751613600003
          ],
          [
            92.48050170900007,
            34.215959206000036
          ],
          [
            92.48369537400004,
            34.21415855400005
          ],
          [
            92.48708999600007,
            34.21246082300007
          ],
          [
            92.49061111500004,
            34.21114662200006
          ],
          [
            92.49405296300006,
            34.21030593900008
          ],
          [
            92.49736396800006,
            34.20989479100007
          ],
          [
            92.50047599800007,
            34.20980968500004
          ],
          [
            92.50375442500007,
            34.210001297000076
          ],
          [
            92.50729766800004,
            34.21033973700003
          ],
          [
            92.51118087800006,
            34.21068004600005
          ],
          [
            92.51529373200003,
            34.21081459000004
          ],
          [
            92.51978073100008,
            34.21070632900006
          ],
          [
            92.52451278700005,
            34.21046554600008
          ],
          [
            92.52930313100006,
            34.21027538300007
          ],
          [
            92.53339088400008,
            34.21028888700005
          ],
          [
            92.53671440100004,
            34.21054931600003
          ],
          [
            92.53926437400008,
            34.211045494000075
          ],
          [
            92.54155410800007,
            34.21180320700006
          ],
          [
            92.54403022800005,
            34.21291008000003
          ],
          [
            92.54709259000003,
            34.214343185000075
          ],
          [
            92.55062820400008,
            34.215897522000034
          ],
          [
            92.55425483700003,
            34.21722835500003
          ],
          [
            92.55750518800005,
            34.21817054700006
          ],
          [
            92.56023254400009,
            34.21875877400004
          ],
          [
            92.56250831600005,
            34.21909610700004
          ],
          [
            92.56484657300007,
            34.21929798100007
          ],
          [
            92.56763565100005,
            34.21935329400003
          ],
          [
            92.57108688400007,
            34.21912372600008
          ],
          [
            92.57472740200006,
            34.218384628000024
          ],
          [
            92.57811584500007,
            34.216827660000035
          ],
          [
            92.58092086800008,
            34.21434509300008
          ],
          [
            92.58342079200008,
            34.211030350000044
          ],
          [
            92.58607299800008,
            34.20750801100007
          ],
          [
            92.58943206800006,
            34.20457805600006
          ],
          [
            92.59379425000003,
            34.202682381000045
          ],
          [
            92.59908210800006,
            34.20159633600008
          ],
          [
            92.60460281400003,
            34.20062805200007
          ],
          [
            92.60986259500004,
            34.19898223900003
          ],
          [
            92.61463073700008,
            34.19637329100004
          ],
          [
            92.61924278300006,
            34.19293632500006
          ],
          [
            92.62388290400008,
            34.189309921000074
          ],
          [
            92.62863449100007,
            34.18586765300006
          ],
          [
            92.63334777800009,
            34.18249527000006
          ],
          [
            92.63783355700008,
            34.17889198300003
          ],
          [
            92.64175659200004,
            34.174826508000024
          ],
          [
            92.64476371800004,
            34.170414848000064
          ],
          [
            92.64692749000005,
            34.16583110800008
          ],
          [
            92.64863769500005,
            34.16119445800007
          ],
          [
            92.65039520300007,
            34.15656761200006
          ],
          [
            92.65229133600008,
            34.151798248000034
          ],
          [
            92.65416091900005,
            34.146890144000054
          ],
          [
            92.65571075400004,
            34.14200290700006
          ],
          [
            92.65678283700004,
            34.137649536000026
          ],
          [
            92.65739219700004,
            34.134013062000065
          ],
          [
            92.65764213600005,
            34.131216202000076
          ],
          [
            92.65771759000006,
            34.12893981900004
          ],
          [
            92.65781860400006,
            34.12693801900008
          ],
          [
            92.65810958900005,
            34.124970665000035
          ],
          [
            92.65861709600006,
            34.12302570300005
          ],
          [
            92.65934692400003,
            34.12107048000007
          ],
          [
            92.66038398700005,
            34.119147644000066
          ],
          [
            92.66191093400005,
            34.11720672600006
          ],
          [
            92.66408966100005,
            34.11526519800003
          ],
          [
            92.66698654200007,
            34.11322437300004
          ],
          [
            92.67069557200006,
            34.11103500400003
          ],
          [
            92.67522552500009,
            34.10849659000007
          ],
          [
            92.68011375400005,
            34.10573368100006
          ],
          [
            92.68464431800004,
            34.102779045000034
          ],
          [
            92.68824218700007,
            34.09978450800003
          ],
          [
            92.69081504800005,
            34.09672843900006
          ],
          [
            92.69268531800003,
            34.09365181000004
          ],
          [
            92.69429374700007,
            34.09067905400008
          ],
          [
            92.69586364700007,
            34.08790969900008
          ],
          [
            92.69745857200007,
            34.08545635200005
          ],
          [
            92.69894493100009,
            34.08336505900007
          ],
          [
            92.70030715900003,
            34.081602211000074
          ],
          [
            92.70163620000005,
            34.080058708000024
          ],
          [
            92.70320076000007,
            34.07858924900006
          ],
          [
            92.70514083900008,
            34.07728736900003
          ],
          [
            92.70754829400005,
            34.07627361300007
          ],
          [
            92.71051414500005,
            34.075804291000054
          ],
          [
            92.71415771500006,
            34.075900459000025
          ],
          [
            92.71861640900005,
            34.076591568000026
          ],
          [
            92.72373672500004,
            34.07758670800007
          ],
          [
            92.72943481400006,
            34.07864555400005
          ],
          [
            92.73528244000005,
            34.07934269000003
          ],
          [
            92.74087554900007,
            34.07933700600006
          ],
          [
            92.74567359900004,
            34.078542748000075
          ],
          [
            92.74951347400008,
            34.07721881900005
          ],
          [
            92.75253089900008,
            34.07584735900008
          ],
          [
            92.75540924100005,
            34.074866867000026
          ],
          [
            92.75889953600006,
            34.07460086800006
          ],
          [
            92.76358062700007,
            34.07519741100003
          ],
          [
            92.76918800400006,
            34.07656318700003
          ],
          [
            92.77528976400004,
            34.07830532100007
          ],
          [
            92.78124694800005,
            34.080121803000054
          ],
          [
            92.78697113000004,
            34.08174900100005
          ],
          [
            92.79240028400005,
            34.08295978500007
          ],
          [
            92.79800903300008,
            34.08356166800007
          ],
          [
            92.80390998800004,
            34.08333961500006
          ],
          [
            92.81001373300006,
            34.08232421900004
          ],
          [
            92.81582603500004,
            34.08086494400004
          ],
          [
            92.82091896100007,
            34.07961605100007
          ],
          [
            92.82525482200003,
            34.07915981300005
          ],
          [
            92.82895881700006,
            34.07977630600004
          ],
          [
            92.83237594600007,
            34.08142536200006
          ],
          [
            92.83583374000006,
            34.083635826000034
          ],
          [
            92.84003791800006,
            34.086029739000026
          ],
          [
            92.84552169800008,
            34.08820327800004
          ],
          [
            92.85256027200006,
            34.09002849600006
          ],
          [
            92.86067848200008,
            34.09150005300006
          ],
          [
            92.86901771500004,
            34.09276317600006
          ],
          [
            92.87662658700003,
            34.093830910000065
          ],
          [
            92.88293991100005,
            34.094763718000024
          ],
          [
            92.88814918500003,
            34.09568267800006
          ],
          [
            92.89288696300008,
            34.09671760600003
          ],
          [
            92.89757438700008,
            34.09774734500007
          ],
          [
            92.90193443300006,
            34.09850460100006
          ],
          [
            92.90566268900005,
            34.09885887100006
          ],
          [
            92.90860763600006,
            34.098813171000074
          ],
          [
            92.91110275300008,
            34.09857963600007
          ],
          [
            92.91352447500003,
            34.098253517000046
          ],
          [
            92.91622085600005,
            34.09800201400003
          ],
          [
            92.91914367700008,
            34.09765037500006
          ],
          [
            92.92239555400005,
            34.09731937400005
          ],
          [
            92.92617431600007,
            34.097157707000065
          ],
          [
            92.93042274500004,
            34.097573357000044
          ],
          [
            92.93495727500004,
            34.098726387000056
          ],
          [
            92.93942024200004,
            34.10042591100006
          ],
          [
            92.94364280700006,
            34.102255325000044
          ],
          [
            92.94739234900004,
            34.103631592000056
          ],
          [
            92.95060890200006,
            34.104396973000064
          ],
          [
            92.95323318500004,
            34.10452358200007
          ],
          [
            92.95538215600004,
            34.10427745800007
          ],
          [
            92.95726738000008,
            34.103919716000064
          ],
          [
            92.95935585000007,
            34.103747826000074
          ],
          [
            92.96194679300004,
            34.10402576400003
          ],
          [
            92.96518859900004,
            34.10491924300004
          ],
          [
            92.96875145000007,
            34.10640861500008
          ],
          [
            92.97235618600007,
            34.10826496100003
          ],
          [
            92.97588256800003,
            34.110302696000076
          ],
          [
            92.97936645500005,
            34.11231006600008
          ],
          [
            92.98292030300007,
            34.11424236300007
          ],
          [
            92.98635185200004,
            34.115855675000034
          ],
          [
            92.98961341900008,
            34.117131081000025
          ],
          [
            92.99262085000004,
            34.118069916000024
          ],
          [
            92.99525528000004,
            34.11878387500008
          ],
          [
            92.99769340500006,
            34.119435234000036
          ],
          [
            93.00010902400004,
            34.12010486600008
          ],
          [
            93.00289642300004,
            34.12086116800003
          ],
          [
            93.00615333600007,
            34.12169826500008
          ],
          [
            93.00975730900007,
            34.122676468000066
          ],
          [
            93.01317993200007,
            34.12388740500006
          ],
          [
            93.01595611600004,
            34.125348587000076
          ],
          [
            93.01793556200005,
            34.12707447100007
          ],
          [
            93.01930213900005,
            34.12909084300003
          ],
          [
            93.02039909400008,
            34.13147380800007
          ],
          [
            93.02143676800006,
            34.13441726700006
          ],
          [
            93.02247848500008,
            34.13812294000007
          ],
          [
            93.02362045300004,
            34.14238273600006
          ],
          [
            93.02518333400008,
            34.146660233000034
          ],
          [
            93.02764404300007,
            34.15009639700003
          ],
          [
            93.03130737300006,
            34.15231849700007
          ],
          [
            93.03607025100007,
            34.15351238300008
          ],
          [
            93.04139823900005,
            34.15429615000005
          ],
          [
            93.04669143700005,
            34.15520332300002
          ],
          [
            93.05168449400009,
            34.15656997700006
          ],
          [
            93.05635292100004,
            34.15840381600003
          ],
          [
            93.06093574500005,
            34.160575867000034
          ],
          [
            93.06540153500003,
            34.16286480000008
          ],
          [
            93.06940155000007,
            34.165351067000074
          ],
          [
            93.07252273600005,
            34.16820705400005
          ],
          [
            93.07461982700005,
            34.17175804100003
          ],
          [
            93.07590156600008,
            34.17608532000003
          ],
          [
            93.07663505600004,
            34.18102939600004
          ],
          [
            93.07697380100007,
            34.18607845300005
          ],
          [
            93.07693466200004,
            34.190650825000034
          ],
          [
            93.07652977000004,
            34.19442668900007
          ],
          [
            93.07593566900005,
            34.19740165700006
          ],
          [
            93.07520408600004,
            34.20009750400004
          ],
          [
            93.07441162100008,
            34.20298866300004
          ],
          [
            93.07364212000004,
            34.20648311600007
          ],
          [
            93.07335525500008,
            34.210351219000074
          ],
          [
            93.07429725600008,
            34.21429027600004
          ],
          [
            93.07689231900008,
            34.21789028200004
          ],
          [
            93.08104103100004,
            34.22090042100007
          ],
          [
            93.08587348900005,
            34.22329315200005
          ],
          [
            93.09071037300004,
            34.22531852700007
          ],
          [
            93.09512649500004,
            34.22752819100003
          ],
          [
            93.09893798800005,
            34.23019348100007
          ],
          [
            93.10210006700004,
            34.23329528800008
          ],
          [
            93.10462730400008,
            34.23631214100004
          ],
          [
            93.10699111900004,
            34.23897033700007
          ],
          [
            93.10968040500006,
            34.24093368500007
          ],
          [
            93.11316330000005,
            34.24202461200008
          ],
          [
            93.11716323900004,
            34.24191425300006
          ],
          [
            93.12127349900004,
            34.24078388200007
          ],
          [
            93.12495140100003,
            34.23905700700004
          ],
          [
            93.12803649900007,
            34.23726150500005
          ],
          [
            93.13060501100006,
            34.23571163200006
          ],
          [
            93.13285087600008,
            34.234422874000074
          ],
          [
            93.13486511200006,
            34.23333637200005
          ],
          [
            93.13665313700005,
            34.23231174500006
          ],
          [
            93.13823936500006,
            34.23128833800007
          ],
          [
            93.13975334200006,
            34.230166893000046
          ],
          [
            93.14124023400007,
            34.22896160100004
          ],
          [
            93.14280471800004,
            34.22761539500004
          ],
          [
            93.14445388800004,
            34.22610500300004
          ],
          [
            93.14616279600006,
            34.22447254200006
          ],
          [
            93.14786644000009,
            34.222853851000025
          ],
          [
            93.14954132100007,
            34.22146366100003
          ],
          [
            93.15139106800007,
            34.22038353000005
          ],
          [
            93.15364067100006,
            34.219616089000056
          ],
          [
            93.15634323100005,
            34.21916801500004
          ],
          [
            93.15925979600007,
            34.21906509400003
          ],
          [
            93.16200676000005,
            34.219375343000024
          ],
          [
            93.16453117400005,
            34.22009429900004
          ],
          [
            93.16692062400006,
            34.221112480000045
          ],
          [
            93.16931747400008,
            34.22221050300004
          ],
          [
            93.17163284300005,
            34.223102684000025
          ],
          [
            93.17374580400008,
            34.22361003900005
          ],
          [
            93.17566734300004,
            34.22372558600006
          ],
          [
            93.17750503500008,
            34.22352977800006
          ],
          [
            93.17948509200005,
            34.223158417000036
          ],
          [
            93.18180809000006,
            34.222731743000054
          ],
          [
            93.18457489000008,
            34.222434158000056
          ],
          [
            93.18771865800005,
            34.222396927000034
          ],
          [
            93.19086647000006,
            34.22267894700008
          ],
          [
            93.19372871400003,
            34.22318161000004
          ],
          [
            93.19612266500008,
            34.22365947700007
          ],
          [
            93.19828338600007,
            34.22382492100007
          ],
          [
            93.20061950700006,
            34.22348918900008
          ],
          [
            93.20343750000006,
            34.22264232600003
          ],
          [
            93.20671783400007,
            34.22153331800007
          ],
          [
            93.21005241400007,
            34.22064746900003
          ],
          [
            93.21310623200009,
            34.220312576000026
          ],
          [
            93.21579750100005,
            34.220584908000035
          ],
          [
            93.21818405200008,
            34.22121845200007
          ],
          [
            93.22032943700003,
            34.22196666700006
          ],
          [
            93.22238685600007,
            34.22261730200006
          ],
          [
            93.22487045300005,
            34.22308853200008
          ],
          [
            93.22834037800004,
            34.22337585500003
          ],
          [
            93.23318519600008,
            34.223550224000064
          ],
          [
            93.23906768800003,
            34.223707809000075
          ],
          [
            93.24555244400005,
            34.22381252300005
          ],
          [
            93.25254013100005,
            34.22373233800005
          ],
          [
            93.25972366300005,
            34.22336311300006
          ],
          [
            93.26698738100004,
            34.222753983000075
          ],
          [
            93.27353599500003,
            34.22224243200003
          ],
          [
            93.27948310800008,
            34.22207679700006
          ],
          [
            93.28473915100005,
            34.222380447000035
          ],
          [
            93.28942665100004,
            34.222936935000064
          ],
          [
            93.29348869300009,
            34.22347747800006
          ],
          [
            93.29693420400008,
            34.22373321500004
          ],
          [
            93.29991546600007,
            34.22366340600007
          ],
          [
            93.30251350400005,
            34.223333969000066
          ],
          [
            93.30484092700004,
            34.22292163800006
          ],
          [
            93.30724838300006,
            34.22255661000003
          ],
          [
            93.31017654400006,
            34.222394714000075
          ],
          [
            93.31410354600007,
            34.22247600600008
          ],
          [
            93.31908226000007,
            34.22280994400006
          ],
          [
            93.32488639800005,
            34.22331653600003
          ],
          [
            93.33130516100005,
            34.223845711000024
          ],
          [
            93.33810813900004,
            34.22414947500005
          ],
          [
            93.34502731300006,
            34.22403446200008
          ],
          [
            93.35158042900008,
            34.22343360900004
          ],
          [
            93.35711380000004,
            34.222413216000064
          ],
          [
            93.36123710600003,
            34.221155243000055
          ],
          [
            93.36391387900005,
            34.21988224000006
          ],
          [
            93.36552291900006,
            34.21876823400004
          ],
          [
            93.36660453800005,
            34.21785320300006
          ],
          [
            93.36781791700008,
            34.21711177800006
          ],
          [
            93.36968597400005,
            34.21647254900006
          ],
          [
            93.37246460000006,
            34.21583953900006
          ],
          [
            93.37577903700009,
            34.215052910000054
          ],
          [
            93.37918106100005,
            34.21401649500007
          ],
          [
            93.38242927600004,
            34.21282405900007
          ],
          [
            93.38552703900007,
            34.21170871700008
          ],
          [
            93.38841011000005,
            34.210841446000074
          ],
          [
            93.39086746200007,
            34.21015502900008
          ],
          [
            93.39289390600004,
            34.20933940900005
          ],
          [
            93.39464401200007,
            34.20806678800005
          ],
          [
            93.39635528600007,
            34.20624675700003
          ],
          [
            93.39816879300008,
            34.20420414000006
          ],
          [
            93.40017311100007,
            34.202431259000036
          ],
          [
            93.40258934000008,
            34.201203804000045
          ],
          [
            93.40537948600007,
            34.20057411200003
          ],
          [
            93.40843353300005,
            34.200337715000046
          ],
          [
            93.41119644200006,
            34.20026981400002
          ],
          [
            93.41353775000005,
            34.20022411300005
          ],
          [
            93.41561668400004,
            34.20026729600005
          ],
          [
            93.41812851000003,
            34.200521851000076
          ],
          [
            93.42170623800007,
            34.20112873100004
          ],
          [
            93.42656303400008,
            34.202051392000044
          ],
          [
            93.43214263900006,
            34.20327198000007
          ],
          [
            93.43765037500003,
            34.20489517200008
          ],
          [
            93.44283348100004,
            34.20716594700008
          ],
          [
            93.44792869600008,
            34.21015903500006
          ],
          [
            93.45353591900005,
            34.21356868700008
          ],
          [
            93.45983451800004,
            34.216617851000024
          ],
          [
            93.46666267400008,
            34.21864952100003
          ],
          [
            93.47343261700007,
            34.21935810100007
          ],
          [
            93.47977417000004,
            34.21902801500005
          ],
          [
            93.48568862900004,
            34.21831153900007
          ],
          [
            93.49146461500004,
            34.217864761000044
          ],
          [
            93.49718734700008,
            34.21803104400004
          ],
          [
            93.50262275700004,
            34.218655167000065
          ],
          [
            93.50727294900008,
            34.21928066300006
          ],
          [
            93.51107353200007,
            34.21954258000005
          ],
          [
            93.51447036700006,
            34.21917594900003
          ],
          [
            93.51813049300006,
            34.218018990000076
          ],
          [
            93.52255668600009,
            34.215972099000055
          ],
          [
            93.52756164600004,
            34.21331893900003
          ],
          [
            93.53272811900007,
            34.21050010700003
          ],
          [
            93.53748260500004,
            34.20808013900006
          ],
          [
            93.54159927400008,
            34.206259689000035
          ],
          [
            93.54497695900005,
            34.20505912800007
          ],
          [
            93.54785110500006,
            34.20434894600004
          ],
          [
            93.55069946300006,
            34.20410835300004
          ],
          [
            93.55420974700007,
            34.204372025000055
          ],
          [
            93.55877868700009,
            34.205074539000066
          ],
          [
            93.56441833500008,
            34.205974121000054
          ],
          [
            93.57046417200007,
            34.20655727400003
          ],
          [
            93.57645546000003,
            34.206485443000076
          ],
          [
            93.58182922400005,
            34.205592575000026
          ],
          [
            93.58638916000007,
            34.20402252200006
          ],
          [
            93.59008628800007,
            34.20204860700005
          ],
          [
            93.59321769700006,
            34.199924431000056
          ],
          [
            93.59603477500008,
            34.19798862500005
          ],
          [
            93.59898330700008,
            34.196483803000035
          ],
          [
            93.60216423000008,
            34.19564422600007
          ],
          [
            93.60586120600004,
            34.19545280500006
          ],
          [
            93.60983840900008,
            34.19571743000006
          ],
          [
            93.61411827100005,
            34.19604000100003
          ],
          [
            93.61832176200005,
            34.196069298000054
          ],
          [
            93.62234283400005,
            34.195656281000026
          ],
          [
            93.62591056800005,
            34.19485641500006
          ],
          [
            93.62912429800008,
            34.193876801000044
          ],
          [
            93.63207397500008,
            34.19305572500008
          ],
          [
            93.63500343300007,
            34.19274074600003
          ],
          [
            93.63806572000004,
            34.193260689000056
          ],
          [
            93.64118965200004,
            34.19461662300006
          ],
          [
            93.64440689100007,
            34.196531486000026
          ],
          [
            93.64767387400008,
            34.19848781600007
          ],
          [
            93.65128738400006,
            34.200196609000045
          ],
          [
            93.65537780800008,
            34.20148651100004
          ],
          [
            93.66013740500006,
            34.20242958100005
          ],
          [
            93.66522323600003,
            34.20293766000003
          ],
          [
            93.66998909000006,
            34.203021050000075
          ],
          [
            93.67408721900006,
            34.20265129100005
          ],
          [
            93.67719947800003,
            34.20191154500003
          ],
          [
            93.67958236700008,
            34.20092590300004
          ],
          [
            93.68142250100004,
            34.19983554800007
          ],
          [
            93.68314178500003,
            34.19879875200007
          ],
          [
            93.68516738900007,
            34.19787487000008
          ],
          [
            93.68772789000008,
            34.19723289500007
          ],
          [
            93.69069160500004,
            34.19706218700003
          ],
          [
            93.69359230000003,
            34.197599411000056
          ],
          [
            93.69628578200007,
            34.19891323100006
          ],
          [
            93.69875846900004,
            34.20092174500007
          ],
          [
            93.70128913900004,
            34.20331604000006
          ],
          [
            93.70394645700009,
            34.20574821500003
          ],
          [
            93.70674446100008,
            34.20791183500006
          ],
          [
            93.70980056800005,
            34.20973979900003
          ],
          [
            93.71344436600003,
            34.211151047000044
          ],
          [
            93.71798301700005,
            34.21215724900003
          ],
          [
            93.72334144600006,
            34.212669525000024
          ],
          [
            93.72894790600009,
            34.212995911000064
          ],
          [
            93.73438079800007,
            34.213547935000065
          ],
          [
            93.73909027100007,
            34.21471565200005
          ],
          [
            93.74323051500005,
            34.21649227100005
          ],
          [
            93.74679939300006,
            34.21845741300007
          ],
          [
            93.75024505600004,
            34.22035430900007
          ],
          [
            93.75393447900007,
            34.221913681000046
          ],
          [
            93.75833007800009,
            34.22318168600003
          ],
          [
            93.76356147800004,
            34.22432945300005
          ],
          [
            93.76934867900007,
            34.22589569100006
          ],
          [
            93.77559814500006,
            34.22856678000005
          ],
          [
            93.78240119900005,
            34.23238452900006
          ],
          [
            93.79006347700005,
            34.236983414000065
          ],
          [
            93.79826362600005,
            34.24150920900007
          ],
          [
            93.80590675400003,
            34.245926514000075
          ],
          [
            93.81157722500006,
            34.25037319200004
          ],
          [
            93.81456230200007,
            34.255040207000036
          ],
          [
            93.81523223900007,
            34.259835243000055
          ],
          [
            93.81477493300008,
            34.264524994000055
          ],
          [
            93.81433837900005,
            34.26914485900005
          ],
          [
            93.81435073900008,
            34.27394390100005
          ],
          [
            93.81425590500004,
            34.27892242400003
          ],
          [
            93.81323135400004,
            34.283984489000034
          ],
          [
            93.81084953300007,
            34.28872703600007
          ],
          [
            93.80754371600005,
            34.29308879900003
          ],
          [
            93.80423454300006,
            34.29693824800006
          ],
          [
            93.80169464100004,
            34.300286217000064
          ],
          [
            93.80030006400006,
            34.303088341000034
          ],
          [
            93.80018493700004,
            34.30535686500008
          ],
          [
            93.80150955200008,
            34.30729129800005
          ],
          [
            93.80456069900004,
            34.308997841000064
          ],
          [
            93.80947799700004,
            34.31044963800008
          ],
          [
            93.81572029100005,
            34.31121395100007
          ],
          [
            93.82236167900004,
            34.31135147100008
          ],
          [
            93.82858146700005,
            34.31135185200003
          ],
          [
            93.83416717500006,
            34.31189571400006
          ],
          [
            93.83937744100007,
            34.313211899000066
          ],
          [
            93.84452644300006,
            34.314976158000036
          ],
          [
            93.84954139700005,
            34.31700328800002
          ],
          [
            93.85383155800008,
            34.319408226000064
          ],
          [
            93.85729393000008,
            34.32265068100003
          ],
          [
            93.86054985000004,
            34.32687931100003
          ],
          [
            93.86429519700005,
            34.33202285800007
          ],
          [
            93.86855110200008,
            34.33759784700004
          ],
          [
            93.87219444300007,
            34.34332714100003
          ],
          [
            93.87429176300003,
            34.34882629400005
          ],
          [
            93.87485565200006,
            34.354248505000044
          ],
          [
            93.87474601700006,
            34.35945087400006
          ],
          [
            93.87526580800005,
            34.36454162600006
          ],
          [
            93.87723365800008,
            34.36941215500008
          ],
          [
            93.88088157700008,
            34.37400360100003
          ],
          [
            93.88563453700004,
            34.37803653700007
          ],
          [
            93.89059532200008,
            34.381225510000036
          ],
          [
            93.89509239200004,
            34.383477554000024
          ],
          [
            93.89880821200006,
            34.38493587500005
          ],
          [
            93.90179420500004,
            34.38583721200007
          ],
          [
            93.90422370900006,
            34.38653862000007
          ],
          [
            93.90630081200004,
            34.38743755300004
          ],
          [
            93.90809249900008,
            34.388829765000025
          ],
          [
            93.90963714600008,
            34.39071373000007
          ],
          [
            93.91077285800009,
            34.392823563000036
          ],
          [
            93.91135383600005,
            34.394848747000026
          ],
          [
            93.91131271400008,
            34.39673030900008
          ],
          [
            93.91073608400006,
            34.39868026700003
          ],
          [
            93.90974296600007,
            34.40111587500007
          ],
          [
            93.90851348900009,
            34.40437126200004
          ],
          [
            93.90720314000004,
            34.40828979500003
          ],
          [
            93.90600074800005,
            34.41258026100007
          ],
          [
            93.90502525300008,
            34.416655655000056
          ],
          [
            93.90439926100004,
            34.42019344300007
          ],
          [
            93.90419250500008,
            34.423116684000036
          ],
          [
            93.90442031900005,
            34.42578765900004
          ],
          [
            93.90497421300006,
            34.42877872500003
          ],
          [
            93.90566299400007,
            34.43221168500003
          ],
          [
            93.90644577000006,
            34.435964203000026
          ],
          [
            93.90746452300004,
            34.439591103000055
          ],
          [
            93.90898307800006,
            34.44281364400007
          ],
          [
            93.91141586300006,
            34.44549125700007
          ],
          [
            93.91504478500008,
            34.44759910600004
          ],
          [
            93.91994056700008,
            34.44924167600004
          ],
          [
            93.92553138700004,
            34.45061035200007
          ],
          [
            93.93089309700008,
            34.45187202500006
          ],
          [
            93.93520774800004,
            34.45319107100005
          ],
          [
            93.93801071200005,
            34.45446758300005
          ],
          [
            93.93947189300007,
            34.45579006200006
          ],
          [
            93.94001922600006,
            34.45717788700006
          ],
          [
            93.94013732900004,
            34.45878086100004
          ],
          [
            93.94018165600005,
            34.46052272800006
          ],
          [
            93.94037910500003,
            34.462305756000035
          ],
          [
            93.94102439900007,
            34.464111786000046
          ],
          [
            93.94245155300007,
            34.46591167400004
          ],
          [
            93.94471763600006,
            34.46757167800007
          ],
          [
            93.94752761800004,
            34.468903160000025
          ],
          [
            93.95037956200008,
            34.469830399000045
          ],
          [
            93.95319397000009,
            34.47044200900007
          ],
          [
            93.95624557500008,
            34.47090454100004
          ],
          [
            93.95989555400007,
            34.471433372000035
          ],
          [
            93.96424812300006,
            34.472350121000034
          ],
          [
            93.96896446200003,
            34.47380588500005
          ],
          [
            93.97363967900009,
            34.47579887400008
          ],
          [
            93.97787162800006,
            34.477872009000066
          ],
          [
            93.98184448200004,
            34.479683685000055
          ],
          [
            93.98585098300003,
            34.48100662200005
          ],
          [
            93.99008392300004,
            34.481824646000064
          ],
          [
            93.99422798200004,
            34.48227195700008
          ],
          [
            93.99782493600009,
            34.48258621200006
          ],
          [
            94.00066619900008,
            34.48312454200004
          ],
          [
            94.00297935500004,
            34.48425762200003
          ],
          [
            94.00528640700009,
            34.48636734000007
          ],
          [
            94.00784263600008,
            34.48941154500005
          ],
          [
            94.01058036800003,
            34.493000832000064
          ],
          [
            94.01290634200006,
            34.49628067000003
          ],
          [
            94.01461074800005,
            34.49898086500008
          ],
          [
            94.01555610700007,
            34.50112838700005
          ],
          [
            94.01591232300007,
            34.50330135300004
          ],
          [
            94.01583107000005,
            34.50586025200005
          ],
          [
            94.01574150100004,
            34.509033241000054
          ],
          [
            94.01609695400003,
            34.51262664800004
          ],
          [
            94.01724144000008,
            34.516396866000036
          ],
          [
            94.01915214500008,
            34.52004634900004
          ],
          [
            94.02141639700005,
            34.52346771200007
          ],
          [
            94.02345443700005,
            34.526577873000065
          ],
          [
            94.02493095400007,
            34.52926372500008
          ],
          [
            94.02586074800007,
            34.53149723100006
          ],
          [
            94.02650299100009,
            34.533337250000045
          ],
          [
            94.02733009300005,
            34.53495937400004
          ],
          [
            94.02877159100007,
            34.53655704500005
          ],
          [
            94.03111892700008,
            34.53808708200006
          ],
          [
            94.03413696300004,
            34.53927784000007
          ],
          [
            94.03734848000005,
            34.539882927000065
          ],
          [
            94.04037078900006,
            34.53991542800003
          ],
          [
            94.04320167500003,
            34.53958698300005
          ],
          [
            94.04605644200007,
            34.539248085000054
          ],
          [
            94.04911338800008,
            34.53926502200005
          ],
          [
            94.05224838300006,
            34.54005477900006
          ],
          [
            94.05540840200007,
            34.541810455000075
          ],
          [
            94.05889015200006,
            34.544529572000044
          ],
          [
            94.06317512500004,
            34.54777805300006
          ],
          [
            94.06832382200008,
            34.55106391900006
          ],
          [
            94.07370361300008,
            34.55394847900004
          ],
          [
            94.07835929900006,
            34.556359634000046
          ],
          [
            94.08186119100009,
            34.55835201300005
          ],
          [
            94.08429237400009,
            34.560001717000034
          ],
          [
            94.08638862600009,
            34.561377563000065
          ],
          [
            94.08878501900006,
            34.56246315000004
          ],
          [
            94.09199127200009,
            34.56316333800004
          ],
          [
            94.09583145100004,
            34.563274765000074
          ],
          [
            94.10017204300004,
            34.562638664000076
          ],
          [
            94.10486694300005,
            34.56142959600004
          ],
          [
            94.10982383700008,
            34.560194359000036
          ],
          [
            94.11474037200009,
            34.559733048000055
          ],
          [
            94.11888389600006,
            34.560420570000076
          ],
          [
            94.12203231800004,
            34.56205596900003
          ],
          [
            94.12425758400008,
            34.56415771500008
          ],
          [
            94.12609077500008,
            34.56636535600006
          ],
          [
            94.12799537700005,
            34.56859962500005
          ],
          [
            94.13027343800007,
            34.570733681000036
          ],
          [
            94.13295578000003,
            34.572611961000064
          ],
          [
            94.13586883500005,
            34.57401039100006
          ],
          [
            94.13885719300004,
            34.57473407700007
          ],
          [
            94.14203529400004,
            34.57458641100004
          ],
          [
            94.14563072200008,
            34.573329124000054
          ],
          [
            94.14985961900004,
            34.570919685000035
          ],
          [
            94.15467071500007,
            34.56762992900008
          ],
          [
            94.15982711800007,
            34.56404579200006
          ],
          [
            94.16507255600004,
            34.56087101000003
          ],
          [
            94.17037139900003,
            34.558624001000055
          ],
          [
            94.17576408400004,
            34.557601318000025
          ],
          [
            94.18132743800004,
            34.55786384600003
          ],
          [
            94.18680786100003,
            34.559313545000066
          ],
          [
            94.19194847100005,
            34.56161151900005
          ],
          [
            94.19640701300006,
            34.56435150100003
          ],
          [
            94.19993759200008,
            34.56708587600008
          ],
          [
            94.20254234300006,
            34.56957317400003
          ],
          [
            94.20427978500004,
            34.57161968200006
          ],
          [
            94.20559379600007,
            34.573210793000044
          ],
          [
            94.20684738200003,
            34.574331131000065
          ],
          [
            94.20829727200004,
            34.57507427200005
          ],
          [
            94.20990409900008,
            34.57543979600007
          ],
          [
            94.21163017300006,
            34.575484962000075
          ],
          [
            94.21366653400008,
            34.57532680500003
          ],
          [
            94.21620811500009,
            34.575213089000044
          ],
          [
            94.21940948500009,
            34.57532684300003
          ],
          [
            94.22295799300008,
            34.575682983000036
          ],
          [
            94.22680488600008,
            34.57593250300005
          ],
          [
            94.23095207200004,
            34.575631790000045
          ],
          [
            94.23553009000005,
            34.57465984300006
          ],
          [
            94.24055191000008,
            34.573289413000055
          ],
          [
            94.24590103100007,
            34.572031898000034
          ],
          [
            94.25132843000006,
            34.57109912900006
          ],
          [
            94.25632301300004,
            34.57048358900005
          ],
          [
            94.26064735400007,
            34.570086479000054
          ],
          [
            94.26431983900005,
            34.570010300000035
          ],
          [
            94.26774017300005,
            34.57044502300005
          ],
          [
            94.27134574900003,
            34.57161266300005
          ],
          [
            94.27517929100009,
            34.573608017000026
          ],
          [
            94.27896476700005,
            34.57653636900005
          ],
          [
            94.28227264400005,
            34.58044433600003
          ],
          [
            94.28473564100005,
            34.58516601600007
          ],
          [
            94.28658416700006,
            34.590301743000055
          ],
          [
            94.28835640000005,
            34.59513320900004
          ],
          [
            94.29053680400006,
            34.59916549700006
          ],
          [
            94.29307838400007,
            34.60217338600006
          ],
          [
            94.29555320700007,
            34.604364014000055
          ],
          [
            94.29757682800005,
            34.60611919400003
          ],
          [
            94.29902000400006,
            34.60792327900003
          ],
          [
            94.29991004900006,
            34.61011524200006
          ],
          [
            94.30035270700006,
            34.61300716400007
          ],
          [
            94.30050598100007,
            34.61666988400003
          ],
          [
            94.30051834100004,
            34.62108188600007
          ],
          [
            94.30077247600008,
            34.626222115000076
          ],
          [
            94.30153991700007,
            34.63154354100004
          ],
          [
            94.30319129900005,
            34.63635952000004
          ],
          [
            94.30565925600007,
            34.63950119000003
          ],
          [
            94.30915298500008,
            34.64109424600008
          ],
          [
            94.31359771700005,
            34.64160629300005
          ],
          [
            94.31891738900003,
            34.64172386200005
          ],
          [
            94.32479042100005,
            34.641570244000036
          ],
          [
            94.33074424700004,
            34.641065292000064
          ],
          [
            94.33658119200004,
            34.640204735000054
          ],
          [
            94.34187812800008,
            34.63955894500003
          ],
          [
            94.34623359700004,
            34.63997047400005
          ],
          [
            94.34902442900005,
            34.64212554900007
          ],
          [
            94.34999420200006,
            34.646094437000045
          ],
          [
            94.34952903700008,
            34.65124923700006
          ],
          [
            94.34849006700006,
            34.65677516900007
          ],
          [
            94.34794372600004,
            34.66173225400007
          ],
          [
            94.34858001700007,
            34.665472488000034
          ],
          [
            94.35070221000007,
            34.66734394100007
          ],
          [
            94.35396995500008,
            34.66716815900003
          ],
          [
            94.35785644500004,
            34.665042534000065
          ],
          [
            94.36186195400006,
            34.66170894600003
          ],
          [
            94.36579124500008,
            34.65808731100003
          ],
          [
            94.36944900500004,
            34.65529262500007
          ],
          [
            94.37253364600008,
            34.65422943100003
          ],
          [
            94.37480423000005,
            34.65513935100006
          ],
          [
            94.37614769000004,
            34.657644348000076
          ],
          [
            94.37680191000004,
            34.66080184900005
          ],
          [
            94.37706054700004,
            34.66394908900003
          ],
          [
            94.37723495500006,
            34.666820106000046
          ],
          [
            94.37743797300004,
            34.66951484700007
          ],
          [
            94.37794120800004,
            34.67205249800003
          ],
          [
            94.37908546400007,
            34.67406402600005
          ],
          [
            94.38136367800007,
            34.67521709400006
          ],
          [
            94.38481018100003,
            34.67549335500007
          ],
          [
            94.38900672900007,
            34.67538280500003
          ],
          [
            94.39326263400005,
            34.675441437000075
          ],
          [
            94.39696159400006,
            34.67606800100003
          ],
          [
            94.39983520500004,
            34.67731033300004
          ],
          [
            94.40212669400006,
            34.679034767000076
          ],
          [
            94.40437721300003,
            34.68106922100003
          ],
          [
            94.40730819700008,
            34.68323753400006
          ],
          [
            94.41124511700008,
            34.685081635000074
          ],
          [
            94.41642150900003,
            34.68630020100005
          ],
          [
            94.42242561300009,
            34.68655075100003
          ],
          [
            94.42901428200008,
            34.68585968000008
          ],
          [
            94.43574081400004,
            34.68447002400006
          ],
          [
            94.44223228500005,
            34.683137970000075
          ],
          [
            94.44789932300006,
            34.68239616400007
          ],
          [
            94.45231926000008,
            34.682626724000045
          ],
          [
            94.45542640700006,
            34.68357349400003
          ],
          [
            94.45754905700005,
            34.68497879000006
          ],
          [
            94.45903144800008,
            34.68660690300004
          ],
          [
            94.46009971600006,
            34.68854538000005
          ],
          [
            94.46085510300009,
            34.69088134800006
          ],
          [
            94.46147193900003,
            34.69378509500007
          ],
          [
            94.46234817500005,
            34.69696090700006
          ],
          [
            94.46401657100006,
            34.70013107300008
          ],
          [
            94.46690185500006,
            34.70278934500004
          ],
          [
            94.47094947800008,
            34.70468566900007
          ],
          [
            94.47551521300005,
            34.70571472200004
          ],
          [
            94.47975120500007,
            34.70608249700007
          ],
          [
            94.48342392000006,
            34.706014519000064
          ],
          [
            94.48687240600003,
            34.705700302000025
          ],
          [
            94.49066528300006,
            34.70522121400006
          ],
          [
            94.49477966300003,
            34.70476001700007
          ],
          [
            94.49880706800008,
            34.70454883600007
          ],
          [
            94.50212112400004,
            34.704925385000024
          ],
          [
            94.50450408900008,
            34.70607074700007
          ],
          [
            94.50599441500003,
            34.70797874500005
          ],
          [
            94.50693878200008,
            34.71040859200008
          ],
          [
            94.50765953100006,
            34.713090935000025
          ],
          [
            94.50835617100006,
            34.71574440000006
          ],
          [
            94.50917655900008,
            34.718182487000036
          ],
          [
            94.51010337800005,
            34.72043163300003
          ],
          [
            94.51118644700006,
            34.72264316600007
          ],
          [
            94.51229568500008,
            34.72501884500008
          ],
          [
            94.51334457400009,
            34.727487144000065
          ],
          [
            94.51414375300004,
            34.73000701900003
          ],
          [
            94.51472595200005,
            34.73249630000004
          ],
          [
            94.51523765600007,
            34.73490490000006
          ],
          [
            94.51610847500007,
            34.73714080800005
          ],
          [
            94.51768821700006,
            34.73913173700004
          ],
          [
            94.52016891500006,
            34.74091819800003
          ],
          [
            94.52347793600006,
            34.74260082200004
          ],
          [
            94.52730949400006,
            34.74433773000004
          ],
          [
            94.53153106700006,
            34.746220589000075
          ],
          [
            94.53600570700007,
            34.74809959400005
          ],
          [
            94.54094169600006,
            34.74966289500003
          ],
          [
            94.54636283900004,
            34.75068145800003
          ],
          [
            94.55207618700007,
            34.75129062700006
          ],
          [
            94.55768661500008,
            34.75189559900008
          ],
          [
            94.56285286000008,
            34.752704391000066
          ],
          [
            94.56739326500008,
            34.753671455000074
          ],
          [
            94.57112564100004,
            34.75452358200005
          ],
          [
            94.57417152400006,
            34.75513069200008
          ],
          [
            94.57691360500007,
            34.75543388400007
          ],
          [
            94.57996284500007,
            34.755484581000076
          ],
          [
            94.58376380900006,
            34.75531505600003
          ],
          [
            94.58839279200004,
            34.75508434300008
          ],
          [
            94.59336341900007,
            34.754913902000055
          ],
          [
            94.59830001800003,
            34.754878235000035
          ],
          [
            94.60287406900005,
            34.75483570100005
          ],
          [
            94.60720199600007,
            34.754373360000045
          ],
          [
            94.61137626600004,
            34.75302692400004
          ],
          [
            94.61564117400007,
            34.750452919000054
          ],
          [
            94.61971550000004,
            34.74675594300004
          ],
          [
            94.62362777700008,
            34.74241939500007
          ],
          [
            94.62730758700008,
            34.738246727000046
          ],
          [
            94.63083725000007,
            34.73489288300004
          ],
          [
            94.63417022700008,
            34.732518768000034
          ],
          [
            94.63726539600003,
            34.73101390800008
          ],
          [
            94.64024734500003,
            34.73014438600006
          ],
          [
            94.64340614300005,
            34.729732246000026
          ],
          [
            94.64694259600003,
            34.72964077000006
          ],
          [
            94.65073562600008,
            34.72970623000003
          ],
          [
            94.65433280900004,
            34.729907913000034
          ],
          [
            94.65760307300008,
            34.730128517000026
          ],
          [
            94.66071929900005,
            34.73014991800005
          ],
          [
            94.66417068500004,
            34.729747162000024
          ],
          [
            94.66843887300007,
            34.728748016000054
          ],
          [
            94.67362510700008,
            34.72738384200005
          ],
          [
            94.67977569600004,
            34.72603805500006
          ],
          [
            94.68705696100005,
            34.72542610200003
          ],
          [
            94.69515609700005,
            34.725823898000044
          ],
          [
            94.70384300200004,
            34.72713535300005
          ],
          [
            94.71176857000006,
            34.72842403400006
          ],
          [
            94.71871452300007,
            34.72920246100006
          ],
          [
            94.72435180700006,
            34.72925113700006
          ],
          [
            94.72907600400004,
            34.728791046000026
          ],
          [
            94.73295837400008,
            34.72796131100006
          ],
          [
            94.73616172800007,
            34.72680664100005
          ],
          [
            94.73877319300004,
            34.72530418400004
          ],
          [
            94.74113014200003,
            34.72359680200003
          ],
          [
            94.74364578200004,
            34.721961288000045
          ],
          [
            94.74649070700008,
            34.72070350600006
          ],
          [
            94.74964050300008,
            34.71990520500003
          ],
          [
            94.75282615700007,
            34.71924495700006
          ],
          [
            94.75590202300003,
            34.71827552800005
          ],
          [
            94.75873565700005,
            34.71676033000006
          ],
          [
            94.76135589600005,
            34.714826698000024
          ],
          [
            94.76391616800004,
            34.712910194000074
          ],
          [
            94.76660842900009,
            34.711225967000075
          ],
          [
            94.76954040500004,
            34.709947243000045
          ],
          [
            94.77263397200005,
            34.70896785700006
          ],
          [
            94.77575431800005,
            34.70826488500006
          ],
          [
            94.77867424000004,
            34.70768474600004
          ],
          [
            94.78125679000004,
            34.707109108000054
          ],
          [
            94.78346511800004,
            34.706339684000056
          ],
          [
            94.78552078200005,
            34.70529804200004
          ],
          [
            94.78759674100007,
            34.70399044000004
          ],
          [
            94.79021690400003,
            34.70263237000006
          ],
          [
            94.79358642600005,
            34.70139534000003
          ],
          [
            94.79779861400004,
            34.70040493000005
          ],
          [
            94.80257965100009,
            34.69974163100005
          ],
          [
            94.80749160800008,
            34.69942314100007
          ],
          [
            94.81222274800007,
            34.69944786100007
          ],
          [
            94.81647438000005,
            34.699696922000044
          ],
          [
            94.82026611300006,
            34.700097809000056
          ],
          [
            94.82374145500006,
            34.70058441200007
          ],
          [
            94.82737121600007,
            34.701064072000065
          ],
          [
            94.83164680500005,
            34.70142005900004
          ],
          [
            94.83687294000003,
            34.70131332400007
          ],
          [
            94.84295806900008,
            34.70065033000003
          ],
          [
            94.84956771900005,
            34.69950180100005
          ],
          [
            94.85644393900009,
            34.69832962000004
          ],
          [
            94.86336097700007,
            34.69741729700007
          ],
          [
            94.87001556400008,
            34.69692314100007
          ],
          [
            94.87608238200005,
            34.696807137000064
          ],
          [
            94.88119583100007,
            34.697061348000034
          ],
          [
            94.88511550900006,
            34.69759330800008
          ],
          [
            94.88814018200009,
            34.698106461000066
          ],
          [
            94.89067001300003,
            34.698267059000045
          ],
          [
            94.89320716900005,
            34.69792167700007
          ],
          [
            94.89559997600009,
            34.69723712900003
          ],
          [
            94.89786331200008,
            34.69641250600006
          ],
          [
            94.90001731900009,
            34.69555530500003
          ],
          [
            94.90240135200008,
            34.69460601800006
          ],
          [
            94.90539085400007,
            34.693307495000056
          ],
          [
            94.90886344900008,
            34.69142349200007
          ],
          [
            94.91262100200004,
            34.68872077900005
          ],
          [
            94.91619377100005,
            34.68528228800005
          ],
          [
            94.91940712000007,
            34.68156620000008
          ],
          [
            94.92218368500005,
            34.678082466000035
          ],
          [
            94.92453598000009,
            34.675285606000045
          ],
          [
            94.92670257600008,
            34.67313312500005
          ],
          [
            94.92904228200007,
            34.67137599900008
          ],
          [
            94.93187355000003,
            34.669889183000066
          ],
          [
            94.93532508900006,
            34.668580399000064
          ],
          [
            94.93931129500004,
            34.66755752600005
          ],
          [
            94.94352920500006,
            34.66665062000004
          ],
          [
            94.94759513900004,
            34.66568733200006
          ],
          [
            94.95107833900005,
            34.66464054100004
          ],
          [
            94.95395111100004,
            34.663619804000064
          ],
          [
            94.95651413000007,
            34.66283420600007
          ],
          [
            94.95939865100007,
            34.662348328000064
          ],
          [
            94.96310775800004,
            34.662157516000036
          ],
          [
            94.96758819600007,
            34.66211994200006
          ],
          [
            94.97240524300008,
            34.66204784400003
          ],
          [
            94.97704277000008,
            34.661744232000046
          ],
          [
            94.98103805500006,
            34.66102069900006
          ],
          [
            94.98420913700005,
            34.65955352800006
          ],
          [
            94.98629501300007,
            34.65717731500007
          ],
          [
            94.98715354900008,
            34.65377807600004
          ],
          [
            94.98669235200003,
            34.649728966000055
          ],
          [
            94.98514717100005,
            34.64526580800003
          ],
          [
            94.98307937600003,
            34.64066818200007
          ],
          [
            94.98114524800008,
            34.636040268000045
          ],
          [
            94.97998313900007,
            34.631535721000034
          ],
          [
            94.98006683400007,
            34.627450371000066
          ],
          [
            94.98178520200008,
            34.62385494200004
          ],
          [
            94.98541168200006,
            34.62066535900004
          ],
          [
            94.99085563700004,
            34.61757843000004
          ],
          [
            94.99745018000004,
            34.61438438400006
          ],
          [
            95.00385635400005,
            34.61119331400005
          ],
          [
            95.00878082300005,
            34.607998276000046
          ],
          [
            95.01153022800008,
            34.604646873000036
          ],
          [
            95.01232460000006,
            34.60097549400007
          ],
          [
            95.01184173600006,
            34.596983643000044
          ],
          [
            95.01098045300006,
            34.59299194300007
          ],
          [
            95.01033027600005,
            34.58924835200003
          ],
          [
            95.01032722500008,
            34.58605072000006
          ],
          [
            95.01101654100006,
            34.58355285600004
          ],
          [
            95.01231559800004,
            34.58169036900006
          ],
          [
            95.01404716500008,
            34.580374146000054
          ],
          [
            95.01594093300008,
            34.57948577900004
          ],
          [
            95.01787918100007,
            34.57901569400008
          ],
          [
            95.01971191400008,
            34.57906875600003
          ],
          [
            95.02165817300005,
            34.57978015900005
          ],
          [
            95.02394432100004,
            34.581192474000034
          ],
          [
            95.02675979600008,
            34.582996483000045
          ],
          [
            95.03006218000007,
            34.58473194100003
          ],
          [
            95.03374496500004,
            34.58594306900005
          ],
          [
            95.03781326300003,
            34.58628204300004
          ],
          [
            95.04223114000007,
            34.58544078800003
          ],
          [
            95.04699852000005,
            34.58321186100005
          ],
          [
            95.05177841200003,
            34.57954956100008
          ],
          [
            95.05617736800008,
            34.57457683600006
          ],
          [
            95.05979042100006,
            34.56878063200003
          ],
          [
            95.06271781900006,
            34.562619820000066
          ],
          [
            95.06495842000004,
            34.55669921900005
          ],
          [
            95.06679443400009,
            34.55121017500005
          ],
          [
            95.06832550000007,
            34.54614723200007
          ],
          [
            95.06989555400008,
            34.54133071900003
          ],
          [
            95.07168357800003,
            34.53670929000003
          ],
          [
            95.07393234300008,
            34.53249691000008
          ],
          [
            95.07680839500006,
            34.52890247300007
          ],
          [
            95.08056205700007,
            34.52609584800007
          ],
          [
            95.08515770000008,
            34.52418952900007
          ],
          [
            95.09032859800004,
            34.523317871000074
          ],
          [
            95.09558204700005,
            34.52357273100006
          ],
          [
            95.10062171900006,
            34.52472927100007
          ],
          [
            95.10538368200008,
            34.526303444000064
          ],
          [
            95.10984321600006,
            34.527572441000075
          ],
          [
            95.11412315400008,
            34.52802352900005
          ],
          [
            95.11797050500007,
            34.52724098200002
          ],
          [
            95.12117797900004,
            34.52521347000004
          ],
          [
            95.12360054000004,
            34.52221336400004
          ],
          [
            95.12549400300009,
            34.51893238100007
          ],
          [
            95.12713127100005,
            34.51615535700006
          ],
          [
            95.12876853900008,
            34.51429565400008
          ],
          [
            95.13058898900005,
            34.51335002900004
          ],
          [
            95.13276092500007,
            34.513069839000025
          ],
          [
            95.13528724700006,
            34.51319274900004
          ],
          [
            95.13794570900006,
            34.51340927100006
          ],
          [
            95.14040008500007,
            34.51351532000007
          ],
          [
            95.14255462600005,
            34.513348274000066
          ],
          [
            95.14455947900007,
            34.51264019000007
          ],
          [
            95.14672721900007,
            34.511065331000054
          ],
          [
            95.14933609000008,
            34.50828876500003
          ],
          [
            95.15249107400007,
            34.50447662400006
          ],
          [
            95.15631660500009,
            34.500033417000054
          ],
          [
            95.16085174600005,
            34.495687866000026
          ],
          [
            95.16608787500007,
            34.49207511900005
          ],
          [
            95.17163909900006,
            34.48984466600007
          ],
          [
            95.17721191400005,
            34.48940631900007
          ],
          [
            95.18256759600007,
            34.49073001900007
          ],
          [
            95.18787109400006,
            34.49327991500007
          ],
          [
            95.19317153900005,
            34.49612911200006
          ],
          [
            95.19847694400005,
            34.498458252000034
          ],
          [
            95.20355133100009,
            34.499664307000046
          ],
          [
            95.20820373500004,
            34.49965660100003
          ],
          [
            95.21220443700008,
            34.49857711800007
          ],
          [
            95.21546447800006,
            34.49679687500003
          ],
          [
            95.21786964400007,
            34.49474536900004
          ],
          [
            95.21951271100005,
            34.49274162300003
          ],
          [
            95.22058883700004,
            34.490971985000044
          ],
          [
            95.22153602600008,
            34.48919120800008
          ],
          [
            95.22289558400007,
            34.48703052500008
          ],
          [
            95.22519424400008,
            34.48396820100004
          ],
          [
            95.22871482900007,
            34.47993957500006
          ],
          [
            95.23342636100006,
            34.47527294200006
          ],
          [
            95.23910255400006,
            34.47062686900006
          ],
          [
            95.24522842400006,
            34.466688576000024
          ],
          [
            95.25122985800004,
            34.463798790000055
          ],
          [
            95.25662643400005,
            34.46205867800006
          ],
          [
            95.26119567900008,
            34.46142341600006
          ],
          [
            95.26501289400005,
            34.46200145700004
          ],
          [
            95.26824745200008,
            34.463856468000074
          ],
          [
            95.27120445300005,
            34.46685398100004
          ],
          [
            95.27409072900008,
            34.47040046700005
          ],
          [
            95.27720649700007,
            34.47369270300004
          ],
          [
            95.28064010600008,
            34.47599193600007
          ],
          [
            95.28455360400005,
            34.476812668000036
          ],
          [
            95.28886344900008,
            34.47602577200007
          ],
          [
            95.29326385500008,
            34.473660316000064
          ],
          [
            95.29727653500004,
            34.469904823000036
          ],
          [
            95.30060127300004,
            34.465294189000076
          ],
          [
            95.30340026900006,
            34.46057590500004
          ],
          [
            95.30612167400005,
            34.456800232000035
          ],
          [
            95.30905105600004,
            34.454721031000076
          ],
          [
            95.31212867700003,
            34.45468437200003
          ],
          [
            95.31469383200005,
            34.456385918000024
          ],
          [
            95.31619491600009,
            34.45930332200004
          ],
          [
            95.31621002200006,
            34.462676239000075
          ],
          [
            95.31496498100006,
            34.466149216000076
          ],
          [
            95.31301261900006,
            34.46966499300004
          ],
          [
            95.31130569500004,
            34.47336231200006
          ],
          [
            95.31070381200004,
            34.477161446000025
          ],
          [
            95.31176025400003,
            34.48077789300004
          ],
          [
            95.31451263400004,
            34.48373085000003
          ],
          [
            95.31864456200003,
            34.485652618000074
          ],
          [
            95.32354866000009,
            34.486474342000065
          ],
          [
            95.32865982100003,
            34.48647243500005
          ],
          [
            95.33365303000005,
            34.48604686700003
          ],
          [
            95.33835159300008,
            34.48541523000006
          ],
          [
            95.34261016800008,
            34.48461109200008
          ],
          [
            95.34622688300004,
            34.483611679000035
          ],
          [
            95.34920036300008,
            34.482361679000064
          ],
          [
            95.35146598800009,
            34.48074745200006
          ],
          [
            95.35313591000005,
            34.47850978900004
          ],
          [
            95.35402496300009,
            34.47559963200007
          ],
          [
            95.35422020000004,
            34.47219146700007
          ],
          [
            95.35402465800007,
            34.46846565200008
          ],
          [
            95.35399574300004,
            34.46444965400008
          ],
          [
            95.35470527600006,
            34.46011047400003
          ],
          [
            95.35647125200006,
            34.455760689000044
          ],
          [
            95.35928421000006,
            34.451876793000054
          ],
          [
            95.36268615700004,
            34.449120064000056
          ],
          [
            95.36631805400003,
            34.44761276200006
          ],
          [
            95.36994606000007,
            34.447023468000054
          ],
          [
            95.37394180300004,
            34.44678314200007
          ],
          [
            95.37856575000006,
            34.44649665800006
          ],
          [
            95.38371612500003,
            34.44600444800005
          ],
          [
            95.38880508400007,
            34.44521423300006
          ],
          [
            95.39318061800003,
            34.44402179700006
          ],
          [
            95.39640663100005,
            34.44225917800003
          ],
          [
            95.39832855200007,
            34.439838638000026
          ],
          [
            95.39929580700004,
            34.43669364900006
          ],
          [
            95.40003746000008,
            34.43301635700004
          ],
          [
            95.40154640200006,
            34.42893322000003
          ],
          [
            95.40439003000006,
            34.424724350000076
          ],
          [
            95.40844032300004,
            34.42027992200008
          ],
          [
            95.41291877700007,
            34.41552097300007
          ],
          [
            95.41748008700006,
            34.410269165000045
          ],
          [
            95.42226432800004,
            34.404748459000075
          ],
          [
            95.42779090900007,
            34.399296494000055
          ],
          [
            95.43419693000004,
            34.39431972500006
          ],
          [
            95.44127410900006,
            34.389804878000064
          ],
          [
            95.44794364900008,
            34.38571838400003
          ],
          [
            95.45333770800005,
            34.38166935000004
          ],
          [
            95.45709892300005,
            34.377660408000054
          ],
          [
            95.45992767300004,
            34.37383949300005
          ],
          [
            95.46273399400008,
            34.37079952200003
          ],
          [
            95.46646514900004,
            34.368404388000044
          ],
          [
            95.47156295800005,
            34.366140175000055
          ],
          [
            95.47811904900004,
            34.36326095600003
          ],
          [
            95.48589721700006,
            34.35956413300005
          ],
          [
            95.49430442800008,
            34.35558151200007
          ],
          [
            95.50277809100004,
            34.35196468400005
          ],
          [
            95.51072128300007,
            34.34909427600007
          ],
          [
            95.51785514800008,
            34.34667831400003
          ],
          [
            95.52400375400003,
            34.34415241200003
          ],
          [
            95.52922653200005,
            34.34117004400008
          ],
          [
            95.53384017900004,
            34.337910728000054
          ],
          [
            95.53841308600005,
            34.33492263800008
          ],
          [
            95.54319648700005,
            34.33262134600005
          ],
          [
            95.54818138100006,
            34.33073802900003
          ],
          [
            95.55316169700006,
            34.32855327600004
          ],
          [
            95.55806335400007,
            34.32542728400006
          ],
          [
            95.56293319700006,
            34.32109314000007
          ],
          [
            95.56740608200005,
            34.316136398000026
          ],
          [
            95.57084068300009,
            34.31109214800006
          ],
          [
            95.57274124100007,
            34.30661541000006
          ],
          [
            95.57328887900007,
            34.302746048000074
          ],
          [
            95.57290489200005,
            34.29926353500008
          ],
          [
            95.57194984400007,
            34.295711708000056
          ],
          [
            95.57055572500008,
            34.29179035200008
          ],
          [
            95.56885238600006,
            34.28758602100004
          ],
          [
            95.56701461800009,
            34.283300018000034
          ],
          [
            95.56552200300007,
            34.27906459800005
          ],
          [
            95.56497688300004,
            34.27486255600007
          ],
          [
            95.56615036000005,
            34.27060871100008
          ],
          [
            95.56938324000004,
            34.26628025100007
          ],
          [
            95.57420738200005,
            34.26187702200008
          ],
          [
            95.57933418300007,
            34.25755409200008
          ],
          [
            95.58329170200005,
            34.253450394000026
          ],
          [
            95.58531806900004,
            34.24959343000006
          ],
          [
            95.58514335600006,
            34.24596481300006
          ],
          [
            95.58300621000006,
            34.242630424000026
          ],
          [
            95.57934371900006,
            34.23952045400006
          ],
          [
            95.57514709500003,
            34.23653686500006
          ],
          [
            95.57161811800006,
            34.23342857400007
          ],
          [
            95.56991676300004,
            34.23016525300005
          ],
          [
            95.57093811000004,
            34.22692077600004
          ],
          [
            95.57511955300004,
            34.224243889000036
          ],
          [
            95.58231529200003,
            34.22258968400007
          ],
          [
            95.59175224300009,
            34.22217422500006
          ],
          [
            95.60217826800005,
            34.22272483800003
          ],
          [
            95.61237640400003,
            34.22374362900007
          ],
          [
            95.62149475100006,
            34.22456447600007
          ],
          [
            95.62881881700008,
            34.22458416000006
          ],
          [
            95.63450683600007,
            34.223425407000036
          ],
          [
            95.63858245900008,
            34.22116939500006
          ],
          [
            95.64169372600009,
            34.21832950600003
          ],
          [
            95.64438163800008,
            34.21571517900003
          ],
          [
            95.64716621400004,
            34.21389785800005
          ],
          [
            95.65030265800004,
            34.212912636000055
          ],
          [
            95.65387352000005,
            34.21246254000005
          ],
          [
            95.65799949600006,
            34.212031670000044
          ],
          [
            95.66278511000007,
            34.211298370000065
          ],
          [
            95.66803131100005,
            34.20995025600007
          ],
          [
            95.67311065700005,
            34.20802566500004
          ],
          [
            95.67761856100003,
            34.20554462400003
          ],
          [
            95.68113388100005,
            34.202878990000045
          ],
          [
            95.68381279000005,
            34.20022712700006
          ],
          [
            95.68581245400009,
            34.19790977500003
          ],
          [
            95.68741729700008,
            34.19575374600004
          ],
          [
            95.68874946600005,
            34.193647232000046
          ],
          [
            95.68979049700005,
            34.191525726000066
          ],
          [
            95.69058395400003,
            34.18968246500003
          ],
          [
            95.69124527000008,
            34.188236618000076
          ],
          [
            95.69196769700005,
            34.18706756600005
          ],
          [
            95.69283683800006,
            34.185809402000075
          ],
          [
            95.69383392300006,
            34.18408580800008
          ],
          [
            95.69481529200004,
            34.18167530100004
          ],
          [
            95.69562561000004,
            34.17869823500007
          ],
          [
            95.69615211500007,
            34.175638046000074
          ],
          [
            95.69638191200005,
            34.17286903400003
          ],
          [
            95.69636261000005,
            34.17074310300006
          ],
          [
            95.69630073500008,
            34.16902923600003
          ],
          [
            95.69630905200006,
            34.16735847500007
          ],
          [
            95.69642272900006,
            34.16534431500003
          ],
          [
            95.69640159600004,
            34.16298137700005
          ],
          [
            95.69597427400004,
            34.160428581000076
          ],
          [
            95.69506347700008,
            34.157774010000026
          ],
          [
            95.69383003200005,
            34.15497295400007
          ],
          [
            95.69268211400004,
            34.15204044300003
          ],
          [
            95.69191749600009,
            34.14912860900006
          ],
          [
            95.69170799300008,
            34.14639228800007
          ],
          [
            95.69194084200007,
            34.14396717100004
          ],
          [
            95.69254035900008,
            34.141775360000054
          ],
          [
            95.69343299900004,
            34.139706268000054
          ],
          [
            95.69471939100004,
            34.137585640000054
          ],
          [
            95.69649116500005,
            34.135235100000045
          ],
          [
            95.69877220200004,
            34.13257713300004
          ],
          [
            95.70147262600005,
            34.12963134800003
          ],
          [
            95.70447525000009,
            34.12663246200003
          ],
          [
            95.70774940500007,
            34.123545799000055
          ],
          [
            95.71123634300005,
            34.12039321900005
          ],
          [
            95.71488433800005,
            34.117217064000045
          ],
          [
            95.71862426800004,
            34.114175644000056
          ],
          [
            95.72227104200005,
            34.11143188500006
          ],
          [
            95.72557418800005,
            34.10908863100008
          ],
          [
            95.72832428000004,
            34.10721839900003
          ],
          [
            95.73054519700008,
            34.10580814400004
          ],
          [
            95.73256942700004,
            34.10473884600003
          ],
          [
            95.73478355400005,
            34.10378891000005
          ],
          [
            95.73773582500007,
            34.102621346000035
          ],
          [
            95.74143760700008,
            34.10105346700004
          ],
          [
            95.74563636800008,
            34.098852425000075
          ],
          [
            95.74937385600003,
            34.09606288900005
          ],
          [
            95.75213119500006,
            34.09269367200005
          ],
          [
            95.75360710100006,
            34.08924419400006
          ],
          [
            95.75448349000004,
            34.08608215300006
          ],
          [
            95.75545249900006,
            34.08356308000003
          ],
          [
            95.75727020300008,
            34.081702919000065
          ],
          [
            95.76013099700003,
            34.08051033000004
          ],
          [
            95.76386062600005,
            34.07973381000005
          ],
          [
            95.76796585100004,
            34.07907905600007
          ],
          [
            95.77198074300009,
            34.07808933300004
          ],
          [
            95.77573654200006,
            34.07633102400007
          ],
          [
            95.77885856600005,
            34.07347282400008
          ],
          [
            95.78133857700004,
            34.06958198500007
          ],
          [
            95.78337013200007,
            34.065127258000075
          ],
          [
            95.78550247200008,
            34.06112854000003
          ],
          [
            95.78807571400006,
            34.05842327100004
          ],
          [
            95.79109489400008,
            34.05759773300008
          ],
          [
            95.79437225300006,
            34.05849784900005
          ],
          [
            95.79782630900007,
            34.06052116400008
          ],
          [
            95.80150459300006,
            34.06264095300003
          ],
          [
            95.80539169300005,
            34.06411953000003
          ],
          [
            95.80925270100005,
            34.064681320000034
          ],
          [
            95.81263923600005,
            34.06444721200006
          ],
          [
            95.81527145400008,
            34.06369800600004
          ],
          [
            95.81712501500004,
            34.06257167800004
          ],
          [
            95.81860778800007,
            34.06119010900005
          ],
          [
            95.82004921000004,
            34.059526024000036
          ],
          [
            95.82190742500006,
            34.057748985000046
          ],
          [
            95.82397743200005,
            34.055802536000044
          ],
          [
            95.82611503600003,
            34.05386348700006
          ],
          [
            95.82797615000004,
            34.051998825000055
          ],
          [
            95.82946197500007,
            34.05020538300005
          ],
          [
            95.83045143100009,
            34.04830783800003
          ],
          [
            95.83086891200008,
            34.04619987500007
          ],
          [
            95.83064941400005,
            34.04385784100003
          ],
          [
            95.82987327600006,
            34.04147235900007
          ],
          [
            95.82863258400005,
            34.03904659300008
          ],
          [
            95.82720146200006,
            34.03662544200006
          ],
          [
            95.82588966400004,
            34.034115944000064
          ],
          [
            95.82504806500003,
            34.03154727900005
          ],
          [
            95.82477424600006,
            34.02901252700008
          ],
          [
            95.82499946600007,
            34.026746407000076
          ],
          [
            95.82558486900007,
            34.025084038000045
          ],
          [
            95.82671752900006,
            34.023962822000044
          ],
          [
            95.82871063200008,
            34.02314674400003
          ],
          [
            95.83183563200004,
            34.02224182100008
          ],
          [
            95.83574249300005,
            34.02093864400007
          ],
          [
            95.83973808300004,
            34.01908012400003
          ],
          [
            95.84307609600006,
            34.016560593000065
          ],
          [
            95.84531509400006,
            34.01329681400006
          ],
          [
            95.84672172500007,
            34.009313889000055
          ],
          [
            95.84797447200003,
            34.004781227000024
          ],
          [
            95.84995262100006,
            33.99999412500006
          ],
          [
            95.85300537100005,
            33.994937820000075
          ],
          [
            95.85690925600005,
            33.98949279800007
          ],
          [
            95.86093322800008,
            33.98353649100005
          ],
          [
            95.86420219400009,
            33.977378464000026
          ],
          [
            95.86627655000007,
            33.971202507000044
          ],
          [
            95.86719871500009,
            33.96526855500008
          ],
          [
            95.86743316700006,
            33.959832954000035
          ],
          [
            95.86746475200005,
            33.95527523000004
          ],
          [
            95.86763542200003,
            33.95181095100003
          ],
          [
            95.86806655900006,
            33.94940269500006
          ],
          [
            95.86891143800005,
            33.94776958500006
          ],
          [
            95.87040969900005,
            33.946781197000064
          ],
          [
            95.87296966600007,
            33.94649971000007
          ],
          [
            95.87665664700006,
            33.946966743000075
          ],
          [
            95.88128997800004,
            33.94801193200004
          ],
          [
            95.88631218000006,
            33.949016647000064
          ],
          [
            95.89117805500007,
            33.94935688000004
          ],
          [
            95.89522407500004,
            33.948494339000035
          ],
          [
            95.89777801500009,
            33.94617195100005
          ],
          [
            95.89838310200008,
            33.94224540700003
          ],
          [
            95.89721496600004,
            33.936950188000026
          ],
          [
            95.89528205900007,
            33.93084659600004
          ],
          [
            95.89381919900006,
            33.92502670300007
          ],
          [
            95.89387687700008,
            33.92009655000004
          ],
          [
            95.89584014900004,
            33.916538391000074
          ],
          [
            95.89960250900003,
            33.91418159500006
          ],
          [
            95.90439468400007,
            33.912885208000034
          ],
          [
            95.90932502700008,
            33.91221267700007
          ],
          [
            95.91352943400005,
            33.911877480000044
          ],
          [
            95.91680824300005,
            33.91152439100006
          ],
          [
            95.91923797600003,
            33.910927696000044
          ],
          [
            95.92123527500007,
            33.909727936000024
          ],
          [
            95.92272430400004,
            33.90763496400007
          ],
          [
            95.92361000100004,
            33.90454685200007
          ],
          [
            95.92371048000007,
            33.90085655200005
          ],
          [
            95.92337791400007,
            33.89716136900006
          ],
          [
            95.92316017200005,
            33.89406173700007
          ],
          [
            95.92377243000004,
            33.89178916900005
          ],
          [
            95.92555015600004,
            33.89021194500003
          ],
          [
            95.92864837600007,
            33.88908756300003
          ],
          [
            95.93277442900006,
            33.88816524500004
          ],
          [
            95.93757530200008,
            33.887230110000075
          ],
          [
            95.94236251800004,
            33.88617401100004
          ],
          [
            95.94658523600003,
            33.88510028800005
          ],
          [
            95.94989822400004,
            33.88409778600004
          ],
          [
            95.95229484600009,
            33.88327472700007
          ],
          [
            95.95400489800005,
            33.88245819100007
          ],
          [
            95.95522560100005,
            33.881536674000074
          ],
          [
            95.95610252400007,
            33.880353928000034
          ],
          [
            95.95674377400007,
            33.87906173700003
          ],
          [
            95.95725746200009,
            33.877699318000055
          ],
          [
            95.95773963900007,
            33.87634803800006
          ],
          [
            95.95826705900004,
            33.874913406000076
          ],
          [
            95.95884399400006,
            33.87329605100007
          ],
          [
            95.95944862400006,
            33.87134784700004
          ],
          [
            95.95996345500004,
            33.869053078000036
          ],
          [
            95.96053527800007,
            33.86681243900006
          ],
          [
            95.96147308300004,
            33.86517227200005
          ],
          [
            95.96356849700004,
            33.86471065500007
          ],
          [
            95.96709159900007,
            33.86533451100007
          ],
          [
            95.97199569700007,
            33.86662818900004
          ],
          [
            95.97710540800006,
            33.86745544400003
          ],
          [
            95.98183944700008,
            33.86712585400005
          ],
          [
            95.98586845400007,
            33.86512882200003
          ],
          [
            95.98902374300008,
            33.86191467300006
          ],
          [
            95.99108444200004,
            33.85802902200004
          ],
          [
            95.99166305500006,
            33.854250946000036
          ],
          [
            95.99097015400008,
            33.850624466000056
          ],
          [
            95.98956871000007,
            33.84718082400008
          ],
          [
            95.98830741900008,
            33.843732948000024
          ],
          [
            95.98771095300003,
            33.84055858600004
          ],
          [
            95.98802536000005,
            33.83773151400004
          ],
          [
            95.98902359000004,
            33.83558399200007
          ],
          [
            95.99049560500004,
            33.83406990100008
          ],
          [
            95.99240005500008,
            33.83306526200005
          ],
          [
            95.99530044600004,
            33.832232361000024
          ],
          [
            96.00040702800004,
            33.831251106000025
          ],
          [
            96.00838859600003,
            33.83029361700005
          ],
          [
            96.01878341700007,
            33.829065323000066
          ],
          [
            96.02920707700008,
            33.827227325000024
          ],
          [
            96.03830520600008,
            33.82330997500003
          ],
          [
            96.04633239700007,
            33.818121147000056
          ],
          [
            96.05514968900007,
            33.81292236300004
          ],
          [
            96.06569358800004,
            33.80940368700004
          ],
          [
            96.07683296200008,
            33.80667820000008
          ],
          [
            96.08766250600007,
            33.805244827000024
          ],
          [
            96.09798294100005,
            33.80324272200005
          ],
          [
            96.10750244100007,
            33.800031052000065
          ],
          [
            96.11414825400004,
            33.79449913000008
          ],
          [
            96.11528923000009,
            33.78863456700003
          ],
          [
            96.11158783000008,
            33.78302089700003
          ],
          [
            96.10678878800007,
            33.77819149000004
          ],
          [
            96.10492157000004,
            33.77410915400003
          ],
          [
            96.10812362700005,
            33.77159858700003
          ],
          [
            96.11552131700006,
            33.77056419400003
          ],
          [
            96.12507438700004,
            33.770323982000036
          ],
          [
            96.13454345700006,
            33.769337273000076
          ],
          [
            96.14383445700008,
            33.76814556100004
          ],
          [
            96.15341842600009,
            33.76755699200004
          ],
          [
            96.16310226400003,
            33.76799968700004
          ],
          [
            96.17155380200006,
            33.768096924000076
          ],
          [
            96.17818702700004,
            33.76791336100007
          ],
          [
            96.18323387100008,
            33.76897827100004
          ],
          [
            96.18845314000004,
            33.772369232000074
          ],
          [
            96.19472267200007,
            33.777616615000056
          ],
          [
            96.20282753000004,
            33.782097778000036
          ],
          [
            96.21014923100006,
            33.783978271000024
          ],
          [
            96.21594841000007,
            33.782034760000045
          ],
          [
            96.21913360600007,
            33.77641250600004
          ],
          [
            96.21990310700005,
            33.76843738600007
          ],
          [
            96.21795333900008,
            33.75892887100008
          ],
          [
            96.21482643100006,
            33.75020507800008
          ],
          [
            96.21463035600004,
            33.74354282400003
          ],
          [
            96.21857093800008,
            33.73915115400007
          ],
          [
            96.22514503500008,
            33.735600014000056
          ],
          [
            96.23132766700007,
            33.73130905200003
          ],
          [
            96.23645637500005,
            33.72695236200008
          ],
          [
            96.24131965600009,
            33.72442287400003
          ],
          [
            96.24624481200004,
            33.724625778000075
          ],
          [
            96.25080101000003,
            33.72611408200004
          ],
          [
            96.25521972700005,
            33.72663837400006
          ],
          [
            96.25985366800006,
            33.72597415900003
          ],
          [
            96.26564628600005,
            33.72579654700007
          ],
          [
            96.27248954800007,
            33.72742221800007
          ],
          [
            96.28033783000006,
            33.729593925000074
          ],
          [
            96.28841232300005,
            33.73161563900004
          ],
          [
            96.29768394500007,
            33.732467461000056
          ],
          [
            96.30800872800006,
            33.733578873000056
          ],
          [
            96.31973197900004,
            33.735884285000054
          ],
          [
            96.33109840400004,
            33.74066375700005
          ],
          [
            96.34236274700004,
            33.74605876900006
          ],
          [
            96.35285285900005,
            33.75156276700005
          ],
          [
            96.36419303900004,
            33.75512676200003
          ],
          [
            96.37577224700004,
            33.756252060000065
          ],
          [
            96.38783813500004,
            33.75399108900007
          ],
          [
            96.39715477000004,
            33.74844593000006
          ],
          [
            96.40242286700004,
            33.74008647900007
          ],
          [
            96.40201911900004,
            33.729329147000044
          ],
          [
            96.39877929700003,
            33.71836639400004
          ],
          [
            96.39560562100007,
            33.70845745100007
          ],
          [
            96.39532173200007,
            33.700409775000026
          ],
          [
            96.39812561000008,
            33.69420146900006
          ],
          [
            96.40285636900006,
            33.68974571200005
          ],
          [
            96.41037696800004,
            33.68718822500006
          ],
          [
            96.42033134500008,
            33.68564712500006
          ],
          [
            96.43207946800004,
            33.68349433900005
          ],
          [
            96.44270309500007,
            33.679033928000024
          ],
          [
            96.45224281300005,
            33.67121181500005
          ],
          [
            96.46049934400008,
            33.66015560100004
          ],
          [
            96.46778160100007,
            33.64741039300003
          ],
          [
            96.47233970600007,
            33.63590683000007
          ],
          [
            96.47693054200005,
            33.626894417000074
          ],
          [
            96.48565353400005,
            33.62097042100004
          ],
          [
            96.50043853800008,
            33.617176323000024
          ],
          [
            96.51909446700006,
            33.61435371400006
          ],
          [
            96.53784011800008,
            33.61106979400006
          ],
          [
            96.55745452900004,
            33.60520973200005
          ],
          [
            96.57734275800004,
            33.597209587000066
          ],
          [
            96.59713089000007,
            33.58577514600006
          ],
          [
            96.61155006400008,
            33.57384822800003
          ],
          [
            96.62078681900005,
            33.56260368300008
          ],
          [
            96.62702011100004,
            33.554220963000034
          ],
          [
            96.63368537900004,
            33.548736191000046
          ],
          [
            96.64200752300007,
            33.54533073400006
          ],
          [
            96.65272399900005,
            33.54404243500005
          ],
          [
            96.66544143700008,
            33.54371128100007
          ],
          [
            96.67875259400006,
            33.54249912300003
          ],
          [
            96.68884277300003,
            33.537888603000056
          ],
          [
            96.69317985500004,
            33.52923767100003
          ],
          [
            96.69230171200007,
            33.517232094000065
          ],
          [
            96.68960098300005,
            33.50438892400007
          ],
          [
            96.68909973100006,
            33.49231533100004
          ],
          [
            96.69088539100005,
            33.48248668700006
          ],
          [
            96.69422294600008,
            33.47364563000008
          ],
          [
            96.69801750200008,
            33.46506851200007
          ],
          [
            96.70203605700004,
            33.45609272000007
          ],
          [
            96.70639434800006,
            33.44758388500003
          ],
          [
            96.70876724200008,
            33.43971290600007
          ],
          [
            96.70951438900005,
            33.432194061000075
          ],
          [
            96.70959693900005,
            33.42474197400003
          ],
          [
            96.71230033900008,
            33.41663711500007
          ],
          [
            96.71718307500004,
            33.40943744700007
          ],
          [
            96.72320182800007,
            33.40452709200002
          ],
          [
            96.72912590000004,
            33.403131561000066
          ],
          [
            96.73515396100004,
            33.404309616000035
          ],
          [
            96.74181922900004,
            33.405321884000045
          ],
          [
            96.74807304400008,
            33.40518951400003
          ],
          [
            96.75202301000007,
            33.403129044000025
          ],
          [
            96.75331810000006,
            33.400073700000064
          ],
          [
            96.75339256300003,
            33.39690475500004
          ],
          [
            96.75490158100007,
            33.39487308500003
          ],
          [
            96.75832916300004,
            33.39431751300003
          ],
          [
            96.76268974300007,
            33.39413890800006
          ],
          [
            96.76628021200008,
            33.39191993700007
          ],
          [
            96.76837493900007,
            33.386328278000065
          ],
          [
            96.76924270600006,
            33.37777042400006
          ],
          [
            96.77032592800003,
            33.36867816900008
          ],
          [
            96.77253746000008,
            33.361844406000046
          ],
          [
            96.77661956800006,
            33.36034763300006
          ],
          [
            96.78250946000009,
            33.36372116100006
          ],
          [
            96.78918708800006,
            33.368757935000076
          ],
          [
            96.79597404500004,
            33.370625534000055
          ],
          [
            96.80118545500005,
            33.36773555800005
          ],
          [
            96.80435371400006,
            33.36213573500004
          ],
          [
            96.80483184800005,
            33.35613693200003
          ],
          [
            96.80442153900003,
            33.35046165500006
          ],
          [
            96.80525711100006,
            33.34407119800005
          ],
          [
            96.80873794600006,
            33.33661933900004
          ],
          [
            96.81401184100008,
            33.32865566300006
          ],
          [
            96.82006507900007,
            33.32233280200006
          ],
          [
            96.82564201400004,
            33.31921608000005
          ],
          [
            96.83073379500007,
            33.320133476000024
          ],
          [
            96.83578025800006,
            33.32342144000006
          ],
          [
            96.84254768400007,
            33.32629474600003
          ],
          [
            96.85259613000005,
            33.32726924900004
          ],
          [
            96.86672370900004,
            33.32693141900006
          ],
          [
            96.88395294200006,
            33.32584510800007
          ],
          [
            96.90232139600005,
            33.32562931100006
          ],
          [
            96.91974998500007,
            33.327128334000065
          ],
          [
            96.93471550000004,
            33.33069023100006
          ],
          [
            96.94621383700007,
            33.33559371900003
          ],
          [
            96.95496101400005,
            33.34069458000005
          ],
          [
            96.96238822900006,
            33.34374115000003
          ],
          [
            96.96827888500007,
            33.344094734000066
          ],
          [
            96.97239746100007,
            33.340830002000075
          ],
          [
            96.97513259900006,
            33.335843391000026
          ],
          [
            96.97846908600008,
            33.331292458000064
          ],
          [
            96.98342392000006,
            33.32941143000005
          ],
          [
            96.98945762600005,
            33.32925998700006
          ],
          [
            96.99505920400009,
            33.32808528900006
          ],
          [
            96.99863929700007,
            33.324512138000046
          ],
          [
            97.00050354000007,
            33.31929321300004
          ],
          [
            97.00335304300006,
            33.31429805800008
          ],
          [
            97.00892723100009,
            33.30983264900004
          ],
          [
            97.01654418900006,
            33.30531837500007
          ],
          [
            97.02264328000007,
            33.299150772000075
          ],
          [
            97.02458099400008,
            33.291560326000024
          ],
          [
            97.02243820200005,
            33.282479210000076
          ],
          [
            97.01918136600005,
            33.27211288500007
          ],
          [
            97.01700729400005,
            33.26115749400003
          ],
          [
            97.01700080900008,
            33.250010376000034
          ],
          [
            97.01886711100008,
            33.23910865800008
          ],
          [
            97.02114540100007,
            33.22826652500004
          ],
          [
            97.02464920000006,
            33.21735439300005
          ],
          [
            97.02947601300008,
            33.20622875200007
          ],
          [
            97.03679885900004,
            33.19515827200007
          ],
          [
            97.04604522700004,
            33.18441440600003
          ],
          [
            97.05763404800007,
            33.173965569000075
          ],
          [
            97.07284111000007,
            33.162912712000036
          ],
          [
            97.09126762400007,
            33.150059319000036
          ],
          [
            97.11228683500008,
            33.135369034000064
          ],
          [
            97.13154350300005,
            33.119424019000064
          ],
          [
            97.14789627100004,
            33.10323585500004
          ],
          [
            97.16068283100003,
            33.08667133300003
          ],
          [
            97.17211517300007,
            33.070244408000065
          ],
          [
            97.18332359300007,
            33.05481060000005
          ],
          [
            97.19609199500007,
            33.04149341600004
          ],
          [
            97.20954208400008,
            33.02979866000004
          ],
          [
            97.22315536500008,
            33.019374123000034
          ],
          [
            97.23519119300005,
            33.008396721000054
          ],
          [
            97.24339988700007,
            32.99689750700003
          ],
          [
            97.24840614300007,
            32.98284996000007
          ],
          [
            97.25170410200008,
            32.96685127300003
          ],
          [
            97.25670051600008,
            32.94983757000006
          ],
          [
            97.26386314400008,
            32.93630039200008
          ],
          [
            97.27325195300006,
            32.92745876300006
          ],
          [
            97.28378341700005,
            32.92266140000004
          ],
          [
            97.29497070300005,
            32.92074321700005
          ],
          [
            97.30632225000005,
            32.91968887300004
          ],
          [
            97.31660179100004,
            32.91843479200003
          ],
          [
            97.32547966000004,
            32.91539428700003
          ],
          [
            97.33323890700007,
            32.91031059300008
          ],
          [
            97.34105453500007,
            32.90427753500006
          ],
          [
            97.34857322700003,
            32.89798957800008
          ],
          [
            97.35605407700007,
            32.892928047000055
          ],
          [
            97.36295700100004,
            32.888312950000056
          ],
          [
            97.36963165300006,
            32.88302867900006
          ],
          [
            97.37523056000003,
            32.875611725000056
          ],
          [
            97.38025268600006,
            32.865976868000075
          ],
          [
            97.38338333100006,
            32.85487567900003
          ],
          [
            97.38491508500005,
            32.843383102000075
          ],
          [
            97.38441833500008,
            32.83256229400007
          ],
          [
            97.38377258300005,
            32.820786095000074
          ],
          [
            97.38549644500006,
            32.806206245000055
          ],
          [
            97.39103279100004,
            32.78754383100005
          ],
          [
            97.40000228900004,
            32.76698307000004
          ],
          [
            97.40965957600008,
            32.747171249000075
          ],
          [
            97.41838073700006,
            32.73034408600006
          ],
          [
            97.42557357800007,
            32.71706153900004
          ],
          [
            97.43348846400005,
            32.70572376300004
          ],
          [
            97.44514259300007,
            32.693920898000044
          ],
          [
            97.46138153100009,
            32.68048866300006
          ],
          [
            97.48138877900004,
            32.66570980100005
          ],
          [
            97.50074241600004,
            32.653205795000076
          ],
          [
            97.51682098400005,
            32.64334522200005
          ],
          [
            97.52997360200004,
            32.636374474000036
          ],
          [
            97.54222267100005,
            32.63027233100007
          ],
          [
            97.55563148500005,
            32.624876175000054
          ],
          [
            97.57083763100007,
            32.61979080200007
          ],
          [
            97.58537109400004,
            32.61419673900008
          ],
          [
            97.59848945600004,
            32.60765491500007
          ],
          [
            97.60889648400007,
            32.59933105500005
          ],
          [
            97.61832389800009,
            32.59104263300003
          ],
          [
            97.62779548600008,
            32.582903213000066
          ],
          [
            97.63850776700008,
            32.575506706000056
          ],
          [
            97.64996353100008,
            32.56793090800005
          ],
          [
            97.66234359700007,
            32.56057323500005
          ],
          [
            97.67593689000006,
            32.553085175000035
          ],
          [
            97.69205383300005,
            32.545931015000065
          ],
          [
            97.71043914800003,
            32.539307518000044
          ],
          [
            97.72966049200005,
            32.53384952500005
          ],
          [
            97.74773223900007,
            32.52990310700005
          ],
          [
            97.76271766700006,
            32.526573143000064
          ],
          [
            97.77474647500009,
            32.524310951000075
          ],
          [
            97.78395492600004,
            32.52171642300004
          ],
          [
            97.79134498600007,
            32.51859382600003
          ],
          [
            97.79757988000006,
            32.51462188700003
          ],
          [
            97.80434112500006,
            32.51087814300007
          ],
          [
            97.81240028400003,
            32.508071365000035
          ],
          [
            97.82263496400009,
            32.50611885100005
          ],
          [
            97.83463233900005,
            32.50387970000003
          ],
          [
            97.84862388600004,
            32.50063625300004
          ],
          [
            97.86423225400006,
            32.496767426000076
          ],
          [
            97.88110191300007,
            32.49302875500007
          ],
          [
            97.89791755700008,
            32.49007133500004
          ],
          [
            97.91298881500006,
            32.487571907000074
          ],
          [
            97.92527359000007,
            32.48523941000008
          ],
          [
            97.93464096100007,
            32.482511215000045
          ],
          [
            97.94283134500006,
            32.479462166000076
          ],
          [
            97.95173904400008,
            32.47633029900004
          ],
          [
            97.96343673700005,
            32.47278698000002
          ],
          [
            97.97769310000007,
            32.46810360000006
          ],
          [
            97.99387168900006,
            32.46187957800004
          ],
          [
            98.00924377400008,
            32.45458538100007
          ],
          [
            98.02364784200006,
            32.44680236800008
          ],
          [
            98.03699150100005,
            32.43826835600004
          ],
          [
            98.04964164700004,
            32.430417557000055
          ],
          [
            98.06140335100008,
            32.422612152000056
          ],
          [
            98.07266258200008,
            32.41578865100007
          ],
          [
            98.08413124100008,
            32.40887870800003
          ],
          [
            98.09705497700008,
            32.403359489000024
          ],
          [
            98.11136474600005,
            32.397560730000066
          ],
          [
            98.12768631000006,
            32.391798477000066
          ],
          [
            98.14538276700006,
            32.38385139500008
          ],
          [
            98.16365547200007,
            32.37549678800008
          ],
          [
            98.18021904000005,
            32.36520263700004
          ],
          [
            98.19385124200005,
            32.352524223000046
          ],
          [
            98.20484626800004,
            32.334162407000065
          ],
          [
            98.21262130700006,
            32.31133659400007
          ],
          [
            98.21869255100006,
            32.28625728600008
          ],
          [
            98.22232132000005,
            32.264841499000056
          ],
          [
            98.22689857500006,
            32.247553596000046
          ],
          [
            98.23417900100009,
            32.233477020000066
          ],
          [
            98.24615684500009,
            32.21785373700004
          ],
          [
            98.26108245800003,
            32.198747139000034
          ],
          [
            98.27656074500004,
            32.17635128000006
          ],
          [
            98.28972259500006,
            32.15590866100007
          ],
          [
            98.30000473000007,
            32.139135132000035
          ],
          [
            98.30849533100007,
            32.12758304600004
          ],
          [
            98.31600318900007,
            32.11874435400006
          ],
          [
            98.32385276800005,
            32.11194786100003
          ],
          [
            98.33176361100004,
            32.10520263700005
          ],
          [
            98.34076583900008,
            32.09827705400005
          ],
          [
            98.35180648800008,
            32.08926235200005
          ],
          [
            98.36581779500005,
            32.07797344200003
          ],
          [
            98.38159767200005,
            32.06343723300006
          ],
          [
            98.39676658600007,
            32.04792854300007
          ],
          [
            98.40945678700007,
            32.032530880000024
          ],
          [
            98.41950653100008,
            32.01922390000004
          ],
          [
            98.42534019500005,
            32.00888416300006
          ],
          [
            98.42797409100007,
            32.00176210400008
          ],
          [
            98.42827865600003,
            31.996910591000074
          ],
          [
            98.42811958300007,
            31.993258362000063
          ],
          [
            98.42805015600004,
            31.990045128000077
          ],
          [
            98.42825737000004,
            31.987044697000044
          ],
          [
            98.42856597900004,
            31.984198303000028
          ],
          [
            98.42896637000007,
            31.98144367200007
          ],
          [
            98.42952018700004,
            31.978687897000043
          ],
          [
            98.43021087600005,
            31.975908337000078
          ],
          [
            98.43089881900005,
            31.97314945200003
          ],
          [
            98.43130332900006,
            31.970566349000023
          ],
          [
            98.43122955300004,
            31.968030415000044
          ],
          [
            98.43063491800007,
            31.965583115000072
          ],
          [
            98.42962081900004,
            31.963130207000063
          ],
          [
            98.42839820900008,
            31.960790958000075
          ],
          [
            98.42711502100008,
            31.958555088000026
          ],
          [
            98.42589759800006,
            31.956448841000054
          ],
          [
            98.42482429500006,
            31.954478664000078
          ],
          [
            98.42392417900004,
            31.952607784000065
          ],
          [
            98.42323127700007,
            31.950723934000052
          ],
          [
            98.42290489200008,
            31.94865890500006
          ],
          [
            98.42313621500006,
            31.946470814000065
          ],
          [
            98.42386688200008,
            31.944230881000067
          ],
          [
            98.42491256700004,
            31.942086792000055
          ],
          [
            98.42596496600004,
            31.940043030000027
          ],
          [
            98.42684021000008,
            31.938028030000055
          ],
          [
            98.42734130900004,
            31.935892525000042
          ],
          [
            98.42726768500006,
            31.933567200000027
          ],
          [
            98.42644973800009,
            31.93104175600007
          ],
          [
            98.42477996800005,
            31.928376274000072
          ],
          [
            98.42231864900003,
            31.925616283000068
          ],
          [
            98.41927154500007,
            31.92283552200007
          ],
          [
            98.41592567400005,
            31.920182915000055
          ],
          [
            98.41249664300005,
            31.91774583800003
          ],
          [
            98.40911300700009,
            31.91553026200006
          ],
          [
            98.40588607800004,
            31.913420925000025
          ],
          [
            98.40303573600005,
            31.91134748500008
          ],
          [
            98.40073310900004,
            31.90922422400007
          ],
          [
            98.39919845600008,
            31.90703567500003
          ],
          [
            98.39846939100005,
            31.904740391000075
          ],
          [
            98.39847816500009,
            31.90229755400003
          ],
          [
            98.39906517000009,
            31.89962162000006
          ],
          [
            98.40011085500004,
            31.89660127600007
          ],
          [
            98.40151596100009,
            31.893200912000054
          ],
          [
            98.40312301600005,
            31.88954284700003
          ],
          [
            98.40499900800006,
            31.88586219800004
          ],
          [
            98.40714256300004,
            31.88236694300008
          ],
          [
            98.40958076500004,
            31.879088917000047
          ],
          [
            98.41213272100003,
            31.875942764000058
          ],
          [
            98.41457717900005,
            31.872827206000068
          ],
          [
            98.41666786200005,
            31.86983558700007
          ],
          [
            98.41814224200004,
            31.867059021000046
          ],
          [
            98.41892303500003,
            31.864511814000025
          ],
          [
            98.41902183500008,
            31.861983490000057
          ],
          [
            98.41852096600007,
            31.859089279000045
          ],
          [
            98.41748634300006,
            31.855494823000072
          ],
          [
            98.41611686700008,
            31.851205406000076
          ],
          [
            98.41477592500007,
            31.846554489000027
          ],
          [
            98.41402114900006,
            31.842189503000043
          ],
          [
            98.41416282700004,
            31.838556366000034
          ],
          [
            98.41537193300007,
            31.835813675000054
          ],
          [
            98.41755477900006,
            31.834035549000077
          ],
          [
            98.42065597500005,
            31.833078327000067
          ],
          [
            98.42429794300006,
            31.832794018000072
          ],
          [
            98.42797828700009,
            31.832905045000075
          ],
          [
            98.43123474100008,
            31.83308786400005
          ],
          [
            98.43393150300005,
            31.83311719900007
          ],
          [
            98.43610954300004,
            31.832809715000053
          ],
          [
            98.43779739400009,
            31.832041626000034
          ],
          [
            98.43903205900006,
            31.83059768700008
          ],
          [
            98.43988609300004,
            31.828461247000064
          ],
          [
            98.44052948000007,
            31.82573879200004
          ],
          [
            98.44118995700006,
            31.82279903400007
          ],
          [
            98.44209754900004,
            31.81981401400003
          ],
          [
            98.44332969700008,
            31.817007141000033
          ],
          [
            98.44488853500008,
            31.814414940000063
          ],
          [
            98.44674270600007,
            31.812145138000062
          ],
          [
            98.44902046200008,
            31.81012348200005
          ],
          [
            98.45181045500004,
            31.808287411000038
          ],
          [
            98.45484275800004,
            31.806515598000033
          ],
          [
            98.45763114900006,
            31.80477092700005
          ],
          [
            98.45969261200008,
            31.802867508000077
          ],
          [
            98.46078491200007,
            31.800699635000058
          ],
          [
            98.46080169700008,
            31.79812856700005
          ],
          [
            98.46003555300007,
            31.795343952000053
          ],
          [
            98.45905120900005,
            31.792506256000024
          ],
          [
            98.45864807100008,
            31.79005739200005
          ],
          [
            98.45926460300007,
            31.788122025000064
          ],
          [
            98.46083305400003,
            31.78686517700004
          ],
          [
            98.46315864600007,
            31.78615564300003
          ],
          [
            98.46585670500008,
            31.78591405900005
          ],
          [
            98.46879280100006,
            31.785858116000043
          ],
          [
            98.47169044500004,
            31.785704231000068
          ],
          [
            98.47445747400008,
            31.78510110900004
          ],
          [
            98.47699661300004,
            31.783765697000035
          ],
          [
            98.47931686400005,
            31.781523838000055
          ],
          [
            98.48144683800007,
            31.77856943100005
          ],
          [
            98.48356010400005,
            31.775299149000034
          ],
          [
            98.48577507000005,
            31.77230939900005
          ],
          [
            98.48830444300006,
            31.769902744000035
          ],
          [
            98.49117782600007,
            31.76806762700005
          ],
          [
            98.49433784500008,
            31.76642690700004
          ],
          [
            98.49750724800003,
            31.764598484000032
          ],
          [
            98.50052238500007,
            31.762361717000033
          ],
          [
            98.50316070600007,
            31.75975261700006
          ],
          [
            98.50545127900006,
            31.756821384000034
          ],
          [
            98.50750305200006,
            31.753459606000035
          ],
          [
            98.50948303200005,
            31.749439735000067
          ],
          [
            98.51148841900005,
            31.74477468500004
          ],
          [
            98.51342399600009,
            31.739815407000037
          ],
          [
            98.51522995000005,
            31.73504934300007
          ],
          [
            98.51682334900005,
            31.730738049000024
          ],
          [
            98.51822486900005,
            31.727093773000036
          ],
          [
            98.51952125500009,
            31.72417310700007
          ],
          [
            98.52081016500006,
            31.72206678400005
          ],
          [
            98.52223571800005,
            31.720705013000043
          ],
          [
            98.52396659900006,
            31.720020161000036
          ],
          [
            98.52615158100008,
            31.719850674000043
          ],
          [
            98.52872772200004,
            31.72010105100003
          ],
          [
            98.53154815700003,
            31.720607700000073
          ],
          [
            98.53439346300007,
            31.72122621500006
          ],
          [
            98.53704917900006,
            31.721734085000037
          ],
          [
            98.53945701600009,
            31.72194667800005
          ],
          [
            98.54150276200005,
            31.72164753000004
          ],
          [
            98.54318473800004,
            31.720690327000057
          ],
          [
            98.54440643300006,
            31.71908058200006
          ],
          [
            98.54521423300008,
            31.716955280000036
          ],
          [
            98.54570518500003,
            31.714560661000064
          ],
          [
            98.54609321600003,
            31.712077713000042
          ],
          [
            98.54651664700003,
            31.709610500000053
          ],
          [
            98.54712471000005,
            31.70731538800004
          ],
          [
            98.54797843900008,
            31.70517381700006
          ],
          [
            98.54912628200003,
            31.70319896700005
          ],
          [
            98.55051536600007,
            31.701245098000072
          ],
          [
            98.55193977400006,
            31.699327450000055
          ],
          [
            98.55306869500004,
            31.697352772000045
          ],
          [
            98.55357055700006,
            31.695410709000043
          ],
          [
            98.55323921200005,
            31.69359249100006
          ],
          [
            98.55210609400007,
            31.692021408000073
          ],
          [
            98.55051399200005,
            31.69066717100003
          ],
          [
            98.54893753100004,
            31.689484348000065
          ],
          [
            98.54784759500006,
            31.688441372000057
          ],
          [
            98.54756141700005,
            31.68757886900005
          ],
          [
            98.54815574600008,
            31.68678886400005
          ],
          [
            98.54945213300005,
            31.685922146000053
          ],
          [
            98.55117477400006,
            31.684800205000045
          ],
          [
            98.55288291900007,
            31.683360538000045
          ],
          [
            98.55432174700007,
            31.681563759000028
          ],
          [
            98.55519683800009,
            31.679442368000025
          ],
          [
            98.55549507100005,
            31.677028522000057
          ],
          [
            98.55536010700007,
            31.67426628100003
          ],
          [
            98.55529785200008,
            31.67111015300003
          ],
          [
            98.55568359400007,
            31.667529259000048
          ],
          [
            98.55672477700006,
            31.663585758000067
          ],
          [
            98.55838394200003,
            31.659517708000067
          ],
          [
            98.56053543100006,
            31.65557788800004
          ],
          [
            98.56319824200006,
            31.652059002000044
          ],
          [
            98.56631210300009,
            31.649059944000044
          ],
          [
            98.56975036600005,
            31.646556625000073
          ],
          [
            98.57329452500005,
            31.64440675700007
          ],
          [
            98.57672546400005,
            31.642456741000046
          ],
          [
            98.57992904700006,
            31.640549755000052
          ],
          [
            98.58275375400007,
            31.638561630000027
          ],
          [
            98.58523948700008,
            31.636277084000028
          ],
          [
            98.58740623500006,
            31.63356546400007
          ],
          [
            98.58933563200009,
            31.630537872000048
          ],
          [
            98.59099418600005,
            31.62746883400007
          ],
          [
            98.59233459500007,
            31.624702091000074
          ],
          [
            98.59348197900005,
            31.622383080000077
          ],
          [
            98.59476478600004,
            31.620454254000038
          ],
          [
            98.59653984100004,
            31.618711033000068
          ],
          [
            98.59907989500005,
            31.616864948000057
          ],
          [
            98.60213256800006,
            31.614815083000053
          ],
          [
            98.60543693500006,
            31.612492943000063
          ],
          [
            98.60857055700006,
            31.61002359400004
          ],
          [
            98.61138069200007,
            31.607447414000035
          ],
          [
            98.61368415800007,
            31.604862022000077
          ],
          [
            98.61562843300004,
            31.602268219000052
          ],
          [
            98.61740112300004,
            31.599652977000062
          ],
          [
            98.61943534800008,
            31.596971188000055
          ],
          [
            98.62190597500006,
            31.59428323700007
          ],
          [
            98.62496070900005,
            31.591848507000066
          ],
          [
            98.62850395200007,
            31.58973854100003
          ],
          [
            98.63236511200006,
            31.58804170600007
          ],
          [
            98.63634971600004,
            31.58656993900007
          ],
          [
            98.64021995500008,
            31.58512888000007
          ],
          [
            98.64377944900008,
            31.583432178000066
          ],
          [
            98.64696662900008,
            31.58130882300003
          ],
          [
            98.64993598900008,
            31.57873214700004
          ],
          [
            98.65298217800006,
            31.575891685000045
          ],
          [
            98.65624481200007,
            31.573003407000044
          ],
          [
            98.65976028400007,
            31.57018150300007
          ],
          [
            98.66348022500006,
            31.567456036000067
          ],
          [
            98.66740860000004,
            31.564723892000075
          ],
          [
            98.67143997200009,
            31.561935406000032
          ],
          [
            98.67540741000005,
            31.559014454000078
          ],
          [
            98.67927207900004,
            31.555806141000062
          ],
          [
            98.68304763800006,
            31.552310505000037
          ],
          [
            98.68670311000005,
            31.54860099800004
          ],
          [
            98.69019439700008,
            31.544847164000032
          ],
          [
            98.69335662800006,
            31.541171856000062
          ],
          [
            98.69608665500004,
            31.537699661000033
          ],
          [
            98.69831657400005,
            31.534493198000064
          ],
          [
            98.70004684400004,
            31.53157079700003
          ],
          [
            98.70140861500005,
            31.528912811000055
          ],
          [
            98.70256477400005,
            31.526508427000067
          ],
          [
            98.70379196200008,
            31.524247398000057
          ],
          [
            98.70535797100007,
            31.52188701600005
          ],
          [
            98.70767135600005,
            31.519148560000076
          ],
          [
            98.71085296600006,
            31.516044598000065
          ],
          [
            98.71499267600007,
            31.512727470000073
          ],
          [
            98.71981681800008,
            31.509362125000052
          ],
          [
            98.72515251200008,
            31.506053162000057
          ],
          [
            98.73066833500008,
            31.50283582700007
          ],
          [
            98.73600692700006,
            31.49979389200007
          ],
          [
            98.74108192400007,
            31.496859550000067
          ],
          [
            98.74606330900008,
            31.493987808000043
          ],
          [
            98.75120513900004,
            31.491162434000046
          ],
          [
            98.75659980800003,
            31.488496895000026
          ],
          [
            98.76223281900008,
            31.486039238000046
          ],
          [
            98.76792053200006,
            31.483882751000067
          ],
          [
            98.77340011600006,
            31.481961479000063
          ],
          [
            98.77844772300006,
            31.480167961000063
          ],
          [
            98.78283371000003,
            31.478358250000042
          ],
          [
            98.78652679400005,
            31.47637718200008
          ],
          [
            98.78957595800006,
            31.47406206100004
          ],
          [
            98.79226852400006,
            31.471288662000063
          ],
          [
            98.79482269300007,
            31.46797672300005
          ],
          [
            98.79752761800006,
            31.46417791400006
          ],
          [
            98.80052154500004,
            31.460007267000037
          ],
          [
            98.80385147100009,
            31.45579404800003
          ],
          [
            98.80748176600008,
            31.45185211200004
          ],
          [
            98.81124824500006,
            31.44849681900007
          ],
          [
            98.81508895900004,
            31.445852184000046
          ],
          [
            98.81879486100007,
            31.443934212000045
          ],
          [
            98.82234245300003,
            31.442598934000046
          ],
          [
            98.82562446600008,
            31.441652908000037
          ],
          [
            98.82870956400006,
            31.440800419000027
          ],
          [
            98.83161048900007,
            31.43975074800005
          ],
          [
            98.83443893400005,
            31.438264923000077
          ],
          [
            98.83711860700004,
            31.436455631000058
          ],
          [
            98.83939636200006,
            31.434424114000024
          ],
          [
            98.84103149400005,
            31.432335472000034
          ],
          [
            98.84209510800008,
            31.429958096000064
          ],
          [
            98.84292350800007,
            31.427054844000054
          ],
          [
            98.84399246200007,
            31.423421535000045
          ],
          [
            98.84561889600008,
            31.419308491000038
          ],
          [
            98.84804481500004,
            31.415145359000064
          ],
          [
            98.85130294800007,
            31.411558590000027
          ],
          [
            98.85522094700008,
            31.40868288000007
          ],
          [
            98.85940025300005,
            31.40636016800005
          ],
          [
            98.86320571900006,
            31.404293194000047
          ],
          [
            98.86638031000007,
            31.40226072300004
          ],
          [
            98.86888221700008,
            31.400121326000033
          ],
          [
            98.87096939100007,
            31.397776070000077
          ],
          [
            98.87277282700006,
            31.39524164200003
          ],
          [
            98.87447723400004,
            31.392564011000047
          ],
          [
            98.87619895900008,
            31.38982198700006
          ],
          [
            98.87803787200005,
            31.387069454000027
          ],
          [
            98.87983596800007,
            31.38443409000007
          ],
          [
            98.88136489900006,
            31.381831455000054
          ],
          [
            98.88232582100005,
            31.37912307700003
          ],
          [
            98.88252052300004,
            31.37610982900003
          ],
          [
            98.88181724600008,
            31.372932606000063
          ],
          [
            98.88017936700004,
            31.369642181000074
          ],
          [
            98.87763809200004,
            31.36633899700007
          ],
          [
            98.87428054800006,
            31.362948952000067
          ],
          [
            98.87038520800007,
            31.35952137000004
          ],
          [
            98.86621788000008,
            31.35614240600006
          ],
          [
            98.86218704200007,
            31.352960720000056
          ],
          [
            98.85864707900004,
            31.350238094000076
          ],
          [
            98.85567832900006,
            31.348039913000036
          ],
          [
            98.85291275000009,
            31.346200905000046
          ],
          [
            98.84975959800005,
            31.344381790000057
          ],
          [
            98.84604667700006,
            31.34243820200004
          ],
          [
            98.84188369700007,
            31.340389690000052
          ],
          [
            98.83753593400007,
            31.338286133000054
          ],
          [
            98.83320594800006,
            31.336104584000054
          ],
          [
            98.82903335600008,
            31.333706112000073
          ],
          [
            98.82504623400007,
            31.330957623000074
          ],
          [
            98.82121757500005,
            31.327667236000025
          ],
          [
            98.81755714400003,
            31.323775349000073
          ],
          [
            98.81414596600007,
            31.31919429800007
          ],
          [
            98.81118736300004,
            31.314130039000077
          ],
          [
            98.80883697500008,
            31.308803024000042
          ],
          [
            98.80721275300004,
            31.30361015300008
          ],
          [
            98.80617607100004,
            31.29855524100003
          ],
          [
            98.80544715900004,
            31.293693848000032
          ],
          [
            98.80463287400005,
            31.288988953000057
          ],
          [
            98.80338653600006,
            31.28469591100003
          ],
          [
            98.80153030400004,
            31.28093109100007
          ],
          [
            98.79908264200009,
            31.277698574000055
          ],
          [
            98.79615158100006,
            31.27470438000006
          ],
          [
            98.79291336100005,
            31.271701679000046
          ],
          [
            98.78962036100006,
            31.26853935200006
          ],
          [
            98.78665031400004,
            31.265307369000027
          ],
          [
            98.78415710500008,
            31.262143803000072
          ],
          [
            98.78200164800006,
            31.25929027600006
          ],
          [
            98.77992698700007,
            31.25709259000007
          ],
          [
            98.77763885500008,
            31.255926647000024
          ],
          [
            98.77499198900006,
            31.255885601000045
          ],
          [
            98.77172378500006,
            31.256912708000073
          ],
          [
            98.76797950700006,
            31.258708782000042
          ],
          [
            98.76389518700006,
            31.260833111000068
          ],
          [
            98.75952476500004,
            31.262950954000075
          ],
          [
            98.75481300400008,
            31.26509521500003
          ],
          [
            98.74974205000007,
            31.267760296000063
          ],
          [
            98.74445259100008,
            31.271494007000058
          ],
          [
            98.73917961100005,
            31.27655223800008
          ],
          [
            98.73408355700008,
            31.28272260700004
          ],
          [
            98.72908752400008,
            31.289683151000077
          ],
          [
            98.72424369800007,
            31.296879902000057
          ],
          [
            98.71946250900004,
            31.30401168800006
          ],
          [
            98.71489898700008,
            31.310660648000066
          ],
          [
            98.71042297400004,
            31.316688347000024
          ],
          [
            98.70611587500008,
            31.32196609500005
          ],
          [
            98.70177413900007,
            31.32663780200005
          ],
          [
            98.69764724700008,
            31.330582027000048
          ],
          [
            98.69387130700005,
            31.333769913000026
          ],
          [
            98.69056274400003,
            31.33611084000006
          ],
          [
            98.68719894400004,
            31.337909832000037
          ],
          [
            98.68335586500007,
            31.339436512000077
          ],
          [
            98.67857978800004,
            31.34094936400004
          ],
          [
            98.67301124600004,
            31.342341614000077
          ],
          [
            98.66659408600003,
            31.34335948900008
          ],
          [
            98.65962463400007,
            31.343750744000033
          ],
          [
            98.65250633200009,
            31.343516083000054
          ],
          [
            98.64594795200009,
            31.342756634000068
          ],
          [
            98.64061096200004,
            31.341619511000033
          ],
          [
            98.63647758500008,
            31.339958611000043
          ],
          [
            98.63314910900004,
            31.337470951000057
          ],
          [
            98.62987106300005,
            31.333584537000036
          ],
          [
            98.62641426100004,
            31.32831752800007
          ],
          [
            98.62301239000004,
            31.321978931000046
          ],
          [
            98.61998382600007,
            31.315277576000028
          ],
          [
            98.61743820200007,
            31.308677101000058
          ],
          [
            98.61522682200007,
            31.302277126000035
          ],
          [
            98.61305267300008,
            31.295840206000037
          ],
          [
            98.61079002400004,
            31.288914051000063
          ],
          [
            98.60834617600005,
            31.281119957000044
          ],
          [
            98.60599510200007,
            31.272590370000046
          ],
          [
            98.60412124600003,
            31.263727112000026
          ],
          [
            98.60302688600007,
            31.255273190000025
          ],
          [
            98.60283065800007,
            31.247534122000047
          ],
          [
            98.60354965200008,
            31.241113720000044
          ],
          [
            98.60517082200005,
            31.23611274700005
          ],
          [
            98.60763771100005,
            31.232513466000057
          ],
          [
            98.61074966400008,
            31.22978233300006
          ],
          [
            98.61412651100005,
            31.22727760300006
          ],
          [
            98.61720977800007,
            31.22427215600004
          ],
          [
            98.61927475000005,
            31.22045003900007
          ],
          [
            98.61991577100008,
            31.21588142400003
          ],
          [
            98.61888732900007,
            31.211024017000057
          ],
          [
            98.61641662600005,
            31.20636062600005
          ],
          [
            98.61292190600005,
            31.20224214600006
          ],
          [
            98.60928504900005,
            31.198740273000055
          ],
          [
            98.60627792400004,
            31.19563530000005
          ],
          [
            98.60464515700005,
            31.192698364000023
          ],
          [
            98.60455352800005,
            31.189852619000078
          ],
          [
            98.60583633400006,
            31.187243671000033
          ],
          [
            98.60824401900004,
            31.185011158000066
          ],
          [
            98.61161743200006,
            31.183433208000054
          ],
          [
            98.61594902000007,
            31.182539692000034
          ],
          [
            98.62094696000008,
            31.18229209900005
          ],
          [
            98.62604042100008,
            31.182249451000075
          ],
          [
            98.63086776700004,
            31.181868267000027
          ],
          [
            98.63513008100006,
            31.18068216300003
          ],
          [
            98.63883590700004,
            31.178501186000062
          ],
          [
            98.64206619300006,
            31.175580807000074
          ],
          [
            98.64533851600004,
            31.172348690000035
          ],
          [
            98.64907623300007,
            31.169201145000045
          ],
          [
            98.65352699300007,
            31.166364841000075
          ],
          [
            98.65843101500008,
            31.163791752000066
          ],
          [
            98.66327232400005,
            31.161363411000025
          ],
          [
            98.66757926900004,
            31.158869209000045
          ],
          [
            98.67108856200008,
            31.156130886000028
          ],
          [
            98.67388374300003,
            31.15304924000003
          ],
          [
            98.67629188500007,
            31.14955238300007
          ],
          [
            98.67862999000005,
            31.145838737000076
          ],
          [
            98.68126869200006,
            31.14206491500005
          ],
          [
            98.68446197500003,
            31.138496151000027
          ],
          [
            98.68842353800005,
            31.13516912500006
          ],
          [
            98.69299911500008,
            31.131931992000034
          ],
          [
            98.69786132800004,
            31.128401222000036
          ],
          [
            98.70228401200006,
            31.124474278000037
          ],
          [
            98.70577049300005,
            31.120098686000063
          ],
          [
            98.70800727800008,
            31.11538984300006
          ],
          [
            98.70917228700006,
            31.110313950000034
          ],
          [
            98.70976310700007,
            31.104758701000037
          ],
          [
            98.71049316400007,
            31.098618679000026
          ],
          [
            98.71189537000004,
            31.092082977000075
          ],
          [
            98.71417640700008,
            31.085710049000056
          ],
          [
            98.71708908100004,
            31.080184174000067
          ],
          [
            98.72043525700008,
            31.07587356600004
          ],
          [
            98.72387237500004,
            31.072850285000072
          ],
          [
            98.72721069300007,
            31.070674610000026
          ],
          [
            98.73001617400007,
            31.068758354000067
          ],
          [
            98.73199127200007,
            31.066536942000027
          ],
          [
            98.73301910400005,
            31.063814774000036
          ],
          [
            98.73347213700004,
            31.060690918000034
          ],
          [
            98.73395973200007,
            31.057353935000037
          ],
          [
            98.73501838700008,
            31.053869400000053
          ],
          [
            98.73695030200008,
            31.050366936000046
          ],
          [
            98.73971496600007,
            31.047011547000068
          ],
          [
            98.74323379500004,
            31.044078541000033
          ],
          [
            98.74712699900005,
            31.041681786000026
          ],
          [
            98.75106765700008,
            31.03983144800003
          ],
          [
            98.75477867100005,
            31.038379345000067
          ],
          [
            98.75822227500004,
            31.037245617000053
          ],
          [
            98.76159317000008,
            31.036277294000058
          ],
          [
            98.76499694800003,
            31.035356483000044
          ],
          [
            98.76847435000008,
            31.03418302500006
          ],
          [
            98.77187126200005,
            31.03257988000007
          ],
          [
            98.77512977600009,
            31.030430985000066
          ],
          [
            98.77823516800004,
            31.027816792000067
          ],
          [
            98.78133606000006,
            31.02488012300006
          ],
          [
            98.78447120700008,
            31.02188379300003
          ],
          [
            98.78772514300005,
            31.01898471800007
          ],
          [
            98.79107338000006,
            31.016194382000037
          ],
          [
            98.79436965900004,
            31.013358631000074
          ],
          [
            98.79743713400006,
            31.01036031700005
          ],
          [
            98.79995742800008,
            31.007273827000063
          ],
          [
            98.80188262900003,
            31.004083862000073
          ],
          [
            98.80314056400005,
            31.000811768000062
          ],
          [
            98.80373626700003,
            30.99722179400004
          ],
          [
            98.80365333600008,
            30.99307127000003
          ],
          [
            98.80292808500008,
            30.988089771000034
          ],
          [
            98.80181015000005,
            30.98243499800003
          ],
          [
            98.80072906500004,
            30.976342831000068
          ],
          [
            98.79995796200006,
            30.970130806000043
          ],
          [
            98.79929069500008,
            30.963910885000075
          ],
          [
            98.79810051000004,
            30.957785778000073
          ],
          [
            98.79600540200005,
            30.95167699800004
          ],
          [
            98.79306770300008,
            30.945833168000036
          ],
          [
            98.78961387600003,
            30.94039751100007
          ],
          [
            98.78608581500004,
            30.935543766000023
          ],
          [
            98.78284568800007,
            30.931291370000054
          ],
          [
            98.78012069700009,
            30.927541561000055
          ],
          [
            98.77798278800003,
            30.924087601000053
          ],
          [
            98.77638954200006,
            30.920531597000036
          ],
          [
            98.77544776900004,
            30.916701012000033
          ],
          [
            98.77527671800004,
            30.912416344000064
          ],
          [
            98.77594978300004,
            30.907820969000056
          ],
          [
            98.77734336900005,
            30.903217964000078
          ],
          [
            98.77919128400004,
            30.89897611600003
          ],
          [
            98.78126785300003,
            30.89528991700007
          ],
          [
            98.78349838300005,
            30.892165050000074
          ],
          [
            98.78589294400007,
            30.889555702000052
          ],
          [
            98.78893470800006,
            30.887234859000046
          ],
          [
            98.79316078200009,
            30.88480293300006
          ],
          [
            98.79918273900006,
            30.881660728000043
          ],
          [
            98.80679832500005,
            30.877583523000055
          ],
          [
            98.81543602000005,
            30.872808571000064
          ],
          [
            98.82435997000005,
            30.86781251900004
          ],
          [
            98.83284042400004,
            30.86309539800004
          ],
          [
            98.84023849500005,
            30.85882883100004
          ],
          [
            98.84613754300005,
            30.854866600000037
          ],
          [
            98.85057418800005,
            30.850956783000072
          ],
          [
            98.85378830000008,
            30.846929970000076
          ],
          [
            98.85627655000008,
            30.842915840000046
          ],
          [
            98.85856636000005,
            30.83914409600004
          ],
          [
            98.86109817500005,
            30.835950909000076
          ],
          [
            98.86402473500004,
            30.833435230000077
          ],
          [
            98.86724456800005,
            30.83140138600004
          ],
          [
            98.87038894700004,
            30.829501057000073
          ],
          [
            98.87318389900008,
            30.827338905000033
          ],
          [
            98.87550987200007,
            30.824543438000035
          ],
          [
            98.87759033200007,
            30.820947342000068
          ],
          [
            98.87977623000006,
            30.81655592000004
          ],
          [
            98.88229888900008,
            30.811748581000074
          ],
          [
            98.88526634200008,
            30.806803322000064
          ],
          [
            98.88860656700007,
            30.802110176000042
          ],
          [
            98.89244689900005,
            30.797823391000065
          ],
          [
            98.89706565900008,
            30.79393516500005
          ],
          [
            98.90271728500005,
            30.790382957000077
          ],
          [
            98.90936073300009,
            30.787258568000027
          ],
          [
            98.91648284900003,
            30.784716511000056
          ],
          [
            98.92358047500005,
            30.782870064000065
          ],
          [
            98.93032211300005,
            30.781576538000024
          ],
          [
            98.93655235300008,
            30.78057689700006
          ],
          [
            98.94217094400005,
            30.77955436700006
          ],
          [
            98.94698219300005,
            30.77824363700006
          ],
          [
            98.95094200100004,
            30.776517124000065
          ],
          [
            98.95406799300008,
            30.774333496000054
          ],
          [
            98.95645660400004,
            30.771872501000075
          ],
          [
            98.95824806200005,
            30.769299412000066
          ],
          [
            98.95952262900005,
            30.766791897000076
          ],
          [
            98.96045692400008,
            30.76411659200005
          ],
          [
            98.96106063800005,
            30.761179714000036
          ],
          [
            98.96136276200008,
            30.75779090900005
          ],
          [
            98.96139556900005,
            30.754176388000076
          ],
          [
            98.96135597200004,
            30.750336227000048
          ],
          [
            98.96138801600006,
            30.746314373000075
          ],
          [
            98.96142272900005,
            30.74210498800005
          ],
          [
            98.96109672500006,
            30.737913494000054
          ],
          [
            98.95970878600008,
            30.73393602400006
          ],
          [
            98.95685379000008,
            30.730390148000026
          ],
          [
            98.95263343800008,
            30.727357082000026
          ],
          [
            98.94787879900008,
            30.724822235000033
          ],
          [
            98.94347053500007,
            30.72255769700007
          ],
          [
            98.93992256200005,
            30.72028064700004
          ],
          [
            98.93719223000005,
            30.71781314800006
          ],
          [
            98.93477752700005,
            30.71513139700005
          ],
          [
            98.93207817100006,
            30.712404690000028
          ],
          [
            98.92866539000005,
            30.70989450500008
          ],
          [
            98.92448509200005,
            30.70772272100004
          ],
          [
            98.91988487200007,
            30.705851040000027
          ],
          [
            98.91529441800009,
            30.70407066300004
          ],
          [
            98.91120178200003,
            30.70219051400005
          ],
          [
            98.90800453200006,
            30.70016483300003
          ],
          [
            98.90590507500008,
            30.69803962700007
          ],
          [
            98.90480514500007,
            30.69583208100005
          ],
          [
            98.90442421000006,
            30.69338985400003
          ],
          [
            98.90457710300007,
            30.690412674000072
          ],
          [
            98.90533676100006,
            30.68678989400007
          ],
          [
            98.90669250500008,
            30.68253999700005
          ],
          [
            98.90851371800005,
            30.67780859000004
          ],
          [
            98.91051445000005,
            30.672667656000044
          ],
          [
            98.91252975500004,
            30.66727243400004
          ],
          [
            98.91450317400006,
            30.661944237000057
          ],
          [
            98.91642135600006,
            30.657001324000078
          ],
          [
            98.91822395300005,
            30.652668495000057
          ],
          [
            98.91973777800007,
            30.648913212000025
          ],
          [
            98.92088241600004,
            30.64555120500006
          ],
          [
            98.92161048900005,
            30.642230663000078
          ],
          [
            98.92197891200004,
            30.638850422000075
          ],
          [
            98.92200042700006,
            30.635302486000057
          ],
          [
            98.92178024300006,
            30.631514854000045
          ],
          [
            98.92144760100007,
            30.62742851300004
          ],
          [
            98.92120582600006,
            30.62319902400003
          ],
          [
            98.92131202700006,
            30.619020271000068
          ],
          [
            98.92197578400004,
            30.615086880000035
          ],
          [
            98.92339256300005,
            30.61149972900006
          ],
          [
            98.92551559400005,
            30.60832115200003
          ],
          [
            98.92828811600003,
            30.60546005200007
          ],
          [
            98.93134323100008,
            30.602725983000028
          ],
          [
            98.93424194300007,
            30.599849262000077
          ],
          [
            98.93613754300009,
            30.596608772000025
          ],
          [
            98.93653442400006,
            30.592985287000033
          ],
          [
            98.93535873400003,
            30.58901411100004
          ],
          [
            98.93308708200004,
            30.58481546400003
          ],
          [
            98.93047416700006,
            30.580666389000044
          ],
          [
            98.92814765900005,
            30.576857262000033
          ],
          [
            98.92656784100006,
            30.57348791100003
          ],
          [
            98.92585426300008,
            30.57041528700006
          ],
          [
            98.92598846400006,
            30.567453899000043
          ],
          [
            98.92678916900007,
            30.564718285000026
          ],
          [
            98.92797348000005,
            30.56226877200004
          ],
          [
            98.92925964400007,
            30.560097561000077
          ],
          [
            98.93047973600005,
            30.557973099000037
          ],
          [
            98.93146125800007,
            30.55570510900003
          ],
          [
            98.93217186000004,
            30.553051147000076
          ],
          [
            98.93252746600007,
            30.550064602000077
          ],
          [
            98.93256858800004,
            30.54660080000008
          ],
          [
            98.93228981000004,
            30.542833939000047
          ],
          [
            98.93177825900005,
            30.53872423200005
          ],
          [
            98.93115196200006,
            30.53452444100003
          ],
          [
            98.93056823700005,
            30.530331192000062
          ],
          [
            98.93029151900004,
            30.52630365400006
          ],
          [
            98.93057670600007,
            30.52249830200003
          ],
          [
            98.93153984100007,
            30.518881779000026
          ],
          [
            98.93311759900007,
            30.51526271800003
          ],
          [
            98.93503753700008,
            30.511477356000057
          ],
          [
            98.93708274800008,
            30.507340412000076
          ],
          [
            98.93895416300006,
            30.502891788000056
          ],
          [
            98.94056961100006,
            30.498168926000062
          ],
          [
            98.94194648700005,
            30.493276920000028
          ],
          [
            98.94330368000004,
            30.48833486600006
          ],
          [
            98.94485916100007,
            30.483370094000065
          ],
          [
            98.94680587800008,
            30.478567944000076
          ],
          [
            98.94914665200008,
            30.47410665500007
          ],
          [
            98.95184593200008,
            30.470057507000035
          ],
          [
            98.95474327100004,
            30.466143227000032
          ],
          [
            98.95755653400005,
            30.462083454000037
          ],
          [
            98.96001403800005,
            30.457629585000063
          ],
          [
            98.96181129500008,
            30.452767048000055
          ],
          [
            98.96269516000007,
            30.447581081000067
          ],
          [
            98.96264419600004,
            30.442252884000027
          ],
          [
            98.96194587700006,
            30.437039871000025
          ],
          [
            98.96107414200009,
            30.432108154000048
          ],
          [
            98.96053978000003,
            30.427408123000077
          ],
          [
            98.96070266700008,
            30.422766151000076
          ],
          [
            98.96182151800008,
            30.41811965900007
          ],
          [
            98.96388259900004,
            30.41346427900004
          ],
          [
            98.96653518700003,
            30.40890710800005
          ],
          [
            98.96925560000005,
            30.404328537000026
          ],
          [
            98.97144271900004,
            30.399710636000066
          ],
          [
            98.97268920900007,
            30.395211678000067
          ],
          [
            98.97294303900009,
            30.391038094000066
          ],
          [
            98.97232917800005,
            30.387408066000035
          ],
          [
            98.97123481700004,
            30.384348946000046
          ],
          [
            98.96994522100005,
            30.381683559000066
          ],
          [
            98.96873130800009,
            30.379090595000037
          ],
          [
            98.96784767100007,
            30.37629247700005
          ],
          [
            98.96746566800005,
            30.37309244200003
          ],
          [
            98.96766181900006,
            30.36948734300006
          ],
          [
            98.96812545800003,
            30.36574167200007
          ],
          [
            98.96857788100004,
            30.362115154000037
          ],
          [
            98.96880149800006,
            30.358731575000036
          ],
          [
            98.96881927500004,
            30.355531178000035
          ],
          [
            98.96881027200004,
            30.352294407000045
          ],
          [
            98.96892707800004,
            30.34898729300005
          ],
          [
            98.96932960500004,
            30.345502872000054
          ],
          [
            98.97004722600008,
            30.341856823000057
          ],
          [
            98.97113876300006,
            30.338117199000067
          ],
          [
            98.97253570600009,
            30.334485950000044
          ],
          [
            98.97411750800006,
            30.331051407000075
          ],
          [
            98.97562187200003,
            30.32773906700004
          ],
          [
            98.97690193200003,
            30.324266872000067
          ],
          [
            98.97780700700008,
            30.32044920000004
          ],
          [
            98.97838882400004,
            30.316395168000042
          ],
          [
            98.97866783100005,
            30.31243177400006
          ],
          [
            98.97883438100007,
            30.308757954000043
          ],
          [
            98.97900932300007,
            30.30533338500004
          ],
          [
            98.97927787800006,
            30.30200614900008
          ],
          [
            98.97970329300006,
            30.29874809300003
          ],
          [
            98.98028099100009,
            30.29556837100006
          ],
          [
            98.98096298200005,
            30.292435493000028
          ],
          [
            98.98158058200005,
            30.289388084000052
          ],
          [
            98.98190612800005,
            30.286438217000068
          ],
          [
            98.98169105500006,
            30.283574867000027
          ],
          [
            98.98076324500005,
            30.280630932000065
          ],
          [
            98.97911155700007,
            30.27739105200004
          ],
          [
            98.97696449300008,
            30.273754406000023
          ],
          [
            98.97466308600008,
            30.269696083000042
          ],
          [
            98.97259086600008,
            30.26520706200006
          ],
          [
            98.97109046900005,
            30.260404167000047
          ],
          [
            98.97038841200003,
            30.255591640000034
          ],
          [
            98.97048805200006,
            30.250993595000068
          ],
          [
            98.97127609300009,
            30.246675758000038
          ],
          [
            98.97265487700008,
            30.242263947000026
          ],
          [
            98.97455146800007,
            30.23768810300004
          ],
          [
            98.97695945700008,
            30.233010025000056
          ],
          [
            98.97972213700007,
            30.228547363000075
          ],
          [
            98.98274299600007,
            30.224397354000075
          ],
          [
            98.98572700500006,
            30.220618553000065
          ],
          [
            98.98832344100003,
            30.21727237700003
          ],
          [
            98.99013153100003,
            30.214405041000077
          ],
          [
            98.99096000700007,
            30.211941032000027
          ],
          [
            98.99090148900007,
            30.209510727000065
          ],
          [
            98.99016166700005,
            30.206900959000052
          ],
          [
            98.98894577000004,
            30.204093151000052
          ],
          [
            98.98742630000004,
            30.201309567000067
          ],
          [
            98.98576431300006,
            30.19871078500006
          ],
          [
            98.98418502800007,
            30.196324024000035
          ],
          [
            98.98291114800008,
            30.19402524900005
          ],
          [
            98.98208763100007,
            30.19166145300005
          ],
          [
            98.98173477200004,
            30.189174957000034
          ],
          [
            98.98188736000009,
            30.186583691000067
          ],
          [
            98.98249343900005,
            30.183927422000068
          ],
          [
            98.98344291700005,
            30.181246567000073
          ],
          [
            98.98452865600007,
            30.17850469600006
          ],
          [
            98.98551353500005,
            30.17572731000007
          ],
          [
            98.98620170600003,
            30.172912388000043
          ],
          [
            98.98645980800006,
            30.170111828000074
          ],
          [
            98.98631744400006,
            30.167378082000027
          ],
          [
            98.98599586500006,
            30.164644165000027
          ],
          [
            98.98581985500005,
            30.161922207000032
          ],
          [
            98.98604843100009,
            30.159252586000036
          ],
          [
            98.98676132200006,
            30.15683591800007
          ],
          [
            98.98803703300007,
            30.15479690600006
          ],
          [
            98.98991203300005,
            30.153258686000072
          ],
          [
            98.99256218000005,
            30.15218000400006
          ],
          [
            98.99584228500004,
            30.15151725800007
          ],
          [
            98.99957717900008,
            30.151054955000063
          ],
          [
            99.00342536900007,
            30.15054107700007
          ],
          [
            99.00706588700007,
            30.14961515400006
          ],
          [
            99.01006988500006,
            30.148001156000078
          ],
          [
            99.01214630100009,
            30.145533085000068
          ],
          [
            99.01321121200004,
            30.142349567000053
          ],
          [
            99.01355110200006,
            30.138726158000054
          ],
          [
            99.01356292700007,
            30.134873180000056
          ],
          [
            99.01371917700004,
            30.130830536000076
          ],
          [
            99.01433883700008,
            30.126571522000063
          ],
          [
            99.01556091300006,
            30.122213516000045
          ],
          [
            99.01735939000008,
            30.117919521000033
          ],
          [
            99.01947700500006,
            30.114106998000068
          ],
          [
            99.02178100600008,
            30.110910397000055
          ],
          [
            99.02406326300007,
            30.108359566000047
          ],
          [
            99.02637229900006,
            30.106167526000036
          ],
          [
            99.02876052900007,
            30.10396507300004
          ],
          [
            99.03127647400004,
            30.101305332000038
          ],
          [
            99.03388999900005,
            30.098127117000047
          ],
          [
            99.03642280600008,
            30.094515057000024
          ],
          [
            99.03869537400004,
            30.090666027000054
          ],
          [
            99.04044395400007,
            30.086583233000056
          ],
          [
            99.04147567700005,
            30.08239954000004
          ],
          [
            99.04174140900005,
            30.07817960700004
          ],
          [
            99.04145141600009,
            30.07403982200003
          ],
          [
            99.04086517300004,
            30.070047894000027
          ],
          [
            99.04029525800007,
            30.06624572800007
          ],
          [
            99.03983177200007,
            30.062650528000063
          ],
          [
            99.03947364800007,
            30.059333172000038
          ],
          [
            99.03918388400007,
            30.056317120000074
          ],
          [
            99.03893318200005,
            30.053602715000068
          ],
          [
            99.03880546600004,
            30.051017456000068
          ],
          [
            99.03876831100007,
            30.048342037000054
          ],
          [
            99.03882438700003,
            30.04538158400004
          ],
          [
            99.03880127000008,
            30.042090073000054
          ],
          [
            99.03861778300006,
            30.03847986200003
          ],
          [
            99.03823997500007,
            30.034608822000052
          ],
          [
            99.03796684300005,
            30.030358868000064
          ],
          [
            99.03819046000007,
            30.02566530200005
          ],
          [
            99.03926490800006,
            30.02040906900004
          ],
          [
            99.04113235500006,
            30.014606972000024
          ],
          [
            99.04350410500007,
            30.008343067000055
          ],
          [
            99.04584495500006,
            30.00197668100003
          ],
          [
            99.04775009200006,
            29.995760231000077
          ],
          [
            99.04907539400006,
            29.98975263600005
          ],
          [
            99.04992355300004,
            29.983922920000055
          ],
          [
            99.05045723000006,
            29.978525295000054
          ],
          [
            99.05075988800007,
            29.973677750000036
          ],
          [
            99.05083023100008,
            29.969476204000046
          ],
          [
            99.05073684700005,
            29.965603848000057
          ],
          [
            99.05064201400006,
            29.961838989000057
          ],
          [
            99.05074203500004,
            29.958060226000043
          ],
          [
            99.05113327000004,
            29.95453886000007
          ],
          [
            99.05176673900007,
            29.951465549000034
          ],
          [
            99.05258270300004,
            29.948909512000057
          ],
          [
            99.05360260000003,
            29.946728687000075
          ],
          [
            99.05489814800006,
            29.94482582100005
          ],
          [
            99.05650360100003,
            29.943047295000042
          ],
          [
            99.05846931500008,
            29.941385479000076
          ],
          [
            99.06067977900005,
            29.939892273000055
          ],
          [
            99.06301490800007,
            29.938628521000055
          ],
          [
            99.06524421700004,
            29.937514839000073
          ],
          [
            99.06722274800006,
            29.936347084000033
          ],
          [
            99.06869461100007,
            29.934954624000056
          ],
          [
            99.06936233500005,
            29.933229122000057
          ],
          [
            99.06887702900008,
            29.931254997000053
          ],
          [
            99.06709739700005,
            29.92906156500004
          ],
          [
            99.06434890700007,
            29.926697235000063
          ],
          [
            99.06124679600003,
            29.924108543000045
          ],
          [
            99.05847869900003,
            29.92133697500003
          ],
          [
            99.05636390700005,
            29.918433571000037
          ],
          [
            99.05492454500006,
            29.91543458900003
          ],
          [
            99.05405548100003,
            29.912501736000024
          ],
          [
            99.05358665500006,
            29.909703369000056
          ],
          [
            99.05333763100003,
            29.907298298000057
          ],
          [
            99.05310104400007,
            29.90520887400004
          ],
          [
            99.05265625000004,
            29.903293896000037
          ],
          [
            99.05178276100008,
            29.901079864000053
          ],
          [
            99.05050148000004,
            29.898353691000068
          ],
          [
            99.04891929600007,
            29.89506809200003
          ],
          [
            99.04720268200003,
            29.891433620000043
          ],
          [
            99.04542564400003,
            29.887831783000024
          ],
          [
            99.04366828900004,
            29.884481564000055
          ],
          [
            99.04190551800008,
            29.881442966000066
          ],
          [
            99.04003242500005,
            29.87838977800004
          ],
          [
            99.03802185100005,
            29.87510232900007
          ],
          [
            99.03588394200005,
            29.871392822000075
          ],
          [
            99.03379287700005,
            29.86750188800005
          ],
          [
            99.03177337600005,
            29.863495655000065
          ],
          [
            99.02982421900003,
            29.859463310000024
          ],
          [
            99.02793991100003,
            29.855352249000077
          ],
          [
            99.02614547700006,
            29.851043262000076
          ],
          [
            99.02439498900009,
            29.846289673000058
          ],
          [
            99.02245826700005,
            29.840725689000067
          ],
          [
            99.02024299600004,
            29.834217205000073
          ],
          [
            99.01800705000005,
            29.82710899400007
          ],
          [
            99.01637672400005,
            29.820032101000038
          ],
          [
            99.01582641600004,
            29.813665428000036
          ],
          [
            99.01626785300004,
            29.808074188000035
          ],
          [
            99.01726722700005,
            29.80330030400006
          ],
          [
            99.01821777300006,
            29.799094658000058
          ],
          [
            99.01863067600004,
            29.79533741000006
          ],
          [
            99.01835525500007,
            29.791829052000026
          ],
          [
            99.01747558600005,
            29.788557014000048
          ],
          [
            99.01628135700008,
            29.785538444000053
          ],
          [
            99.01499969500009,
            29.782642193000072
          ],
          [
            99.01383834800004,
            29.779685097000026
          ],
          [
            99.01284088100005,
            29.77644889800007
          ],
          [
            99.01201843300004,
            29.772956505000025
          ],
          [
            99.01136825600008,
            29.769381657000054
          ],
          [
            99.01084053000005,
            29.765880775000028
          ],
          [
            99.01042327900007,
            29.762538681000024
          ],
          [
            99.00992981000007,
            29.759190750000073
          ],
          [
            99.00921852100004,
            29.755722027000047
          ],
          [
            99.00811470000008,
            29.752024727000048
          ],
          [
            99.00659561200007,
            29.74800048800006
          ],
          [
            99.00472694400008,
            29.743463116000044
          ],
          [
            99.00271522500003,
            29.73836196900004
          ],
          [
            99.00088119500003,
            29.73284439100007
          ],
          [
            98.99941970800006,
            29.727251301000024
          ],
          [
            98.99840240500004,
            29.721801605000053
          ],
          [
            98.99771026600007,
            29.716613464000034
          ],
          [
            98.99727600100005,
            29.71159835800006
          ],
          [
            98.99700180100007,
            29.706716366000023
          ],
          [
            98.99682525600008,
            29.702050514000064
          ],
          [
            98.99668792700004,
            29.69773899100005
          ],
          [
            98.99649749800005,
            29.693757877000053
          ],
          [
            98.99618194600004,
            29.689998245000027
          ],
          [
            98.99575019800005,
            29.68617145500008
          ],
          [
            98.99525474500007,
            29.682104931000026
          ],
          [
            98.99492576600005,
            29.677756824000028
          ],
          [
            98.99498855600007,
            29.67325952500005
          ],
          [
            98.99556495700006,
            29.668838272000073
          ],
          [
            98.99654335000008,
            29.664599876000068
          ],
          [
            98.99786674500007,
            29.660435085000074
          ],
          [
            98.99946044900008,
            29.65609754600007
          ],
          [
            99.00132621800003,
            29.65134695100005
          ],
          [
            99.00334068300003,
            29.646178074000034
          ],
          [
            99.00536476100007,
            29.640780392000067
          ],
          [
            99.00726738000009,
            29.635377369000025
          ],
          [
            99.00905105600003,
            29.63029619200006
          ],
          [
            99.01071785000005,
            29.625648785000067
          ],
          [
            99.01230308500004,
            29.62149673500005
          ],
          [
            99.01381919900007,
            29.61781015400004
          ],
          [
            99.01532989500004,
            29.61443971600005
          ],
          [
            99.01699371300003,
            29.611124592000067
          ],
          [
            99.01900062600004,
            29.607729607000067
          ],
          [
            99.02140770000005,
            29.604405060000033
          ],
          [
            99.02406654400005,
            29.601251373000025
          ],
          [
            99.02675521800006,
            29.59817987400004
          ],
          [
            99.02931121800003,
            29.59504837000003
          ],
          [
            99.03171943700005,
            29.591733227000077
          ],
          [
            99.03395584100008,
            29.58839494700004
          ],
          [
            99.03601234400008,
            29.585164070000076
          ],
          [
            99.03789550800008,
            29.58223756800004
          ],
          [
            99.03961959800006,
            29.579665489000035
          ],
          [
            99.04139923100007,
            29.577257614000075
          ],
          [
            99.04332893400004,
            29.574735489000034
          ],
          [
            99.04551757800004,
            29.571699581000075
          ],
          [
            99.04769455000007,
            29.568109684000035
          ],
          [
            99.04960258500006,
            29.56392570500003
          ],
          [
            99.05093261700006,
            29.55934848800007
          ],
          [
            99.05157051100008,
            29.55450769400005
          ],
          [
            99.05154747000006,
            29.549734840000042
          ],
          [
            99.05098960900006,
            29.54521371800007
          ],
          [
            99.05011009200007,
            29.541113186000075
          ],
          [
            99.04915496800004,
            29.537370682000073
          ],
          [
            99.04834678600008,
            29.53376363800004
          ],
          [
            99.04790664700005,
            29.52999166500007
          ],
          [
            99.04794967700008,
            29.525716705000036
          ],
          [
            99.04837554900007,
            29.52092626600006
          ],
          [
            99.04883407600005,
            29.51573936500006
          ],
          [
            99.04908714300007,
            29.51068559600003
          ],
          [
            99.04912101700006,
            29.505859032000046
          ],
          [
            99.04917305000004,
            29.50133224500007
          ],
          [
            99.04960807800006,
            29.496963196000024
          ],
          [
            99.05070472700004,
            29.49281927100003
          ],
          [
            99.05248924300008,
            29.48889795300005
          ],
          [
            99.05465919500006,
            29.485321999000064
          ],
          [
            99.05677261400007,
            29.481998539000074
          ],
          [
            99.05839904800007,
            29.478738384000053
          ],
          [
            99.05928764300006,
            29.475256348000073
          ],
          [
            99.05947341900008,
            29.471446743000058
          ],
          [
            99.05923370400006,
            29.46741582900006
          ],
          [
            99.05907020600006,
            29.463406982000038
          ],
          [
            99.05927505500006,
            29.45949420900007
          ],
          [
            99.05990280200007,
            29.45546165500008
          ],
          [
            99.06080253600004,
            29.451047688000074
          ],
          [
            99.06183448800004,
            29.446187725000073
          ],
          [
            99.06290794400007,
            29.440983849000077
          ],
          [
            99.06384559600008,
            29.43579567000006
          ],
          [
            99.06448631300003,
            29.430922852000037
          ],
          [
            99.06468833900004,
            29.426644020000026
          ],
          [
            99.06450729400007,
            29.423026981000078
          ],
          [
            99.06408126800005,
            29.419804459000034
          ],
          [
            99.06352302600004,
            29.416537704000064
          ],
          [
            99.06301223800006,
            29.41263385800005
          ],
          [
            99.06263755800006,
            29.407746201000066
          ],
          [
            99.06263740500003,
            29.401844254000025
          ],
          [
            99.06304107700004,
            29.395291576000034
          ],
          [
            99.06365974400006,
            29.388591747000078
          ],
          [
            99.06422851600007,
            29.38218320800007
          ],
          [
            99.06444084200007,
            29.376266823000037
          ],
          [
            99.06427215600007,
            29.370744648000027
          ],
          [
            99.06389228800003,
            29.36531683000004
          ],
          [
            99.06365539600006,
            29.35982542000005
          ],
          [
            99.06378906200007,
            29.354269733000024
          ],
          [
            99.06440437300006,
            29.348849640000026
          ],
          [
            99.06546104400007,
            29.343673496000065
          ],
          [
            99.06681236300005,
            29.33891016000007
          ],
          [
            99.06822822600009,
            29.334594822000042
          ],
          [
            99.06944397000007,
            29.33071708700004
          ],
          [
            99.07040519700007,
            29.32699155800003
          ],
          [
            99.07113052400007,
            29.32308374400003
          ],
          [
            99.07171043400007,
            29.31893285800004
          ],
          [
            99.07211265600006,
            29.314775009000073
          ],
          [
            99.07234619100007,
            29.310866280000027
          ],
          [
            99.07264144900006,
            29.307224464000058
          ],
          [
            99.07337135300008,
            29.303783035000038
          ],
          [
            99.07488136300003,
            29.300343189000046
          ],
          [
            99.07735496500004,
            29.29705122000007
          ],
          [
            99.08068214400004,
            29.29390859600005
          ],
          [
            99.08450775100005,
            29.29083950000006
          ],
          [
            99.08821624800004,
            29.287684669000043
          ],
          [
            99.09135810900005,
            29.284298859000046
          ],
          [
            99.09366111800006,
            29.280708618000062
          ],
          [
            99.09532707200003,
            29.276913757000045
          ],
          [
            99.09671676600004,
            29.27291185400003
          ],
          [
            99.09811683700008,
            29.268896255000072
          ],
          [
            99.09969444300003,
            29.265180702000066
          ],
          [
            99.10145408600005,
            29.262161121000076
          ],
          [
            99.10346572900005,
            29.259815769000056
          ],
          [
            99.10561164900008,
            29.257821102000037
          ],
          [
            99.10786033600004,
            29.25574480100005
          ],
          [
            99.11006958000007,
            29.25322263700008
          ],
          [
            99.11216369600004,
            29.25009534800006
          ],
          [
            99.11396034200004,
            29.246232548000023
          ],
          [
            99.11524848900007,
            29.241668987000025
          ],
          [
            99.11580345200008,
            29.236602211000047
          ],
          [
            99.11564323400006,
            29.231329498000036
          ],
          [
            99.11499465900005,
            29.226115952000043
          ],
          [
            99.11424163800007,
            29.22105257000004
          ],
          [
            99.11379501300007,
            29.216172905000064
          ],
          [
            99.11397575400008,
            29.211577911000063
          ],
          [
            99.11482551600005,
            29.207427368000026
          ],
          [
            99.11597663900005,
            29.203783455000064
          ],
          [
            99.11698448200008,
            29.200505600000042
          ],
          [
            99.11757072400007,
            29.197512474000064
          ],
          [
            99.11766235400006,
            29.194647064000037
          ],
          [
            99.11727668800006,
            29.191691742000046
          ],
          [
            99.11645034800006,
            29.18834186600003
          ],
          [
            99.11535385100007,
            29.184466972000052
          ],
          [
            99.11412864700009,
            29.180225277000034
          ],
          [
            99.11292404200003,
            29.17596714000007
          ],
          [
            99.11179489100005,
            29.172023830000057
          ],
          [
            99.11093055700007,
            29.16847070700004
          ],
          [
            99.11057792700007,
            29.165206184000056
          ],
          [
            99.11084404000007,
            29.162009201000046
          ],
          [
            99.11153732300005,
            29.15884767500006
          ],
          [
            99.11217224100005,
            29.15574422800006
          ],
          [
            99.11236656200003,
            29.152712860000065
          ],
          [
            99.11202926600004,
            29.149764118000064
          ],
          [
            99.11143714900004,
            29.146930904000044
          ],
          [
            99.11099884000004,
            29.144251232000045
          ],
          [
            99.11097717300004,
            29.141664371000047
          ],
          [
            99.11148201000003,
            29.138992519000055
          ],
          [
            99.11239509600006,
            29.13605676700007
          ],
          [
            99.11352798500008,
            29.13251146300007
          ],
          [
            99.11450729400008,
            29.12823587400004
          ],
          [
            99.11512664800006,
            29.123186626000063
          ],
          [
            99.11527778600004,
            29.117616997000027
          ],
          [
            99.11517135600008,
            29.111762199000054
          ],
          [
            99.11493637100006,
            29.106046543000048
          ],
          [
            99.11474708600008,
            29.10086608900008
          ],
          [
            99.11464859000006,
            29.096598167000025
          ],
          [
            99.11458931000004,
            29.093112793000046
          ],
          [
            99.11449020400005,
            29.090083523000033
          ],
          [
            99.11432365400003,
            29.08694494200006
          ],
          [
            99.11412040700009,
            29.083492851000074
          ],
          [
            99.11403183000004,
            29.079542255000035
          ],
          [
            99.11414840700007,
            29.075018845000045
          ],
          [
            99.11460601800007,
            29.06993249900006
          ],
          [
            99.11543052700006,
            29.064456806000067
          ],
          [
            99.11659309400005,
            29.05891731300005
          ],
          [
            99.11797866800003,
            29.05363365200003
          ],
          [
            99.11943664600005,
            29.048786259000053
          ],
          [
            99.12084396400007,
            29.044333229000074
          ],
          [
            99.12208793600007,
            29.040076885000076
          ],
          [
            99.12310531600008,
            29.036015873000053
          ],
          [
            99.12381767300008,
            29.032162724000045
          ],
          [
            99.12434806800007,
            29.028389854000068
          ],
          [
            99.12475219700008,
            29.02439197500007
          ],
          [
            99.12508110000005,
            29.019939461000035
          ],
          [
            99.12512329100008,
            29.015042152000035
          ],
          [
            99.12483718900006,
            29.00987445800007
          ],
          [
            99.12430343600005,
            29.004755783000064
          ],
          [
            99.12382720900007,
            28.99995220200003
          ],
          [
            99.12363990800009,
            28.995588894000036
          ],
          [
            99.12372276300005,
            28.99176464100003
          ],
          [
            99.12396019000005,
            28.988302307000026
          ],
          [
            99.12427963300007,
            28.98489843400006
          ],
          [
            99.12477188100007,
            28.981054974000074
          ],
          [
            99.12554870600007,
            28.976736088000052
          ],
          [
            99.12660797100006,
            28.97228292500006
          ],
          [
            99.12778297400007,
            28.96801828400004
          ],
          [
            99.12887565600005,
            28.964164734000065
          ],
          [
            99.12971748400008,
            28.960619068000028
          ],
          [
            99.13028038000004,
            28.957285442000057
          ],
          [
            99.13062934900006,
            28.95411026000005
          ],
          [
            99.13078857400006,
            28.95113905000005
          ],
          [
            99.13080062900008,
            28.948405514000058
          ],
          [
            99.13062255900007,
            28.945683556000063
          ],
          [
            99.13022964500004,
            28.94260046000005
          ],
          [
            99.12959732100006,
            28.938764992000074
          ],
          [
            99.12898025500004,
            28.934256229000027
          ],
          [
            99.12867294300008,
            28.929372330000035
          ],
          [
            99.12879348800004,
            28.924336319000076
          ],
          [
            99.12912567100005,
            28.919325085000025
          ],
          [
            99.12934356700003,
            28.914340897000045
          ],
          [
            99.12906723000003,
            28.909290180000028
          ],
          [
            99.12811096200005,
            28.904134102000057
          ],
          [
            99.12636543300005,
            28.898889866000047
          ],
          [
            99.12405174300005,
            28.893801861000043
          ],
          [
            99.12142829900006,
            28.888891983000065
          ],
          [
            99.11889549300008,
            28.884232807000046
          ],
          [
            99.11671058700006,
            28.879807129000028
          ],
          [
            99.11497871400007,
            28.875668392000023
          ],
          [
            99.11360984800007,
            28.871893330000034
          ],
          [
            99.11249092100007,
            28.86839645400005
          ],
          [
            99.11143203700004,
            28.86488733300007
          ],
          [
            99.11047325100009,
            28.860939579000046
          ],
          [
            99.10962036100005,
            28.856296825000072
          ],
          [
            99.10905441300008,
            28.850860348000026
          ],
          [
            99.10872963000008,
            28.84455986000006
          ],
          [
            99.10860137900005,
            28.83751037600007
          ],
          [
            99.10847908000005,
            28.830179214000054
          ],
          [
            99.10835357700006,
            28.823111591000043
          ],
          [
            99.10828506500008,
            28.816489868000076
          ],
          [
            99.10845558200003,
            28.810300217000076
          ],
          [
            99.10902641300004,
            28.804565353000044
          ],
          [
            99.11003723100004,
            28.799312248000035
          ],
          [
            99.11141899100005,
            28.79444555300006
          ],
          [
            99.11295227100004,
            28.78991102200007
          ],
          [
            99.11439163200004,
            28.785693665000053
          ],
          [
            99.11545295700006,
            28.781929836000074
          ],
          [
            99.11609642000008,
            28.778581295000038
          ],
          [
            99.11639259300006,
            28.775633221000078
          ],
          [
            99.11654518100005,
            28.772840557000052
          ],
          [
            99.11669723500006,
            28.770025005000036
          ],
          [
            99.11696762100007,
            28.766988239000057
          ],
          [
            99.11741066000008,
            28.763706512000056
          ],
          [
            99.11809616100004,
            28.760110130000044
          ],
          [
            99.11906906100006,
            28.75641609200005
          ],
          [
            99.12035240200004,
            28.752731647000076
          ],
          [
            99.12190895100008,
            28.749208431000056
          ],
          [
            99.12368339500006,
            28.745806084000037
          ],
          [
            99.12548591600006,
            28.74269866900005
          ],
          [
            99.12720100400009,
            28.739988422000067
          ],
          [
            99.12871116600007,
            28.737789001000067
          ],
          [
            99.13002136200004,
            28.735919514000045
          ],
          [
            99.13114212000005,
            28.73423578300003
          ],
          [
            99.13210601800006,
            28.732508259000042
          ],
          [
            99.13296211200009,
            28.730731812000045
          ],
          [
            99.13371154800006,
            28.72881010100008
          ],
          [
            99.13426384000007,
            28.72663923300007
          ],
          [
            99.13447830200005,
            28.724175224000078
          ],
          [
            99.13426116900007,
            28.721449261000032
          ],
          [
            99.13371398900006,
            28.718739147000065
          ],
          [
            99.13298248300003,
            28.716084290000026
          ],
          [
            99.13221504200004,
            28.713599396000063
          ],
          [
            99.13147529600008,
            28.711061707000056
          ],
          [
            99.13080078100006,
            28.70836990400005
          ],
          [
            99.13028022800006,
            28.70523883800007
          ],
          [
            99.13008766200005,
            28.70164772000004
          ],
          [
            99.13049766500006,
            28.69764539700003
          ],
          [
            99.13159606900007,
            28.69339555700003
          ],
          [
            99.13329254100006,
            28.68910547300004
          ],
          [
            99.13528106700005,
            28.684866371000055
          ],
          [
            99.13732650800006,
            28.68078002900006
          ],
          [
            99.13924217200008,
            28.67702760700007
          ],
          [
            99.14083671600008,
            28.67369171100006
          ],
          [
            99.14201698300008,
            28.670805416000064
          ],
          [
            99.14275764500007,
            28.66795240400006
          ],
          [
            99.14333442700007,
            28.66493888900004
          ],
          [
            99.14395652800005,
            28.661524086000043
          ],
          [
            99.14477607700007,
            28.657943974000034
          ],
          [
            99.14573364300009,
            28.65437580100007
          ],
          [
            99.14684410100006,
            28.651082649000045
          ],
          [
            99.14824508700008,
            28.648044224000046
          ],
          [
            99.15011268600006,
            28.645205498000053
          ],
          [
            99.15242507900007,
            28.64252084700007
          ],
          [
            99.15497001600005,
            28.640084820000027
          ],
          [
            99.15735458400007,
            28.638049240000043
          ],
          [
            99.15937347400006,
            28.636396294000065
          ],
          [
            99.16087944000009,
            28.63499990500003
          ],
          [
            99.16190376300005,
            28.63357820500005
          ],
          [
            99.16245224000005,
            28.63200521500005
          ],
          [
            99.16268501300004,
            28.630239601000028
          ],
          [
            99.16274810800007,
            28.62842578900006
          ],
          [
            99.16281013500009,
            28.62668735500006
          ],
          [
            99.16301391600007,
            28.625162067000076
          ],
          [
            99.16352935800006,
            28.623756123000078
          ],
          [
            99.16452980000008,
            28.622281818000033
          ],
          [
            99.16604415900008,
            28.620441265000068
          ],
          [
            99.16781318700004,
            28.618134937000036
          ],
          [
            99.16932327300003,
            28.615445347000048
          ],
          [
            99.17012832600005,
            28.61261201900004
          ],
          [
            99.17025062600004,
            28.609879627000055
          ],
          [
            99.17002662700008,
            28.607280159000027
          ],
          [
            99.16989891100008,
            28.604670200000044
          ],
          [
            99.17025947600007,
            28.602003059000026
          ],
          [
            99.17135314900008,
            28.59934396700004
          ],
          [
            99.17314193700008,
            28.596910858000058
          ],
          [
            99.17523399400005,
            28.59488559700003
          ],
          [
            99.17725250200004,
            28.59326894800006
          ],
          [
            99.17891212500007,
            28.591934433000063
          ],
          [
            99.18013984700008,
            28.59058542300005
          ],
          [
            99.18090339700007,
            28.588986435000038
          ],
          [
            99.18107421900004,
            28.58692415200005
          ],
          [
            99.18053581200007,
            28.584429760000035
          ],
          [
            99.17932197600004,
            28.581498261000036
          ],
          [
            99.17772216800006,
            28.578342934000034
          ],
          [
            99.17615974400007,
            28.575111523000032
          ],
          [
            99.17491981500007,
            28.571921349000036
          ],
          [
            99.17408935500004,
            28.56867527000003
          ],
          [
            99.17366325400008,
            28.56535959200005
          ],
          [
            99.17359252900008,
            28.56197958000007
          ],
          [
            99.17381126400005,
            28.558639164000056
          ],
          [
            99.17422409100004,
            28.555236511000032
          ],
          [
            99.17483680700008,
            28.55150602300006
          ],
          [
            99.17571502700008,
            28.54719253500008
          ],
          [
            99.17688850400003,
            28.542359886000042
          ],
          [
            99.17825904800009,
            28.537201767000056
          ],
          [
            99.17969749500008,
            28.531894074000036
          ],
          [
            99.18120948800004,
            28.526503105000074
          ],
          [
            99.18286239600008,
            28.52104160300007
          ],
          [
            99.18470153800007,
            28.515740166000057
          ],
          [
            99.18667671200006,
            28.51065422100004
          ],
          [
            99.18855430600007,
            28.50591754900006
          ],
          [
            99.19010963400007,
            28.501446018000024
          ],
          [
            99.19108078000005,
            28.497284660000048
          ],
          [
            99.19138252300007,
            28.493331642000044
          ],
          [
            99.19110038800005,
            28.48957004500005
          ],
          [
            99.19045318600007,
            28.48589141800005
          ],
          [
            99.18965164200006,
            28.482439327000066
          ],
          [
            99.18879646300007,
            28.47916658400004
          ],
          [
            99.18788269000004,
            28.476114349000056
          ],
          [
            99.18693870500005,
            28.47281066900007
          ],
          [
            99.18610000600006,
            28.46916202500006
          ],
          [
            99.18557006800006,
            28.46473074000005
          ],
          [
            99.18548973100008,
            28.46003212000005
          ],
          [
            99.18582923900004,
            28.455126419000067
          ],
          [
            99.18615226700007,
            28.45049121900007
          ],
          [
            99.18587150600007,
            28.446082077000028
          ],
          [
            99.18466507000005,
            28.442171116000054
          ],
          [
            99.18259689300004,
            28.438688526000078
          ],
          [
            99.18020286600006,
            28.43585107800004
          ],
          [
            99.17784118700007,
            28.433541908000052
          ],
          [
            99.17586425800005,
            28.431593685000053
          ],
          [
            99.17433486900006,
            28.429598274000057
          ],
          [
            99.17336235000005,
            28.427098408000063
          ],
          [
            99.17304641700008,
            28.423996601000056
          ],
          [
            99.17339546200009,
            28.42029270200004
          ],
          [
            99.17436210600005,
            28.416383495000048
          ],
          [
            99.17575561500007,
            28.412658501000067
          ],
          [
            99.17733970600005,
            28.40928777700003
          ],
          [
            99.17887695300004,
            28.40638450600005
          ],
          [
            99.18053535500007,
            28.403614540000035
          ],
          [
            99.18258583100004,
            28.400733967000065
          ],
          [
            99.18544334400008,
            28.39743257500004
          ],
          [
            99.18897766100008,
            28.393984509000063
          ],
          [
            99.19280769300008,
            28.390678711000078
          ],
          [
            99.19636245700008,
            28.38765825300004
          ],
          [
            99.19924781800006,
            28.384782105000056
          ],
          [
            99.20135398900004,
            28.381873417000065
          ],
          [
            99.20278343200005,
            28.378832188000047
          ],
          [
            99.20375808700004,
            28.37576068900006
          ],
          [
            99.20453353900007,
            28.372714691000056
          ],
          [
            99.20541511500005,
            28.369827213000065
          ],
          [
            99.20677055400006,
            28.367173214000047
          ],
          [
            99.20883789100009,
            28.364733467000065
          ],
          [
            99.21171867400005,
            28.362378426000078
          ],
          [
            99.21524856600007,
            28.360076141000036
          ],
          [
            99.21914215100009,
            28.357965679000074
          ],
          [
            99.22300643900007,
            28.356125660000032
          ],
          [
            99.22654144300009,
            28.354457169000057
          ],
          [
            99.22940933200005,
            28.352626305000058
          ],
          [
            99.23147407500005,
            28.350239258000045
          ],
          [
            99.23270607000006,
            28.347102051000036
          ],
          [
            99.23347595200005,
            28.343074303000037
          ],
          [
            99.23416999800008,
            28.338303757000062
          ],
          [
            99.23524971000006,
            28.333223133000047
          ],
          [
            99.23685615500005,
            28.32829713800004
          ],
          [
            99.23900772100006,
            28.32367679600003
          ],
          [
            99.24156547500007,
            28.319419117000052
          ],
          [
            99.24435920700006,
            28.315595512000073
          ],
          [
            99.24724372900005,
            28.312379475000057
          ],
          [
            99.25018074000008,
            28.309842453000044
          ],
          [
            99.25319351200005,
            28.30795650500005
          ],
          [
            99.25634719800007,
            28.306578884000032
          ],
          [
            99.25974380500008,
            28.305572987000062
          ],
          [
            99.26345001200008,
            28.304770718000043
          ],
          [
            99.26740989700005,
            28.304099731000065
          ],
          [
            99.27146377600008,
            28.30348228500003
          ],
          [
            99.27541404700008,
            28.302861767000024
          ],
          [
            99.27898048400004,
            28.30206136700008
          ],
          [
            99.28191223100004,
            28.300970478000067
          ],
          [
            99.28409225500008,
            28.299480782000046
          ],
          [
            99.28561721800008,
            28.297634239000047
          ],
          [
            99.28669906600004,
            28.295416241000055
          ],
          [
            99.28744995100004,
            28.292818470000043
          ],
          [
            99.28787918100005,
            28.289769974000023
          ],
          [
            99.28788879400008,
            28.286270046000027
          ],
          [
            99.28741767900004,
            28.28239496200007
          ],
          [
            99.28651191700004,
            28.278269997000052
          ],
          [
            99.28537681600005,
            28.274095688000045
          ],
          [
            99.28437202500004,
            28.27012785000005
          ],
          [
            99.28396514900004,
            28.266558590000045
          ],
          [
            99.28484703100008,
            28.26372119900003
          ],
          [
            99.28726158100005,
            28.261790466000036
          ],
          [
            99.29100936900005,
            28.260790005000047
          ],
          [
            99.29526870700005,
            28.26031070700003
          ],
          [
            99.29926750200008,
            28.259761963000074
          ],
          [
            99.30250396700006,
            28.258622417000026
          ],
          [
            99.30479919400005,
            28.25674356500008
          ],
          [
            99.30625816300005,
            28.25419948600006
          ],
          [
            99.30709686300008,
            28.251314240000056
          ],
          [
            99.30755455000008,
            28.24826999700008
          ],
          [
            99.30778518700004,
            28.245254345000035
          ],
          [
            99.30795707700008,
            28.242271729000038
          ],
          [
            99.30809791600007,
            28.239291801000036
          ],
          [
            99.30828353900006,
            28.236228809000067
          ],
          [
            99.30850456200005,
            28.23298683200005
          ],
          [
            99.30891052200008,
            28.229515495000044
          ],
          [
            99.30968978900006,
            28.22593568800005
          ],
          [
            99.31102684000007,
            28.22257408100006
          ],
          [
            99.31296249400003,
            28.21965681100005
          ],
          [
            99.31541694600008,
            28.217345047000038
          ],
          [
            99.31830474900005,
            28.215617371000064
          ],
          [
            99.32163345300006,
            28.21433376300007
          ],
          [
            99.32535102800006,
            28.213339519000044
          ],
          [
            99.32926216100009,
            28.21244979900007
          ],
          [
            99.33294181800005,
            28.211533833000033
          ],
          [
            99.33616767900008,
            28.210329514000023
          ],
          [
            99.33894073500005,
            28.208747540000047
          ],
          [
            99.34145683300005,
            28.206702461000077
          ],
          [
            99.34389061000007,
            28.20440897000003
          ],
          [
            99.34631622300009,
            28.20195062600004
          ],
          [
            99.34876030000004,
            28.199398022000025
          ],
          [
            99.35123031600006,
            28.196581841000068
          ],
          [
            99.35381980900007,
            28.19351213500005
          ],
          [
            99.35671089200008,
            28.190382938000027
          ],
          [
            99.36010063200007,
            28.18746351200008
          ],
          [
            99.36403610200006,
            28.185066566000046
          ],
          [
            99.36832923900005,
            28.183217869000032
          ],
          [
            99.37261039700007,
            28.181836071000077
          ],
          [
            99.37649452200009,
            28.180554104000066
          ],
          [
            99.37973808300006,
            28.17897514300006
          ],
          [
            99.38235862700009,
            28.176790028000028
          ],
          [
            99.38445701600006,
            28.173990402000072
          ],
          [
            99.38619178800008,
            28.170878220000077
          ],
          [
            99.38781669600007,
            28.167859230000033
          ],
          [
            99.38963745100006,
            28.16519878400004
          ],
          [
            99.39181411700008,
            28.16287147500003
          ],
          [
            99.39442825300006,
            28.160523682000075
          ],
          [
            99.39707145700004,
            28.157919064000055
          ],
          [
            99.39942901600006,
            28.154831409000053
          ],
          [
            99.40084907500005,
            28.151604939000038
          ],
          [
            99.40127624500008,
            28.148311577000072
          ],
          [
            99.40074928300004,
            28.145122395000044
          ],
          [
            99.39966873200007,
            28.141969318000065
          ],
          [
            99.39829055800004,
            28.138703976000045
          ],
          [
            99.39696853600003,
            28.135238514000037
          ],
          [
            99.39586563100005,
            28.131433144000027
          ],
          [
            99.39541351300005,
            28.12780321100007
          ],
          [
            99.39566101100007,
            28.124627152000073
          ],
          [
            99.39658180200007,
            28.12203117400003
          ],
          [
            99.39792808500005,
            28.119890862000034
          ],
          [
            99.39967086800004,
            28.11802349100003
          ],
          [
            99.40171150200007,
            28.11628423700006
          ],
          [
            99.40402824400007,
            28.114503994000074
          ],
          [
            99.40637252800008,
            28.112572327000066
          ],
          [
            99.40840416000003,
            28.11043939600006
          ],
          [
            99.40972343400006,
            28.108031406000066
          ],
          [
            99.41005325300006,
            28.10518339200007
          ],
          [
            99.40936096200005,
            28.101641922000056
          ],
          [
            99.40787658700003,
            28.097378235000065
          ],
          [
            99.40595253000004,
            28.092546844000026
          ],
          [
            99.40417587300004,
            28.087568951000037
          ],
          [
            99.40306442300005,
            28.08259674100003
          ],
          [
            99.40294654800005,
            28.07763431500007
          ],
          [
            99.40372383100004,
            28.072685413000045
          ],
          [
            99.40502838100008,
            28.06772125200007
          ],
          [
            99.40635795600008,
            28.062868843000047
          ],
          [
            99.40740425100006,
            28.05807815600008
          ],
          [
            99.40793220500007,
            28.053499432000024
          ],
          [
            99.40797218300008,
            28.049212151000063
          ],
          [
            99.40771728500005,
            28.04532074000008
          ],
          [
            99.40750175500006,
            28.04186117200004
          ],
          [
            99.40753936800007,
            28.038681335000035
          ],
          [
            99.40788841200003,
            28.035581379000064
          ],
          [
            99.40849700900009,
            28.03229435000003
          ],
          [
            99.40933067300006,
            28.028740749000065
          ],
          [
            99.41035438500006,
            28.024840832000052
          ],
          [
            99.41141998300009,
            28.020802898000056
          ],
          [
            99.41232658400008,
            28.016675892000023
          ],
          [
            99.41286895800005,
            28.01279024100006
          ],
          [
            99.41300911000008,
            28.009147987000063
          ],
          [
            99.41280113200008,
            28.00576677300006
          ],
          [
            99.41210350000006,
            28.002022839000063
          ],
          [
            99.41108238200007,
            27.997346458000038
          ],
          [
            99.41002922100006,
            27.991247540000074
          ],
          [
            99.40986190800004,
            27.984143333000077
          ],
          [
            99.41059761000008,
            27.976382294000075
          ],
          [
            99.41194747900005,
            27.967990646000032
          ],
          [
            99.41316566500007,
            27.958971977000033
          ],
          [
            99.41477233900008,
            27.949740486000053
          ],
          [
            99.41722900400003,
            27.940875626000036
          ],
          [
            99.42130218500006,
            27.932604790000028
          ],
          [
            99.42645355200005,
            27.924774914000068
          ],
          [
            99.43198280300004,
            27.917018547000055
          ],
          [
            99.43668045000004,
            27.909468079000078
          ],
          [
            99.44018600500004,
            27.902006226000026
          ],
          [
            99.44252243000005,
            27.894236469000077
          ],
          [
            99.44441436800008,
            27.885305080000023
          ],
          [
            99.44671234100008,
            27.87439203300005
          ],
          [
            99.44980758700007,
            27.861960297000053
          ],
          [
            99.45317894000004,
            27.849112301000048
          ],
          [
            99.45588867200007,
            27.83713146200006
          ],
          [
            99.45678756700005,
            27.826541882000072
          ],
          [
            99.45521469100004,
            27.81741352100005
          ],
          [
            99.45119285600003,
            27.80958128000003
          ],
          [
            99.44570739700004,
            27.80270534500005
          ],
          [
            99.44017341600005,
            27.796228161000045
          ],
          [
            99.43572944600004,
            27.789623661000064
          ],
          [
            99.43301940900005,
            27.78263399100007
          ],
          [
            99.43228805500007,
            27.775278702000037
          ],
          [
            99.43321121200006,
            27.767392063000045
          ],
          [
            99.43528373700008,
            27.759096088000035
          ],
          [
            99.43770065300004,
            27.750488777000044
          ],
          [
            99.44063301100005,
            27.741693077000036
          ],
          [
            99.44440124500005,
            27.733270721000054
          ],
          [
            99.44919349700007,
            27.72526201200003
          ],
          [
            99.45404518100008,
            27.71779810000004
          ],
          [
            99.45836814900008,
            27.71054552100003
          ],
          [
            99.46198631300007,
            27.703356247000045
          ],
          [
            99.46507461500005,
            27.69621116600007
          ],
          [
            99.46801864600008,
            27.68879184700006
          ],
          [
            99.47102455100008,
            27.680978012000026
          ],
          [
            99.47448547400006,
            27.67243961300005
          ],
          [
            99.47881599400006,
            27.663579979000076
          ],
          [
            99.48407913200003,
            27.654634628000053
          ],
          [
            99.49025093100005,
            27.64712282200003
          ],
          [
            99.49731391900008,
            27.641825829000027
          ],
          [
            99.50489753700003,
            27.638908539000056
          ],
          [
            99.51197929400007,
            27.636649284000043
          ],
          [
            99.51724998500003,
            27.632895031000032
          ],
          [
            99.52021339400005,
            27.62637699100003
          ],
          [
            99.52164413500009,
            27.617516899000066
          ],
          [
            99.52293937700006,
            27.607724915000063
          ],
          [
            99.52476097100003,
            27.598702030000027
          ],
          [
            99.52729087800009,
            27.591090832000077
          ],
          [
            99.53074783300008,
            27.58485796000008
          ],
          [
            99.53551384000008,
            27.57931367900005
          ],
          [
            99.54108322100006,
            27.573675060000028
          ],
          [
            99.54653953600007,
            27.567461834000028
          ],
          [
            99.55077224700005,
            27.56035287900005
          ],
          [
            99.55411308300006,
            27.552981129000045
          ],
          [
            99.55732124300005,
            27.545843830000024
          ],
          [
            99.56074203500003,
            27.53931938200003
          ],
          [
            99.56386810300006,
            27.533454456000072
          ],
          [
            99.56561042800007,
            27.527653027000042
          ],
          [
            99.56595207200007,
            27.521670036000046
          ],
          [
            99.56532829300005,
            27.514741955000034
          ],
          [
            99.56480964700006,
            27.50741664900005
          ],
          [
            99.56514602700008,
            27.499698753000075
          ],
          [
            99.56674682600004,
            27.49227092700005
          ],
          [
            99.56978660600004,
            27.48540014300005
          ],
          [
            99.57382843000005,
            27.47958623900007
          ],
          [
            99.57855125400005,
            27.47428564100005
          ],
          [
            99.58367698700005,
            27.469234352000058
          ],
          [
            99.58925941500007,
            27.46404476200007
          ],
          [
            99.59493377700005,
            27.459193783000046
          ],
          [
            99.59930984500005,
            27.45435794800005
          ],
          [
            99.60159400900005,
            27.449116116000027
          ],
          [
            99.60250686600006,
            27.442649994000078
          ],
          [
            99.60385696400004,
            27.435385647000032
          ],
          [
            99.60675064100008,
            27.427900372000067
          ],
          [
            99.61064094500006,
            27.420894375000046
          ],
          [
            99.61452796900005,
            27.414273510000044
          ],
          [
            99.61784637500006,
            27.40819713600007
          ],
          [
            99.62104354900004,
            27.40242631900003
          ],
          [
            99.62494682300007,
            27.397051601000044
          ],
          [
            99.62976066600004,
            27.391902065000068
          ],
          [
            99.63561279300006,
            27.38629844700006
          ],
          [
            99.64162071200008,
            27.379666920000034
          ],
          [
            99.64705360400006,
            27.371994095000048
          ],
          [
            99.65042884800005,
            27.363867569000035
          ],
          [
            99.65103263900005,
            27.35612419100005
          ],
          [
            99.64919296300008,
            27.34888090100003
          ],
          [
            99.64672439600008,
            27.34209793100007
          ],
          [
            99.64510978700008,
            27.335201359000052
          ],
          [
            99.64564460800005,
            27.32846889500007
          ],
          [
            99.64842689500006,
            27.321707325000034
          ],
          [
            99.65289146400005,
            27.31503282500006
          ],
          [
            99.65776123000006,
            27.308263836000037
          ],
          [
            99.66268402100008,
            27.302014580000048
          ],
          [
            99.66773376500004,
            27.296263924000073
          ],
          [
            99.67352310200005,
            27.290723343000025
          ],
          [
            99.67984794600005,
            27.285022793000053
          ],
          [
            99.68625251800006,
            27.279367084000057
          ],
          [
            99.69214233400004,
            27.274083576000066
          ],
          [
            99.69739357000009,
            27.26902450600005
          ],
          [
            99.70262245200007,
            27.264164848000064
          ],
          [
            99.70861679100005,
            27.258939819000034
          ],
          [
            99.71561279300005,
            27.25342308000006
          ],
          [
            99.72309349100004,
            27.247228584000027
          ],
          [
            99.73063072200006,
            27.24056093200005
          ],
          [
            99.73823844900005,
            27.233477325000024
          ],
          [
            99.74613090500009,
            27.22609100300008
          ],
          [
            99.75458869900007,
            27.21900497400003
          ],
          [
            99.76290847800004,
            27.212653027000044
          ],
          [
            99.77072639500005,
            27.207202892000055
          ],
          [
            99.77787574800004,
            27.20215152700007
          ],
          [
            99.78461326600006,
            27.19714887600003
          ],
          [
            99.79146736100006,
            27.19120060000006
          ],
          [
            99.79794258100009,
            27.184292412000048
          ],
          [
            99.80443389900006,
            27.176659374000053
          ],
          [
            99.81089736900003,
            27.16916366600003
          ],
          [
            99.81756980900008,
            27.161922607000065
          ],
          [
            99.82423049900007,
            27.154679146000035
          ],
          [
            99.83072563200005,
            27.14714813200004
          ],
          [
            99.83701660200006,
            27.139549904000035
          ],
          [
            99.84255218500005,
            27.13221653000005
          ],
          [
            99.84725662200003,
            27.125022450000074
          ],
          [
            99.85132064800007,
            27.118062382000062
          ],
          [
            99.85577011100008,
            27.110917873000062
          ],
          [
            99.86144905100008,
            27.104061070000057
          ],
          [
            99.86855766300005,
            27.09802198400007
          ],
          [
            99.87644653300003,
            27.09307626700007
          ],
          [
            99.88401817300007,
            27.08853614800006
          ],
          [
            99.89050666800006,
            27.083798466000076
          ],
          [
            99.89548301700006,
            27.07858285900005
          ],
          [
            99.89932251000005,
            27.072978001000024
          ],
          [
            99.90257629400008,
            27.067118969000035
          ],
          [
            99.90608688400005,
            27.060794525000063
          ],
          [
            99.91008728000008,
            27.054222736000042
          ],
          [
            99.91464370700004,
            27.047639122000078
          ],
          [
            99.91937263500006,
            27.041445942000053
          ],
          [
            99.92409584000006,
            27.035488815000065
          ],
          [
            99.92872131300004,
            27.029562035000026
          ],
          [
            99.93346748400006,
            27.023186913000075
          ],
          [
            99.93852966300005,
            27.01639621700008
          ],
          [
            99.94381179800007,
            27.009305553000047
          ],
          [
            99.94894363400005,
            27.00211980800003
          ],
          [
            99.95368774400004,
            26.994946613000025
          ],
          [
            99.95773170500007,
            26.98758684200004
          ],
          [
            99.96031601000004,
            26.980003986000042
          ],
          [
            99.96122642500006,
            26.972039394000035
          ],
          [
            99.96054534900009,
            26.96399053600004
          ],
          [
            99.95971359300006,
            26.955750370000032
          ],
          [
            99.95912323000005,
            26.947095451000052
          ],
          [
            99.95901123000004,
            26.937863083000025
          ],
          [
            99.95917495700007,
            26.92831188200006
          ],
          [
            99.95970565800008,
            26.919048443000065
          ],
          [
            99.96085144000006,
            26.910205936000068
          ],
          [
            99.96250770600005,
            26.901872234000052
          ],
          [
            99.96447197000003,
            26.89404466600007
          ],
          [
            99.96717720000004,
            26.887266922000038
          ],
          [
            99.97126068100005,
            26.882656479000048
          ],
          [
            99.97760910000005,
            26.88092508300008
          ],
          [
            99.98614769000005,
            26.882199497000045
          ],
          [
            99.99599792500004,
            26.885740128000066
          ],
          [
            100.00643081700008,
            26.890904694000028
          ],
          [
            100.01645248400007,
            26.897051315000056
          ],
          [
            100.02548957800008,
            26.90403873400004
          ],
          [
            100.03302047700004,
            26.911633511000048
          ],
          [
            100.03939529400009,
            26.92008224500006
          ],
          [
            100.04513671900008,
            26.929206066000063
          ],
          [
            100.05035896300006,
            26.939664230000062
          ],
          [
            100.05478828400004,
            26.951383820000046
          ],
          [
            100.05792747500004,
            26.964289188000066
          ],
          [
            100.06090736400006,
            26.97665941200006
          ],
          [
            100.06461845400008,
            26.988254433000066
          ],
          [
            100.06917099000003,
            26.99889698000004
          ],
          [
            100.07314933800006,
            27.009162254000046
          ],
          [
            100.07510719300006,
            27.018933640000057
          ],
          [
            100.07507507300005,
            27.028178558000036
          ],
          [
            100.07424072300006,
            27.036851311000078
          ],
          [
            100.07396064800008,
            27.045222912000042
          ],
          [
            100.07408798200004,
            27.053735027000073
          ],
          [
            100.07369400000005,
            27.06213527700004
          ],
          [
            100.07202972400006,
            27.070162735000054
          ],
          [
            100.06964927700005,
            27.077275620000023
          ],
          [
            100.06727546700006,
            27.083705235000025
          ],
          [
            100.06525085400006,
            27.09016355500006
          ],
          [
            100.06312530500009,
            27.097326508000037
          ],
          [
            100.06067512500005,
            27.105773830000032
          ],
          [
            100.05824012800008,
            27.115768089000028
          ],
          [
            100.05686325100004,
            27.127065506000065
          ],
          [
            100.05742584200004,
            27.13872005500008
          ],
          [
            100.06045646700005,
            27.149397259000068
          ],
          [
            100.06603248600004,
            27.158374062000064
          ],
          [
            100.07399734500007,
            27.165713882000034
          ],
          [
            100.08351730300006,
            27.17218097700004
          ],
          [
            100.09342514000008,
            27.17844671200004
          ],
          [
            100.10293899500004,
            27.18569437000008
          ],
          [
            100.11171081500004,
            27.19423454300005
          ],
          [
            100.11969528200007,
            27.20450784700006
          ],
          [
            100.12701736400004,
            27.215316792000067
          ],
          [
            100.13383560200003,
            27.225782089000063
          ],
          [
            100.14036735500008,
            27.234966564000047
          ],
          [
            100.14705177300004,
            27.24304664600004
          ],
          [
            100.15401908900009,
            27.250183697000068
          ],
          [
            100.16137390100005,
            27.256924343000037
          ],
          [
            100.16840797400005,
            27.263443375000065
          ],
          [
            100.17475067100008,
            27.270161819000066
          ],
          [
            100.18045791600008,
            27.27681793200003
          ],
          [
            100.18591110200003,
            27.283549824000033
          ],
          [
            100.19135940600006,
            27.29007299400007
          ],
          [
            100.19714912400008,
            27.296301250000056
          ],
          [
            100.20348594700005,
            27.301592979000077
          ],
          [
            100.21063606300004,
            27.305608463000056
          ],
          [
            100.21787620500004,
            27.308554592000064
          ],
          [
            100.22486633300008,
            27.311216431000048
          ],
          [
            100.23069984400007,
            27.31456871000006
          ],
          [
            100.23520935100004,
            27.319200230000035
          ],
          [
            100.23786972000005,
            27.325226841000074
          ],
          [
            100.23881317100006,
            27.332351475000053
          ],
          [
            100.23815849300007,
            27.340190048000068
          ],
          [
            100.23647239700006,
            27.348481998000068
          ],
          [
            100.23390152000007,
            27.357237244000032
          ],
          [
            100.23043884300006,
            27.36617160800006
          ],
          [
            100.22610809300005,
            27.37510831800006
          ],
          [
            100.22129325900005,
            27.383706265000058
          ],
          [
            100.21721038800007,
            27.392193089000045
          ],
          [
            100.21419090300009,
            27.400945759000024
          ],
          [
            100.21219940200007,
            27.41021005600004
          ],
          [
            100.20960517900005,
            27.420126839000034
          ],
          [
            100.20537597700007,
            27.430945396000027
          ],
          [
            100.19915687600007,
            27.442524853000066
          ],
          [
            100.19215217600004,
            27.454027576000044
          ],
          [
            100.18600997900006,
            27.464750957000035
          ],
          [
            100.18234413100004,
            27.474309177000066
          ],
          [
            100.18182533300006,
            27.483327847000055
          ],
          [
            100.18408096300004,
            27.492264748000025
          ],
          [
            100.18847190900004,
            27.501330605000078
          ],
          [
            100.19457588200004,
            27.510330105000037
          ],
          [
            100.20204177900007,
            27.518959675000076
          ],
          [
            100.20991882300007,
            27.527187901000048
          ],
          [
            100.21720565800007,
            27.535142517000054
          ],
          [
            100.22369430500004,
            27.54288538000003
          ],
          [
            100.22988800000007,
            27.550546436000047
          ],
          [
            100.23590568500003,
            27.558080826000037
          ],
          [
            100.24086418200005,
            27.56563331600006
          ],
          [
            100.24376609800004,
            27.573313332000055
          ],
          [
            100.24459297200008,
            27.580798035000043
          ],
          [
            100.24518219000004,
            27.587774181000043
          ],
          [
            100.24729064900004,
            27.593984318000025
          ],
          [
            100.25160003700006,
            27.600074120000045
          ],
          [
            100.25628830000005,
            27.606954899000073
          ],
          [
            100.26046325700008,
            27.615209236000055
          ],
          [
            100.26393608100005,
            27.62416317000003
          ],
          [
            100.26849144000005,
            27.63335014300003
          ],
          [
            100.27398681600005,
            27.642588482000065
          ],
          [
            100.28003318800006,
            27.652262707000034
          ],
          [
            100.28470680200007,
            27.66211469700005
          ],
          [
            100.28737716700005,
            27.671819248000077
          ],
          [
            100.28770126300009,
            27.680880871000056
          ],
          [
            100.28660354600004,
            27.689367065000056
          ],
          [
            100.28558303800008,
            27.69758428600005
          ],
          [
            100.28636650100003,
            27.705756016000066
          ],
          [
            100.28924156200009,
            27.713773727000046
          ],
          [
            100.29377998400008,
            27.721275425000044
          ],
          [
            100.29928428700003,
            27.726690063000035
          ],
          [
            100.30609123200009,
            27.729321785000025
          ],
          [
            100.31419242900006,
            27.729319477000047
          ],
          [
            100.32279586800007,
            27.729347897000025
          ],
          [
            100.33054725600005,
            27.73176647200006
          ],
          [
            100.33683982800005,
            27.73714817000007
          ],
          [
            100.34228996300004,
            27.744370041000025
          ],
          [
            100.34826156600008,
            27.751076736000073
          ],
          [
            100.35584869400009,
            27.75570438400007
          ],
          [
            100.36476158100004,
            27.75725719500008
          ],
          [
            100.37396438600007,
            27.755997257000047
          ],
          [
            100.38226654100004,
            27.752463093000074
          ],
          [
            100.38959343000005,
            27.74762489300008
          ],
          [
            100.39605987500005,
            27.742088299000045
          ],
          [
            100.40175735500009,
            27.735982971000055
          ],
          [
            100.40628379800006,
            27.72917402300004
          ],
          [
            100.40919715900009,
            27.72155698800003
          ],
          [
            100.41061813400006,
            27.713762875000043
          ],
          [
            100.41089180000006,
            27.705844898000066
          ],
          [
            100.41049354600005,
            27.698053951000077
          ],
          [
            100.41008766200008,
            27.689758949000066
          ],
          [
            100.41090889000009,
            27.681439915000055
          ],
          [
            100.41399627700008,
            27.673100548000036
          ],
          [
            100.41920249900005,
            27.665104599000074
          ],
          [
            100.42516021700004,
            27.657152405000033
          ],
          [
            100.43052612300005,
            27.649546490000034
          ],
          [
            100.43518470800007,
            27.642693768000072
          ],
          [
            100.43908485400004,
            27.63681015000003
          ],
          [
            100.44237335200006,
            27.63111021000003
          ],
          [
            100.44452064500007,
            27.624878464000062
          ],
          [
            100.44575744600007,
            27.61780296300003
          ],
          [
            100.44654388400005,
            27.610130215000027
          ],
          [
            100.44784950300004,
            27.60216026300003
          ],
          [
            100.44977935800006,
            27.59403589200008
          ],
          [
            100.45197395300005,
            27.585848541000075
          ],
          [
            100.45348465000006,
            27.577405834000047
          ],
          [
            100.45355552700005,
            27.568497124000032
          ],
          [
            100.45200981100004,
            27.55923698400005
          ],
          [
            100.44933715800005,
            27.549935703000074
          ],
          [
            100.44643974300004,
            27.54129940000007
          ],
          [
            100.44369728100008,
            27.53315849300003
          ],
          [
            100.44122917200008,
            27.52527534500007
          ],
          [
            100.43900634800008,
            27.517258568000045
          ],
          [
            100.43758857700004,
            27.509192944000063
          ],
          [
            100.43738891600003,
            27.501227055000072
          ],
          [
            100.43847740200005,
            27.493598347000045
          ],
          [
            100.44013481100006,
            27.48623310100004
          ],
          [
            100.44199211100005,
            27.47882633200004
          ],
          [
            100.44392707800006,
            27.470928059000073
          ],
          [
            100.44633758500004,
            27.462469158000033
          ],
          [
            100.44936958300008,
            27.453534946000048
          ],
          [
            100.45312591600003,
            27.444651356000065
          ],
          [
            100.45766998300007,
            27.43616363500007
          ],
          [
            100.46331451400005,
            27.428849506000063
          ],
          [
            100.47002403300007,
            27.42344944000007
          ],
          [
            100.47785423300007,
            27.42016437500007
          ],
          [
            100.48653686500006,
            27.418238754000072
          ],
          [
            100.49592742900006,
            27.416432018000023
          ],
          [
            100.50518196100006,
            27.413303967000047
          ],
          [
            100.51311676000006,
            27.40858097100005
          ],
          [
            100.51808342000004,
            27.402274971000054
          ],
          [
            100.51942817700007,
            27.394857349000063
          ],
          [
            100.51802993800004,
            27.38653253600006
          ],
          [
            100.51549240100007,
            27.377307606000045
          ],
          [
            100.51342353800004,
            27.367260723000072
          ],
          [
            100.51269020100005,
            27.35653209700007
          ],
          [
            100.51344604500008,
            27.345917454000073
          ],
          [
            100.51506141700008,
            27.33581222500004
          ],
          [
            100.51680687000004,
            27.326784821000047
          ],
          [
            100.51817840600006,
            27.318360291000033
          ],
          [
            100.51922309900004,
            27.310411873000078
          ],
          [
            100.52021308900004,
            27.302092819000052
          ],
          [
            100.52151962300007,
            27.293453407000072
          ],
          [
            100.52350128200004,
            27.284743538000043
          ],
          [
            100.52635704000005,
            27.27638914100004
          ],
          [
            100.52999504100006,
            27.268822288000024
          ],
          [
            100.53387596100004,
            27.261557064000044
          ],
          [
            100.53728744500006,
            27.254343662000053
          ],
          [
            100.53931381200005,
            27.246769829000073
          ],
          [
            100.53957084700005,
            27.238991776000034
          ],
          [
            100.53834945700004,
            27.23097370100004
          ],
          [
            100.53630096400008,
            27.223057899000025
          ],
          [
            100.53390411400005,
            27.21521062900007
          ],
          [
            100.53100143400007,
            27.207814426000027
          ],
          [
            100.52741203300008,
            27.20098382900005
          ],
          [
            100.52255348200003,
            27.194969273000027
          ],
          [
            100.51636039700008,
            27.190083103000063
          ],
          [
            100.50902130100008,
            27.186217613000053
          ],
          [
            100.50170959500008,
            27.182986546000052
          ],
          [
            100.49515441900007,
            27.17927816400004
          ],
          [
            100.48933250400006,
            27.175260067000067
          ],
          [
            100.48309402500007,
            27.171682377000025
          ],
          [
            100.47566642800007,
            27.169519691000062
          ],
          [
            100.46746841400005,
            27.168337765000047
          ],
          [
            100.46016540500005,
            27.166903019000074
          ],
          [
            100.45522918700004,
            27.16420614200007
          ],
          [
            100.45303566000007,
            27.16056520500007
          ],
          [
            100.45348213200003,
            27.156429348000074
          ],
          [
            100.45571731600006,
            27.15203495000003
          ],
          [
            100.45929679900007,
            27.147053928000048
          ],
          [
            100.46357444800009,
            27.141351204000046
          ],
          [
            100.46841903700005,
            27.135229130000027
          ],
          [
            100.47357673600004,
            27.128501759000073
          ],
          [
            100.47843528700008,
            27.12065450700004
          ],
          [
            100.48261795000008,
            27.111286755000037
          ],
          [
            100.48573600800006,
            27.101359177000063
          ],
          [
            100.48761337300004,
            27.09213920600007
          ],
          [
            100.48712905900004,
            27.08469545400004
          ],
          [
            100.48434608500008,
            27.078887310000027
          ],
          [
            100.47960647600007,
            27.073887634000073
          ],
          [
            100.47498268100009,
            27.06850582100003
          ],
          [
            100.47104690600008,
            27.062406960000033
          ],
          [
            100.46803787200008,
            27.05558343900003
          ],
          [
            100.46499916100004,
            27.048448524000037
          ],
          [
            100.46153617900006,
            27.041119423000055
          ],
          [
            100.45748970000005,
            27.03370569200007
          ],
          [
            100.45286918600004,
            27.026165886000058
          ],
          [
            100.44816436800005,
            27.018617687000074
          ],
          [
            100.44460105900004,
            27.01116083100004
          ],
          [
            100.44310386700005,
            27.003884983000034
          ],
          [
            100.44378593400006,
            26.996976738000058
          ],
          [
            100.44584343000008,
            26.99011346800006
          ],
          [
            100.44797538800003,
            26.982932796000057
          ],
          [
            100.45008728000005,
            26.974947643000064
          ],
          [
            100.45199806200009,
            26.96583944300005
          ],
          [
            100.45407302900009,
            26.955809937000026
          ],
          [
            100.45555542000005,
            26.94559743900004
          ],
          [
            100.45605285600004,
            26.935213470000065
          ],
          [
            100.45516967800006,
            26.924775467000075
          ],
          [
            100.45317314100004,
            26.91394983300006
          ],
          [
            100.45102409400005,
            26.903566303000048
          ],
          [
            100.44969764700005,
            26.89387413000003
          ],
          [
            100.44969726600004,
            26.885435810000047
          ],
          [
            100.45046310400005,
            26.878019619000042
          ],
          [
            100.45100914000005,
            26.871346474000063
          ],
          [
            100.45062583900005,
            26.86437974900008
          ],
          [
            100.44944229100008,
            26.856535606000023
          ],
          [
            100.44818748500006,
            26.847624035000024
          ],
          [
            100.44710723900005,
            26.83807975800005
          ],
          [
            100.44625213600006,
            26.828486805000068
          ],
          [
            100.44489196800004,
            26.81956487700006
          ],
          [
            100.44209960900008,
            26.811866379000037
          ],
          [
            100.43684158300005,
            26.806522503000053
          ],
          [
            100.42881866500005,
            26.80342439700007
          ],
          [
            100.41898239100004,
            26.801808262000065
          ],
          [
            100.40910804700007,
            26.800162430000057
          ],
          [
            100.40072593700006,
            26.797283096000058
          ],
          [
            100.39402229300003,
            26.793005390000076
          ],
          [
            100.38913772600006,
            26.787740211000028
          ],
          [
            100.38593910200007,
            26.78142316800006
          ],
          [
            100.38476928700004,
            26.774217644000032
          ],
          [
            100.38528961200007,
            26.76594043700004
          ],
          [
            100.38648468000008,
            26.757270050000045
          ],
          [
            100.38766159100004,
            26.74848747300007
          ],
          [
            100.38868179300005,
            26.740316181000026
          ],
          [
            100.38980400100007,
            26.73261810300005
          ],
          [
            100.39120033300009,
            26.72521923100004
          ],
          [
            100.39245391800006,
            26.717705154000043
          ],
          [
            100.39330459600006,
            26.709950504000062
          ],
          [
            100.39355056800008,
            26.70184307100004
          ],
          [
            100.39390701300005,
            26.693378849000055
          ],
          [
            100.39511673000004,
            26.684636173000058
          ],
          [
            100.39762329100006,
            26.67603164700006
          ],
          [
            100.40088226300009,
            26.667830887000036
          ],
          [
            100.40392700200005,
            26.660049953000055
          ],
          [
            100.40573303200006,
            26.652636909000023
          ],
          [
            100.40660148600006,
            26.645539761000066
          ],
          [
            100.40793022200006,
            26.638819675000036
          ],
          [
            100.41116928100007,
            26.63210399600007
          ],
          [
            100.41628166200007,
            26.625650043000064
          ],
          [
            100.42158592200008,
            26.61923051800005
          ],
          [
            100.42489044200005,
            26.612805500000036
          ],
          [
            100.42522651700006,
            26.60643718700004
          ],
          [
            100.42280357400006,
            26.60008161500008
          ],
          [
            100.41897682200005,
            26.593197212000064
          ],
          [
            100.41498992900006,
            26.58526905100007
          ],
          [
            100.41187965400007,
            26.57597534200005
          ],
          [
            100.41012809800009,
            26.566027851000058
          ],
          [
            100.41014320400006,
            26.55599031400004
          ],
          [
            100.41198371900003,
            26.54639360400006
          ],
          [
            100.41483932500006,
            26.537366791000068
          ],
          [
            100.41715560900008,
            26.528474827000025
          ],
          [
            100.41810134900004,
            26.519815083000026
          ],
          [
            100.41806205800003,
            26.511433296000064
          ],
          [
            100.41817703200007,
            26.503494415000034
          ],
          [
            100.41972473100009,
            26.49599214600005
          ],
          [
            100.42275779700009,
            26.48862768200007
          ],
          [
            100.42659339900007,
            26.481179981000025
          ],
          [
            100.43015350300004,
            26.47339836100008
          ],
          [
            100.43328109700008,
            26.46538559000004
          ],
          [
            100.43626144400008,
            26.457053432000066
          ],
          [
            100.43953147900004,
            26.44865118000007
          ],
          [
            100.44285972600005,
            26.440415707000056
          ],
          [
            100.44628875700005,
            26.43281189000004
          ],
          [
            100.44935974100008,
            26.42534540200006
          ],
          [
            100.45159400900008,
            26.41778587300007
          ],
          [
            100.45185188300007,
            26.40918436000004
          ],
          [
            100.45012702900004,
            26.399811687000067
          ],
          [
            100.44715293900003,
            26.38966800700007
          ],
          [
            100.44473320000009,
            26.38007705700005
          ],
          [
            100.44423927300005,
            26.37161340700004
          ],
          [
            100.44585266100006,
            26.36519659000004
          ],
          [
            100.44772079500007,
            26.360260143000062
          ],
          [
            100.44763114900007,
            26.356102257000032
          ],
          [
            100.44471260100005,
            26.35145872100003
          ],
          [
            100.44017181400005,
            26.346144981000066
          ],
          [
            100.43554481500007,
            26.339990559000057
          ],
          [
            100.43148437500008,
            26.33364091900006
          ],
          [
            100.42664428700004,
            26.327360096000064
          ],
          [
            100.42013946500003,
            26.32167957300004
          ],
          [
            100.41287643400005,
            26.31651025800005
          ],
          [
            100.40747909500004,
            26.31118751500003
          ],
          [
            100.40576332100005,
            26.30500371900007
          ],
          [
            100.40754409800007,
            26.297541771000056
          ],
          [
            100.41108398400007,
            26.288788242000066
          ],
          [
            100.41474922200007,
            26.279519634000053
          ],
          [
            100.41794189500007,
            26.271086636000064
          ],
          [
            100.42077262900006,
            26.263751640000066
          ],
          [
            100.42344024700009,
            26.257175198000027
          ],
          [
            100.42652648900008,
            26.25014642700006
          ],
          [
            100.42989173900008,
            26.24252483400005
          ],
          [
            100.43351409900004,
            26.234750938000047
          ],
          [
            100.43697494500003,
            26.227487907000068
          ],
          [
            100.44086166400007,
            26.221333714000025
          ],
          [
            100.44567657500005,
            26.216098843000054
          ],
          [
            100.45117286700008,
            26.21142175700004
          ],
          [
            100.45663589500003,
            26.206940041000053
          ],
          [
            100.46212532000004,
            26.20324207300007
          ],
          [
            100.46771957400006,
            26.20153289800004
          ],
          [
            100.47379722600004,
            26.202527618000033
          ],
          [
            100.47967300400006,
            26.206069717000048
          ],
          [
            100.48547523500008,
            26.210614452000073
          ],
          [
            100.49170700100007,
            26.214694767000026
          ],
          [
            100.49892036400007,
            26.217402554000046
          ],
          [
            100.50709060700007,
            26.218832054000075
          ],
          [
            100.51582786600005,
            26.21968994100007
          ],
          [
            100.52450279200008,
            26.220685864000075
          ],
          [
            100.53303276100007,
            26.22168785100007
          ],
          [
            100.54097297700008,
            26.221795731000043
          ],
          [
            100.54840377800008,
            26.21977041200006
          ],
          [
            100.55465850800005,
            26.21519653300004
          ],
          [
            100.55992683400007,
            26.209112911000034
          ],
          [
            100.56491905200005,
            26.20275762600005
          ],
          [
            100.57054801900006,
            26.19753107100007
          ],
          [
            100.57723579400005,
            26.19360397300005
          ],
          [
            100.58477920500007,
            26.191391735000025
          ],
          [
            100.59251213100003,
            26.191056900000035
          ],
          [
            100.59951927200007,
            26.19298790000005
          ],
          [
            100.60530265800008,
            26.19645526900007
          ],
          [
            100.61095558200009,
            26.19970151900003
          ],
          [
            100.61721199000004,
            26.200825043000066
          ],
          [
            100.62443122900004,
            26.198901615000068
          ],
          [
            100.63177253700007,
            26.194930859000067
          ],
          [
            100.63932266200004,
            26.190023575000055
          ],
          [
            100.64754058800008,
            26.185764694000056
          ],
          [
            100.65738845800007,
            26.182523842000023
          ],
          [
            100.66826751700006,
            26.180990295000072
          ],
          [
            100.67884735100006,
            26.180668774000026
          ],
          [
            100.68825035100008,
            26.181147289000023
          ],
          [
            100.69662002600006,
            26.181708412000035
          ],
          [
            100.70485916100006,
            26.18206897700003
          ],
          [
            100.71329650900009,
            26.181967545000077
          ],
          [
            100.72168426500008,
            26.181375694000053
          ],
          [
            100.72973915100005,
            26.17995578800003
          ],
          [
            100.73729583700003,
            26.177838688000065
          ],
          [
            100.74448730500006,
            26.175309105000053
          ],
          [
            100.75096992500005,
            26.173635597000043
          ],
          [
            100.75656921400008,
            26.17376762400005
          ],
          [
            100.76152870200008,
            26.176270542000054
          ],
          [
            100.76619331400008,
            26.180595856000025
          ],
          [
            100.77109649700009,
            26.185355530000038
          ],
          [
            100.77745544400005,
            26.189178791000074
          ],
          [
            100.78538703900006,
            26.191694641000026
          ],
          [
            100.79463935900009,
            26.193924732000028
          ],
          [
            100.80365867600005,
            26.196334248000028
          ],
          [
            100.81207702600005,
            26.19827060700004
          ],
          [
            100.81942535400003,
            26.198050976000047
          ],
          [
            100.82623207100005,
            26.194725170000027
          ],
          [
            100.83237785300008,
            26.189111309000054
          ],
          [
            100.83869827300003,
            26.182726192000075
          ],
          [
            100.84551284800006,
            26.17695240000006
          ],
          [
            100.85279586800004,
            26.171714687000076
          ],
          [
            100.86000610400004,
            26.167312431000028
          ],
          [
            100.86743156400007,
            26.163830509000036
          ],
          [
            100.87524688700006,
            26.16177084000003
          ],
          [
            100.88389160200006,
            26.16106237400004
          ],
          [
            100.89248832700008,
            26.16194114700005
          ],
          [
            100.90074462900009,
            26.164684410000064
          ],
          [
            100.90794006300007,
            26.16957166700007
          ],
          [
            100.91460975600006,
            26.176557941000056
          ],
          [
            100.92070480300004,
            26.18494941700004
          ],
          [
            100.92642494200004,
            26.194082584000057
          ],
          [
            100.93174636800006,
            26.202985725000076
          ],
          [
            100.93720970200008,
            26.211099873000023
          ],
          [
            100.94285522500007,
            26.21817216900007
          ],
          [
            100.94868423500009,
            26.22439748800008
          ],
          [
            100.95418907200008,
            26.22990068400003
          ],
          [
            100.95926788300005,
            26.23468805300007
          ],
          [
            100.96452980000004,
            26.23916721300003
          ],
          [
            100.97053871200006,
            26.243620510000028
          ],
          [
            100.97766998300006,
            26.248589973000037
          ],
          [
            100.98491073600007,
            26.253779888000054
          ],
          [
            100.99170440700004,
            26.258770294000044
          ],
          [
            100.99817321800003,
            26.263040905000025
          ],
          [
            101.00544632000003,
            26.266804962000037
          ],
          [
            101.01403045700005,
            26.270437317000074
          ],
          [
            101.02336395300006,
            26.27468772900005
          ],
          [
            101.03172302200005,
            26.279455891000055
          ],
          [
            101.03826538100009,
            26.284799290000024
          ],
          [
            101.04294754000006,
            26.29030368800005
          ],
          [
            101.04683120700008,
            26.295837212000038
          ],
          [
            101.05098770100005,
            26.30117795900003
          ],
          [
            101.05626350400007,
            26.306429024000067
          ],
          [
            101.06262893700006,
            26.311420860000055
          ],
          [
            101.06989502000005,
            26.315888329000074
          ],
          [
            101.07806434600008,
            26.31977376900005
          ],
          [
            101.08721923800005,
            26.323456554000074
          ],
          [
            101.09722732500006,
            26.32742954300005
          ],
          [
            101.10728630100004,
            26.331848259000026
          ],
          [
            101.11656227100008,
            26.336488323000026
          ],
          [
            101.12453323400007,
            26.340654697000048
          ],
          [
            101.13159027100005,
            26.344017525000027
          ],
          [
            101.13834419300008,
            26.346387520000064
          ],
          [
            101.14587471000004,
            26.34819335900005
          ],
          [
            101.15436599700007,
            26.349913540000045
          ],
          [
            101.16384742700006,
            26.35221021700005
          ],
          [
            101.17367637600006,
            26.355286980000074
          ],
          [
            101.18325042700008,
            26.358803196000054
          ],
          [
            101.19222007800005,
            26.361868439000034
          ],
          [
            101.20099685700006,
            26.36396183000005
          ],
          [
            101.20968093900007,
            26.364845562000028
          ],
          [
            101.21837989800008,
            26.364955654000028
          ],
          [
            101.22733108500006,
            26.364744320000057
          ],
          [
            101.23663963300004,
            26.364482441000064
          ],
          [
            101.24645439200003,
            26.364256802000057
          ],
          [
            101.25638015700008,
            26.364145565000058
          ],
          [
            101.26580894500006,
            26.364317932000063
          ],
          [
            101.27404655500004,
            26.365240345000075
          ],
          [
            101.28138351400008,
            26.366868744000044
          ],
          [
            101.28826324500005,
            26.369069099000058
          ],
          [
            101.29567268400007,
            26.371438427000044
          ],
          [
            101.30337463400008,
            26.37374254200006
          ],
          [
            101.31141952500008,
            26.375842800000044
          ],
          [
            101.31935401900006,
            26.37779323600006
          ],
          [
            101.32752944900005,
            26.379775333000055
          ],
          [
            101.33567558300007,
            26.38189275700006
          ],
          [
            101.34362075800004,
            26.384359760000052
          ],
          [
            101.35118377700007,
            26.387296734000074
          ],
          [
            101.35872406000004,
            26.390678711000078
          ],
          [
            101.36680481000008,
            26.394128075000026
          ],
          [
            101.37584388700009,
            26.396935272000064
          ],
          [
            101.38577003500006,
            26.39842950800005
          ],
          [
            101.39617263800005,
            26.398409748000063
          ],
          [
            101.40667511000004,
            26.397499981000067
          ],
          [
            101.41666877700004,
            26.396892834000028
          ],
          [
            101.42560508700006,
            26.39784637400004
          ],
          [
            101.43268730200003,
            26.401008816000058
          ],
          [
            101.43828941300006,
            26.406081734000054
          ],
          [
            101.44336860700008,
            26.412003612000035
          ],
          [
            101.44923317000007,
            26.417829781000023
          ],
          [
            101.45608406100007,
            26.423077221000028
          ],
          [
            101.46357254000009,
            26.42826395000003
          ],
          [
            101.47048324600007,
            26.433743668000034
          ],
          [
            101.47556640600004,
            26.43971956300004
          ],
          [
            101.47742759700009,
            26.445776253000076
          ],
          [
            101.47542633100005,
            26.45182756400004
          ],
          [
            101.47021179200004,
            26.457769146000032
          ],
          [
            101.46413108800004,
            26.464002590000064
          ],
          [
            101.45973884600005,
            26.470659676000025
          ],
          [
            101.45807937600006,
            26.47793342600005
          ],
          [
            101.45837432900004,
            26.48563503300005
          ],
          [
            101.45862953200003,
            26.49329381900003
          ],
          [
            101.45736343400006,
            26.500404110000034
          ],
          [
            101.45454788200004,
            26.506642933000023
          ],
          [
            101.45119789100005,
            26.51243328100003
          ],
          [
            101.44882408100005,
            26.518064880000054
          ],
          [
            101.44820854200003,
            26.523910236000063
          ],
          [
            101.44995780900007,
            26.529359188000058
          ],
          [
            101.45392662000006,
            26.533919163000064
          ],
          [
            101.45973777800003,
            26.537792358000047
          ],
          [
            101.46632720900004,
            26.542008057000032
          ],
          [
            101.47270919800008,
            26.547656155000027
          ],
          [
            101.47870185900007,
            26.555310974000065
          ],
          [
            101.48466186500008,
            26.56453233700006
          ],
          [
            101.49089881900005,
            26.57435791000006
          ],
          [
            101.49710502600004,
            26.583489075000045
          ],
          [
            101.50356956500008,
            26.590915661000054
          ],
          [
            101.51062271100005,
            26.59598463100008
          ],
          [
            101.51831687900005,
            26.598158417000036
          ],
          [
            101.52600151100006,
            26.597876186000065
          ],
          [
            101.53373619100006,
            26.596611061000033
          ],
          [
            101.54191345200007,
            26.59593502000007
          ],
          [
            101.55119842500005,
            26.59645401000006
          ],
          [
            101.56070968600005,
            26.597557335000033
          ],
          [
            101.56988220200009,
            26.598146362000023
          ],
          [
            101.57828865100004,
            26.59762205100003
          ],
          [
            101.58664665200007,
            26.59603872300005
          ],
          [
            101.59519073500007,
            26.59416008000005
          ],
          [
            101.60391708400005,
            26.592206287000067
          ],
          [
            101.61230842600008,
            26.58993328100007
          ],
          [
            101.61972580000008,
            26.586718750000045
          ],
          [
            101.62659904500003,
            26.582934685000055
          ],
          [
            101.63354507400004,
            26.579792957000052
          ],
          [
            101.64107330300004,
            26.578523903000075
          ],
          [
            101.64846138000007,
            26.579348640000035
          ],
          [
            101.65522773700008,
            26.58052766800006
          ],
          [
            101.66106308000008,
            26.580223770000032
          ],
          [
            101.66628158600008,
            26.577212753000026
          ],
          [
            101.67145362900004,
            26.572747097000047
          ],
          [
            101.67701988200008,
            26.56836874000004
          ],
          [
            101.68275566100004,
            26.565656147000027
          ],
          [
            101.68830726600004,
            26.565302372000076
          ],
          [
            101.69355247500005,
            26.567642784000043
          ],
          [
            101.69860435500004,
            26.572234554000033
          ],
          [
            101.70368217500004,
            26.57824312200006
          ],
          [
            101.70938339200006,
            26.584112358000027
          ],
          [
            101.71635612500006,
            26.588461857000027
          ],
          [
            101.72471717800005,
            26.590041065000037
          ],
          [
            101.73413017300004,
            26.589337406000027
          ],
          [
            101.74404418900008,
            26.58772373200003
          ],
          [
            101.75375480700006,
            26.58726495700006
          ],
          [
            101.76300621000007,
            26.589126949000047
          ],
          [
            101.77154777500004,
            26.593280506000042
          ],
          [
            101.77996963500004,
            26.59850669900004
          ],
          [
            101.78839546200004,
            26.60318859100005
          ],
          [
            101.79740394600009,
            26.60598615600003
          ],
          [
            101.80634735100006,
            26.606088123000063
          ],
          [
            101.81514900200006,
            26.60358335500007
          ],
          [
            101.82278633100003,
            26.599402084000076
          ],
          [
            101.82919258100009,
            26.59451576200007
          ],
          [
            101.83455772400004,
            26.589546356000028
          ],
          [
            101.83942550700004,
            26.58462192500008
          ],
          [
            101.84376808200005,
            26.579107857000054
          ],
          [
            101.84725059500005,
            26.572555428000044
          ],
          [
            101.84974075300005,
            26.564894104000075
          ],
          [
            101.85201126100009,
            26.556563416000074
          ],
          [
            101.85452751200006,
            26.547708912000076
          ],
          [
            101.85735321000004,
            26.537971554000023
          ],
          [
            101.86006324800007,
            26.527557907000073
          ],
          [
            101.86215049700007,
            26.517130432000044
          ],
          [
            101.86352363600008,
            26.507654285000058
          ],
          [
            101.86436981200006,
            26.499221783000053
          ],
          [
            101.86521270800006,
            26.49133052800005
          ],
          [
            101.86624778700008,
            26.483370705000027
          ],
          [
            101.86773513800006,
            26.475295181000035
          ],
          [
            101.86989196800005,
            26.46750516900005
          ],
          [
            101.87303497300007,
            26.460777912000026
          ],
          [
            101.87741478000004,
            26.455658398000025
          ],
          [
            101.88287376400007,
            26.452097168000023
          ],
          [
            101.88888122600008,
            26.44931251500003
          ],
          [
            101.89489440900007,
            26.445979290000025
          ],
          [
            101.90098220800007,
            26.44140789000005
          ],
          [
            101.90770774800006,
            26.435633945000063
          ],
          [
            101.91531272900005,
            26.429615211000055
          ],
          [
            101.92283966100007,
            26.424125462000063
          ],
          [
            101.92904342700007,
            26.418841839000038
          ],
          [
            101.93293724100005,
            26.413231735000068
          ],
          [
            101.93444152800004,
            26.406978340000023
          ],
          [
            101.93428016700005,
            26.400053940000078
          ],
          [
            101.93318878200006,
            26.392361546000075
          ],
          [
            101.93179054300003,
            26.383857250000062
          ],
          [
            101.93057762100005,
            26.37504600500006
          ],
          [
            101.92991874700004,
            26.365894318000073
          ],
          [
            101.93025566100005,
            26.35663080200004
          ],
          [
            101.93107345600004,
            26.34698709500003
          ],
          [
            101.93177764900008,
            26.33718082400003
          ],
          [
            101.93165664700007,
            26.327154560000054
          ],
          [
            101.93063949600008,
            26.317244835000054
          ],
          [
            101.92894645700005,
            26.307721729000036
          ],
          [
            101.92701522800007,
            26.29872230500007
          ],
          [
            101.92499176000007,
            26.290110302000073
          ],
          [
            101.92275299100004,
            26.281606445000023
          ],
          [
            101.91981628400004,
            26.27329031000005
          ],
          [
            101.91603103600005,
            26.265204163000078
          ],
          [
            101.91178115800005,
            26.257387562000076
          ],
          [
            101.90801200900006,
            26.249631100000045
          ],
          [
            101.90566406200008,
            26.241606407000063
          ],
          [
            101.90499954200004,
            26.23303005200006
          ],
          [
            101.90550117500004,
            26.22380830800006
          ],
          [
            101.90604599000005,
            26.21458795500007
          ],
          [
            101.90508178700009,
            26.20621797600006
          ],
          [
            101.90186920200006,
            26.199643688000037
          ],
          [
            101.89638969400005,
            26.19489744200007
          ],
          [
            101.88916358900008,
            26.191513367000027
          ],
          [
            101.88125892600004,
            26.18874954200004
          ],
          [
            101.87346229600007,
            26.185934658000065
          ],
          [
            101.86587310800007,
            26.18241745000006
          ],
          [
            101.85857902500004,
            26.17771909700008
          ],
          [
            101.85198188800007,
            26.17171167400005
          ],
          [
            101.84684692400003,
            26.16442192100004
          ],
          [
            101.84364280700004,
            26.156399231000023
          ],
          [
            101.84194274900005,
            26.148086548000038
          ],
          [
            101.84058311500007,
            26.13967920300007
          ],
          [
            101.83933204700008,
            26.131030922000036
          ],
          [
            101.83834343000007,
            26.121908894000057
          ],
          [
            101.83816650400007,
            26.112578640000038
          ],
          [
            101.83833297700005,
            26.10302967100006
          ],
          [
            101.83859092700004,
            26.09373088800004
          ],
          [
            101.83860961900007,
            26.084517422000033
          ],
          [
            101.83826919600006,
            26.075224724000066
          ],
          [
            101.83747253400009,
            26.065726566000023
          ],
          [
            101.83642913800009,
            26.05606199300007
          ],
          [
            101.83535003700007,
            26.046664371000077
          ],
          [
            101.83417274500005,
            26.037009735000026
          ],
          [
            101.83292518600007,
            26.027088203000062
          ],
          [
            101.83142349200006,
            26.016305122000063
          ],
          [
            101.83069831800003,
            26.005527763000032
          ],
          [
            101.83172920200008,
            25.994968567000058
          ],
          [
            101.83536193800006,
            25.985856686000034
          ],
          [
            101.84111282300006,
            25.978665981000063
          ],
          [
            101.84827690100008,
            25.97376037600003
          ],
          [
            101.85598083500008,
            25.970803509000064
          ],
          [
            101.86391883900006,
            25.96955417600003
          ],
          [
            101.87198684700007,
            25.969748650000042
          ],
          [
            101.88012558000008,
            25.97134916300007
          ],
          [
            101.88854248000007,
            25.974241104000043
          ],
          [
            101.89701110800007,
            25.977835388000074
          ],
          [
            101.90615478500007,
            25.981359062000024
          ],
          [
            101.91541153000009,
            25.983771915000034
          ],
          [
            101.92476135300006,
            25.98519142200007
          ],
          [
            101.93378143300004,
            25.98616594300006
          ],
          [
            101.94260818500004,
            25.98732547800006
          ],
          [
            101.95136543300003,
            25.98872457500005
          ],
          [
            101.96031044000006,
            25.989882393000073
          ],
          [
            101.97028183000003,
            25.99019193600003
          ],
          [
            101.98281402600009,
            25.98946819300005
          ],
          [
            102.00068290700005,
            25.98837844800005
          ],
          [
            102.02420082100008,
            25.98887708700005
          ],
          [
            102.05132934600005,
            25.992406368000047
          ],
          [
            102.07396873500005,
            26.00098403900006
          ],
          [
            102.08875465400007,
            26.013729572000045
          ],
          [
            102.09623664900005,
            26.030430870000032
          ],
          [
            102.10090057400004,
            26.04743215600007
          ],
          [
            102.10565216100008,
            26.06351436600005
          ],
          [
            102.11164955100008,
            26.07678270300005
          ],
          [
            102.11910621600003,
            26.08819623900007
          ],
          [
            102.12821319600005,
            26.09850257900007
          ],
          [
            102.13827491800004,
            26.109247112000048
          ],
          [
            102.14935684200003,
            26.120747833000053
          ],
          [
            102.15983673100004,
            26.132749138000065
          ],
          [
            102.16940734900004,
            26.144114037000065
          ],
          [
            102.17753242500004,
            26.15290275600006
          ],
          [
            102.18589630100007,
            26.159739227000046
          ],
          [
            102.19637077300007,
            26.16675378800005
          ],
          [
            102.21008125300006,
            26.176808739000023
          ],
          [
            102.22589462300004,
            26.190031185000066
          ],
          [
            102.24207290600003,
            26.204293232000055
          ],
          [
            102.25855873100005,
            26.21625244100005
          ],
          [
            102.27700920100006,
            26.225379372000077
          ],
          [
            102.29730926500008,
            26.232975407000026
          ],
          [
            102.31876136800008,
            26.24167156200008
          ],
          [
            102.33895217900005,
            26.253097248000074
          ],
          [
            102.35709213300004,
            26.26683176000006
          ],
          [
            102.37375679000007,
            26.281350365000037
          ],
          [
            102.39003433200008,
            26.293143177000047
          ],
          [
            102.40885673500009,
            26.302263165000056
          ],
          [
            102.43170135500009,
            26.309707699000057
          ],
          [
            102.45849350000009,
            26.318127460000028
          ],
          [
            102.48722282400007,
            26.32893838900003
          ],
          [
            102.51394836400004,
            26.340899105000062
          ],
          [
            102.53537529000005,
            26.35223903700006
          ],
          [
            102.55117149400007,
            26.359784985000033
          ],
          [
            102.56331390400004,
            26.362881069000025
          ],
          [
            102.57423957800006,
            26.361778297000058
          ],
          [
            102.58575744600006,
            26.357814999000027
          ],
          [
            102.59836135900008,
            26.35179334600008
          ],
          [
            102.61104042100004,
            26.34363155400007
          ],
          [
            102.62049018900007,
            26.333768444000043
          ],
          [
            102.62487358100009,
            26.322042027000066
          ],
          [
            102.62339782700008,
            26.309532585000056
          ],
          [
            102.61780479400005,
            26.295799217000024
          ],
          [
            102.61154647800004,
            26.281729965000068
          ],
          [
            102.60835815400009,
            26.268004017000067
          ],
          [
            102.61088310200006,
            26.256235313000047
          ],
          [
            102.61923934900005,
            26.246190968000064
          ],
          [
            102.63108711200005,
            26.23698925000008
          ],
          [
            102.64386299100005,
            26.22854610400003
          ],
          [
            102.65591011000004,
            26.221280613000033
          ],
          [
            102.66713211100006,
            26.216910171000052
          ],
          [
            102.67826332100009,
            26.21549182900003
          ],
          [
            102.68948997500007,
            26.216823368000064
          ],
          [
            102.70026924100006,
            26.220042877000026
          ],
          [
            102.70951812700008,
            26.226078548000032
          ],
          [
            102.71785682700005,
            26.235808144000032
          ],
          [
            102.72588028000007,
            26.248828049000053
          ],
          [
            102.73463356000008,
            26.262635174000025
          ],
          [
            102.74322166400003,
            26.27396181100005
          ],
          [
            102.75200553900004,
            26.282674274000044
          ],
          [
            102.76077827500006,
            26.289622879000035
          ],
          [
            102.77057319600004,
            26.296425457000055
          ],
          [
            102.78157669100005,
            26.302578030000063
          ],
          [
            102.79435821500005,
            26.308030415000076
          ],
          [
            102.80886116000005,
            26.313527889000056
          ],
          [
            102.82482376100006,
            26.32099020000004
          ],
          [
            102.84058532700004,
            26.331343555000046
          ],
          [
            102.85440811200004,
            26.34331399900003
          ],
          [
            102.86491439800005,
            26.35392686800003
          ],
          [
            102.87258102400006,
            26.36032159800004
          ],
          [
            102.87860801700003,
            26.361524563000046
          ],
          [
            102.88432685900005,
            26.358438587000023
          ],
          [
            102.89103553800004,
            26.353224316000023
          ],
          [
            102.90000572200006,
            26.348501530000078
          ],
          [
            102.91216568000004,
            26.345735455000067
          ],
          [
            102.92765724200007,
            26.345076637000034
          ],
          [
            102.94474121100006,
            26.346721020000075
          ],
          [
            102.96169776900007,
            26.350548592000052
          ],
          [
            102.97513870200004,
            26.357058659000074
          ],
          [
            102.98421226500005,
            26.366090260000078
          ],
          [
            102.98860778800008,
            26.37786127100003
          ],
          [
            102.98994018600007,
            26.39212186800006
          ],
          [
            102.98981430100008,
            26.40913450200003
          ],
          [
            102.98985908500003,
            26.427209778000076
          ],
          [
            102.99049873400008,
            26.44517425500004
          ],
          [
            102.99176918000006,
            26.46062429400007
          ],
          [
            102.99503082300004,
            26.47281915700006
          ],
          [
            103.00150573700006,
            26.481717720000063
          ],
          [
            103.01206314100006,
            26.489425049000033
          ],
          [
            103.02447395300004,
            26.498487110000042
          ],
          [
            103.03642074600003,
            26.510395165000034
          ],
          [
            103.04425781200007,
            26.52437585800004
          ],
          [
            103.04582084700007,
            26.539110985000036
          ],
          [
            103.04125343300007,
            26.55429216400006
          ],
          [
            103.03325141900007,
            26.569830532000026
          ],
          [
            103.02632652300008,
            26.586095543000056
          ],
          [
            103.02252944900005,
            26.60316963200006
          ],
          [
            103.02149711600003,
            26.62139831500008
          ],
          [
            103.02056167600006,
            26.640079289000028
          ],
          [
            103.01818634000006,
            26.656577816000038
          ],
          [
            103.01381271400004,
            26.670334225000033
          ],
          [
            103.00836410500006,
            26.682617531000062
          ],
          [
            103.00329795800008,
            26.695286217000046
          ],
          [
            102.99901855500008,
            26.709765682000068
          ],
          [
            102.99475776700007,
            26.725360012000067
          ],
          [
            102.99039382900008,
            26.741270084000064
          ],
          [
            102.98585472100007,
            26.756674652000072
          ],
          [
            102.98216560400004,
            26.77129106500007
          ],
          [
            102.97825614900006,
            26.786162624000042
          ],
          [
            102.97252517700008,
            26.80258604000005
          ],
          [
            102.96248733500005,
            26.821990223000057
          ],
          [
            102.94772247300006,
            26.84543472300004
          ],
          [
            102.92945922900009,
            26.872080708000055
          ],
          [
            102.91190444900008,
            26.899196930000073
          ],
          [
            102.89926269500006,
            26.921966534000035
          ],
          [
            102.89215133700009,
            26.93979398700003
          ],
          [
            102.88933990500004,
            26.95460348100005
          ],
          [
            102.88827003500006,
            26.969304390000048
          ],
          [
            102.88739608800006,
            26.98426752100005
          ],
          [
            102.88510055500007,
            26.99977874800004
          ],
          [
            102.88211227400006,
            27.01604000100008
          ],
          [
            102.87998313900005,
            27.033863907000068
          ],
          [
            102.88193321200004,
            27.053757706000056
          ],
          [
            102.88749900800008,
            27.075378666000063
          ],
          [
            102.89501136800004,
            27.09944850900007
          ],
          [
            102.90087448100007,
            27.12390987400005
          ],
          [
            102.90375991800005,
            27.147122555000067
          ],
          [
            102.90376144400005,
            27.16719633100007
          ],
          [
            102.90207336400005,
            27.184000988000037
          ],
          [
            102.89955375700004,
            27.200387573000057
          ],
          [
            102.89611000100007,
            27.219180393000045
          ],
          [
            102.89256416300009,
            27.242326164000076
          ],
          [
            102.89007827800003,
            27.268549328000063
          ],
          [
            102.89126167300009,
            27.29554111500005
          ],
          [
            102.89711143500006,
            27.321746559000076
          ],
          [
            102.90642898600004,
            27.347171192000076
          ],
          [
            102.91763725300007,
            27.371694603000037
          ],
          [
            102.92769966100008,
            27.392410145000042
          ],
          [
            102.93575431800008,
            27.406944771000042
          ],
          [
            102.94125953700006,
            27.414111309000077
          ],
          [
            102.94595161400008,
            27.414954815000044
          ],
          [
            102.95097114600009,
            27.41021944000005
          ],
          [
            102.95815193200008,
            27.40157573700003
          ],
          [
            102.96823165900008,
            27.39191898300004
          ],
          [
            102.98253952000005,
            27.386444359000052
          ],
          [
            103.00073425300008,
            27.387575741000035
          ],
          [
            103.02204689000007,
            27.394429264000053
          ],
          [
            103.04263832100008,
            27.402114334000032
          ],
          [
            103.06153862000008,
            27.407012157000054
          ],
          [
            103.07888374300006,
            27.408934937000026
          ],
          [
            103.09598510700005,
            27.41116340600007
          ],
          [
            103.11150848400007,
            27.416119614000024
          ],
          [
            103.12480804400008,
            27.425413589000073
          ],
          [
            103.13472129800004,
            27.438432446000036
          ],
          [
            103.14389709500006,
            27.455642757000078
          ],
          [
            103.15419700600006,
            27.475310059000037
          ],
          [
            103.16718910200007,
            27.495992432000037
          ],
          [
            103.18062934900007,
            27.514920387000075
          ],
          [
            103.19303718600008,
            27.530674400000066
          ],
          [
            103.20230133100006,
            27.54276020100008
          ],
          [
            103.20963287400008,
            27.552355747000036
          ],
          [
            103.21652282700006,
            27.560511494000025
          ],
          [
            103.22407821700006,
            27.566913605000025
          ],
          [
            103.23244438200004,
            27.570846844000073
          ],
          [
            103.24198387100006,
            27.57225896800003
          ],
          [
            103.25255088800009,
            27.571880188000023
          ],
          [
            103.26404022200006,
            27.570772247000036
          ],
          [
            103.27354286200006,
            27.57036794700008
          ],
          [
            103.28087814300005,
            27.571661224000025
          ],
          [
            103.28554748500005,
            27.575374298000042
          ],
          [
            103.28853157000003,
            27.581049843000073
          ],
          [
            103.28992538500006,
            27.587935085000026
          ],
          [
            103.28988266000005,
            27.594975929000043
          ],
          [
            103.28862304700004,
            27.60202976200003
          ],
          [
            103.28633384700004,
            27.608757973000024
          ],
          [
            103.28367485000007,
            27.614612045000058
          ],
          [
            103.28108490000005,
            27.619991894000066
          ],
          [
            103.27978675800006,
            27.62564506500007
          ],
          [
            103.28171455400008,
            27.632312660000025
          ],
          [
            103.28871696500005,
            27.640780392000067
          ],
          [
            103.30134338400006,
            27.651673393000067
          ],
          [
            103.31854614300005,
            27.66562160500007
          ],
          [
            103.33744102500003,
            27.680647278000038
          ],
          [
            103.35592651400003,
            27.695256271000062
          ],
          [
            103.37217178300006,
            27.707172356000058
          ],
          [
            103.38747581500007,
            27.717925797000078
          ],
          [
            103.40334960900009,
            27.729550991000053
          ],
          [
            103.42210754400008,
            27.745219650000024
          ],
          [
            103.44334434500007,
            27.765126743000053
          ],
          [
            103.46460708600006,
            27.788977165000063
          ],
          [
            103.48153244000008,
            27.81341091200005
          ],
          [
            103.49233451800006,
            27.83752441400003
          ],
          [
            103.49745399500006,
            27.86003103300004
          ],
          [
            103.50015625000003,
            27.881436806000067
          ],
          [
            103.50371017500004,
            27.900748940000028
          ],
          [
            103.51013000500006,
            27.91786266300005
          ],
          [
            103.52001800500005,
            27.93268749200007
          ],
          [
            103.53165321400007,
            27.945569420000027
          ],
          [
            103.54314643900005,
            27.956862125000043
          ],
          [
            103.55109108000005,
            27.966197014000045
          ],
          [
            103.55397842400004,
            27.972904663000065
          ],
          [
            103.55120666500005,
            27.975953865000065
          ],
          [
            103.54407142600007,
            27.975653133000037
          ],
          [
            103.53412284900008,
            27.973221798000054
          ],
          [
            103.52382476800005,
            27.971530476000055
          ],
          [
            103.51452110300005,
            27.972308445000067
          ],
          [
            103.50662597700006,
            27.976916618000075
          ],
          [
            103.50060813900006,
            27.984609756000054
          ],
          [
            103.49677398700004,
            27.994320698000024
          ],
          [
            103.49477012600005,
            28.003329372000053
          ],
          [
            103.49381851200008,
            28.010952377000024
          ],
          [
            103.49325973500004,
            28.016468124000028
          ],
          [
            103.49276596100003,
            28.020213528000056
          ],
          [
            103.49228126500009,
            28.022729034000065
          ],
          [
            103.49163032500007,
            28.024594669000066
          ],
          [
            103.49059593200008,
            28.026477413000066
          ],
          [
            103.48886482200004,
            28.028470688000027
          ],
          [
            103.48646957400007,
            28.030567417000043
          ],
          [
            103.48380195600004,
            28.032306290000065
          ],
          [
            103.48142387400009,
            28.03349962200008
          ],
          [
            103.47946144100007,
            28.03421703300006
          ],
          [
            103.47753112800007,
            28.03452840800003
          ],
          [
            103.47496376000004,
            28.034408989000042
          ],
          [
            103.47058113100007,
            28.03339008300003
          ],
          [
            103.46421562200004,
            28.031860867000034
          ],
          [
            103.45589233400005,
            28.03078550300006
          ],
          [
            103.44766288800008,
            28.03296451600005
          ],
          [
            103.44037048300004,
            28.039154816000064
          ],
          [
            103.43565528900007,
            28.04959829300003
          ],
          [
            103.43497444200005,
            28.06158918400007
          ],
          [
            103.43803649900008,
            28.074349289000054
          ],
          [
            103.44317375200006,
            28.086303902000054
          ],
          [
            103.44719574000004,
            28.097061043000053
          ],
          [
            103.44979469300006,
            28.10675142300005
          ],
          [
            103.45254058800003,
            28.115886536000062
          ],
          [
            103.45883461000005,
            28.124522667000065
          ],
          [
            103.46955162000006,
            28.132649212000047
          ],
          [
            103.48393745400006,
            28.141655464000053
          ],
          [
            103.49914337200005,
            28.151967068000033
          ],
          [
            103.51460144000004,
            28.164562206000028
          ],
          [
            103.52888465900008,
            28.178095779000046
          ],
          [
            103.54125518800004,
            28.19197069200004
          ],
          [
            103.55106369000003,
            28.204898186000037
          ],
          [
            103.55880592300008,
            28.216117497000027
          ],
          [
            103.56497551000007,
            28.224016819000042
          ],
          [
            103.57090560900008,
            28.229028759000073
          ],
          [
            103.57704490700007,
            28.232190971000023
          ],
          [
            103.58505729700005,
            28.235603714000035
          ],
          [
            103.59539665200003,
            28.240620327000045
          ],
          [
            103.60838913000003,
            28.247079220000046
          ],
          [
            103.62244415300006,
            28.253061657000046
          ],
          [
            103.63559875500005,
            28.255492249000042
          ],
          [
            103.64766128500008,
            28.25404489500005
          ],
          [
            103.65858947800007,
            28.24969793300005
          ],
          [
            103.66838501000007,
            28.244364338000025
          ],
          [
            103.67749969500005,
            28.237387333000072
          ],
          [
            103.68501144400005,
            28.229041710000047
          ],
          [
            103.69151199300006,
            28.21956102400003
          ],
          [
            103.69688049300004,
            28.21235477400006
          ],
          [
            103.70197631800005,
            28.208510532000048
          ],
          [
            103.70730987500008,
            28.208501472000023
          ],
          [
            103.71329765300004,
            28.21181318300006
          ],
          [
            103.72027504000005,
            28.217621613000063
          ],
          [
            103.72811447100008,
            28.224855900000023
          ],
          [
            103.73641517600004,
            28.230838108000057
          ],
          [
            103.74446022000006,
            28.234685917000036
          ],
          [
            103.75234085100004,
            28.236543522000034
          ],
          [
            103.75882873500007,
            28.23787935300004
          ],
          [
            103.76475845300007,
            28.240239563000046
          ],
          [
            103.77066078200005,
            28.244458656000063
          ],
          [
            103.77903305100006,
            28.251123466000024
          ],
          [
            103.79043022200005,
            28.259539852000046
          ],
          [
            103.80523330700004,
            28.269343109000033
          ],
          [
            103.82080093400003,
            28.279319954000073
          ],
          [
            103.83529495200008,
            28.288485107000042
          ],
          [
            103.84732093800005,
            28.29684516900005
          ],
          [
            103.85722557100007,
            28.30510471300005
          ],
          [
            103.86379272500005,
            28.31322055800007
          ],
          [
            103.86669075000003,
            28.32179176300008
          ],
          [
            103.86574218700008,
            28.331276093000042
          ],
          [
            103.86221130400008,
            28.34242574700005
          ],
          [
            103.85784187300004,
            28.35392009700007
          ],
          [
            103.85450332600004,
            28.364627857000073
          ],
          [
            103.85261726400006,
            28.37361990000005
          ],
          [
            103.85149459800004,
            28.382123413000045
          ],
          [
            103.84970283500007,
            28.391583061000063
          ],
          [
            103.84600524900009,
            28.403370514000073
          ],
          [
            103.84022865300005,
            28.418319531000066
          ],
          [
            103.83307815600006,
            28.43524086000008
          ],
          [
            103.82556617700004,
            28.452925625000034
          ],
          [
            103.81678642300005,
            28.47026397700006
          ],
          [
            103.80668205300009,
            28.487706871000057
          ],
          [
            103.79640937800008,
            28.50421396300004
          ],
          [
            103.78962959300009,
            28.517666759000065
          ],
          [
            103.78773193400008,
            28.52867647200003
          ],
          [
            103.79071525600006,
            28.539133167000045
          ],
          [
            103.79757949800006,
            28.55106584600003
          ],
          [
            103.80651580800009,
            28.564114380000035
          ],
          [
            103.81632469200008,
            28.577037277000045
          ],
          [
            103.82454933200006,
            28.588849735000053
          ],
          [
            103.82986892700006,
            28.59950653100003
          ],
          [
            103.83252296400008,
            28.610057316000052
          ],
          [
            103.83392623900005,
            28.62209024400005
          ],
          [
            103.83552436800005,
            28.63567997000007
          ],
          [
            103.83759307900004,
            28.648955803000035
          ],
          [
            103.84031593300006,
            28.659520378000025
          ],
          [
            103.84385025000006,
            28.66621238700003
          ],
          [
            103.84859870900004,
            28.66932066000004
          ],
          [
            103.85470603900006,
            28.668923836000033
          ],
          [
            103.86086128200009,
            28.664415646000066
          ],
          [
            103.86624839800004,
            28.656032753000034
          ],
          [
            103.87054702800003,
            28.645780907000074
          ],
          [
            103.87492965700005,
            28.636664867000036
          ],
          [
            103.88017883300006,
            28.630133667000052
          ],
          [
            103.88656211900008,
            28.626694851000025
          ],
          [
            103.89382515000005,
            28.62559221300006
          ],
          [
            103.90188987700009,
            28.625747871000044
          ],
          [
            103.91054328900009,
            28.625781517000064
          ],
          [
            103.91904953000005,
            28.624081249000028
          ],
          [
            103.92707176200008,
            28.620334625000055
          ],
          [
            103.93472686800004,
            28.615386047000072
          ],
          [
            103.94291221600008,
            28.61132642700005
          ],
          [
            103.95352241500007,
            28.609661980000055
          ],
          [
            103.96828506500003,
            28.61118030500006
          ],
          [
            103.98832618700004,
            28.61530384100007
          ],
          [
            104.01155082700006,
            28.62040735200003
          ],
          [
            104.03452774000004,
            28.624031582000043
          ],
          [
            104.05405830400008,
            28.624424782000062
          ],
          [
            104.06912292500004,
            28.62209648100003
          ],
          [
            104.08112899800005,
            28.618796463000024
          ],
          [
            104.09088768000004,
            28.61805030800008
          ],
          [
            104.10040908800005,
            28.620631866000053
          ],
          [
            104.11018028300003,
            28.626462841000034
          ],
          [
            104.12115890500007,
            28.632605114000057
          ],
          [
            104.13402442900008,
            28.637322788000063
          ],
          [
            104.14840271000008,
            28.639753933000065
          ],
          [
            104.16292526200004,
            28.640456200000074
          ],
          [
            104.17464225800006,
            28.64037963900006
          ],
          [
            104.18366668700008,
            28.640172901000028
          ],
          [
            104.19150177000006,
            28.640376244000038
          ],
          [
            104.20073555000005,
            28.64143417400004
          ],
          [
            104.21155113200007,
            28.643770199000073
          ],
          [
            104.22253128100004,
            28.64759830500003
          ],
          [
            104.23101982100007,
            28.652429314000074
          ],
          [
            104.23676879900006,
            28.657455292000066
          ],
          [
            104.24085754400005,
            28.66119304700004
          ],
          [
            104.24540840200007,
            28.661954594000065
          ],
          [
            104.25118446400006,
            28.658836327000074
          ],
          [
            104.25850189200008,
            28.652428188000044
          ],
          [
            104.26712249800005,
            28.645550823000065
          ],
          [
            104.27741684000006,
            28.639392490000034
          ],
          [
            104.29022445700008,
            28.634819298000025
          ],
          [
            104.30535141000007,
            28.63291809100008
          ],
          [
            104.32258667000008,
            28.634458256000073
          ],
          [
            104.34187278700006,
            28.638701096000034
          ],
          [
            104.36151725800005,
            28.641785851000066
          ],
          [
            104.38073715200005,
            28.641880856000057
          ],
          [
            104.39778801000006,
            28.638569431000064
          ],
          [
            104.41076225300009,
            28.63435409500005
          ],
          [
            104.41997673000009,
            28.630894279000074
          ],
          [
            104.42780624400007,
            28.629727802000048
          ],
          [
            104.43792465200005,
            28.63224992800008
          ],
          [
            104.45424224900006,
            28.64045116400007
          ],
          [
            104.47899925200005,
            28.655164909000064
          ],
          [
            104.50994278000007,
            28.674823933000027
          ],
          [
            104.54263160700003,
            28.69600273100008
          ],
          [
            104.57064544700006,
            28.71597389200008
          ],
          [
            104.59311904900005,
            28.733844414000032
          ],
          [
            104.61013801600006,
            28.747915039000077
          ],
          [
            104.62395362900008,
            28.757801495000024
          ],
          [
            104.63610939000006,
            28.763355198000056
          ],
          [
            104.64848182700007,
            28.765956841000047
          ],
          [
            104.66287590000007,
            28.767738914000063
          ],
          [
            104.67896484400006,
            28.770401192000065
          ],
          [
            104.69672180200007,
            28.77400318100007
          ],
          [
            104.71452659600004,
            28.77686496700005
          ],
          [
            104.73323104900004,
            28.779442177000078
          ],
          [
            104.75187011700007,
            28.78362802500004
          ],
          [
            104.77068595900005,
            28.79041782400003
          ],
          [
            104.78883987400008,
            28.798550205000026
          ],
          [
            104.80605400100006,
            28.80523065600005
          ],
          [
            104.82240219100004,
            28.808968754000034
          ],
          [
            104.83759727500006,
            28.809040794000055
          ],
          [
            104.85247352600004,
            28.80560052900006
          ],
          [
            104.86744735700006,
            28.798988399000052
          ],
          [
            104.88274398800007,
            28.790041676000044
          ],
          [
            104.89623062100009,
            28.78047788600003
          ],
          [
            104.90748222400003,
            28.77214830400004
          ],
          [
            104.91709724400005,
            28.767456837000054
          ],
          [
            104.92666091900008,
            28.767862129000036
          ],
          [
            104.93765541100004,
            28.775040283000067
          ],
          [
            104.95055389400005,
            28.788352375000045
          ],
          [
            104.96526077300007,
            28.80550867100004
          ],
          [
            104.98024032600006,
            28.820360222000033
          ],
          [
            104.99327468900009,
            28.82893283800007
          ],
          [
            105.00375076300008,
            28.830464687000074
          ],
          [
            105.01255798300008,
            28.826908512000045
          ],
          [
            105.02065605200005,
            28.82014217400007
          ],
          [
            105.02819503800004,
            28.811175442000035
          ],
          [
            105.03248901400008,
            28.801885242000026
          ],
          [
            105.03183692900006,
            28.79303585100007
          ],
          [
            105.02615341200004,
            28.784928379000064
          ],
          [
            105.01792411800005,
            28.777138958000023
          ],
          [
            105.01143676800007,
            28.769217758000025
          ],
          [
            105.00941612200006,
            28.761095562000037
          ],
          [
            105.01287605300007,
            28.753429985000025
          ],
          [
            105.02075523400003,
            28.747205105000035
          ],
          [
            105.03090652500003,
            28.743372211000064
          ],
          [
            105.04123939500005,
            28.74170785900003
          ],
          [
            105.05021965000009,
            28.741064014000074
          ],
          [
            105.05785308800006,
            28.739490414000045
          ],
          [
            105.06593399000008,
            28.735650158000055
          ],
          [
            105.07667465200007,
            28.72913301500006
          ],
          [
            105.09278495800004,
            28.721494369000027
          ],
          [
            105.11271637000004,
            28.715502033000064
          ],
          [
            105.13389389000008,
            28.71455509200007
          ],
          [
            105.15100067100008,
            28.719172916000048
          ],
          [
            105.16205085800004,
            28.728307037000036
          ],
          [
            105.16669021600006,
            28.739284573000077
          ],
          [
            105.16761879000006,
            28.750415287000067
          ],
          [
            105.16824218700003,
            28.75997160000003
          ],
          [
            105.17054977400005,
            28.766818905000036
          ],
          [
            105.17513931300005,
            28.769534702000044
          ],
          [
            105.18185874900007,
            28.767967739000028
          ],
          [
            105.19192794800006,
            28.76279611600006
          ],
          [
            105.20694984400006,
            28.755752010000037
          ],
          [
            105.22736640900007,
            28.74889812500004
          ],
          [
            105.25108535800007,
            28.744415894000042
          ],
          [
            105.27394973800006,
            28.74416996000008
          ],
          [
            105.29443176300003,
            28.747730236000052
          ],
          [
            105.31217468300008,
            28.753116417000058
          ],
          [
            105.32921829200006,
            28.759320736000063
          ],
          [
            105.34482093800005,
            28.766547470000035
          ],
          [
            105.35735916100003,
            28.77460947000003
          ],
          [
            105.36444328300007,
            28.78337999300004
          ],
          [
            105.36616607700006,
            28.792106724000064
          ],
          [
            105.36390274000007,
            28.800488548000033
          ],
          [
            105.36058906600005,
            28.808321095000053
          ],
          [
            105.35889015200007,
            28.81669529000004
          ],
          [
            105.36136856100006,
            28.825858440000047
          ],
          [
            105.36896484400006,
            28.835952930000076
          ],
          [
            105.38143966700005,
            28.84523138000003
          ],
          [
            105.39565574600005,
            28.852233944000034
          ],
          [
            105.40897323600007,
            28.856419926000058
          ],
          [
            105.41893142700008,
            28.858784924000076
          ],
          [
            105.42674484300005,
            28.86051820800003
          ],
          [
            105.43409004200004,
            28.86283105800004
          ],
          [
            105.44220726000003,
            28.866573620000054
          ],
          [
            105.44974693300009,
            28.872070980000046
          ],
          [
            105.45511947600005,
            28.87933246600005
          ],
          [
            105.45790405300005,
            28.88743982300008
          ],
          [
            105.45939796400006,
            28.89520202600005
          ],
          [
            105.46172592200008,
            28.900568428000042
          ],
          [
            105.46571464500005,
            28.90249893200007
          ],
          [
            105.47103591900009,
            28.89976644500007
          ],
          [
            105.47682647700009,
            28.89311748500006
          ],
          [
            105.48326080300006,
            28.884050236000064
          ],
          [
            105.49155181900005,
            28.876335392000044
          ],
          [
            105.50308212300007,
            28.87243291900006
          ],
          [
            105.51761489900008,
            28.873171158000048
          ],
          [
            105.53285949700006,
            28.877883263000058
          ],
          [
            105.54568206800008,
            28.88427774400003
          ],
          [
            105.55525932300009,
            28.891445026000042
          ],
          [
            105.56160614000004,
            28.898753052000075
          ],
          [
            105.56423690800005,
            28.90726488100006
          ],
          [
            105.56361518900007,
            28.917356625000025
          ],
          [
            105.56142524700005,
            28.92894971800007
          ],
          [
            105.56159515400009,
            28.939890900000023
          ],
          [
            105.56576850900007,
            28.94813606300005
          ],
          [
            105.57401748700005,
            28.952148495000074
          ],
          [
            105.58472137500007,
            28.950823574000026
          ],
          [
            105.59743576100004,
            28.944455452000057
          ],
          [
            105.61095779400006,
            28.934063416000072
          ],
          [
            105.62278099100007,
            28.92233427000008
          ],
          [
            105.62939445500007,
            28.910391064000066
          ],
          [
            105.63038894700009,
            28.898754654000072
          ],
          [
            105.62797287000006,
            28.887705994000044
          ],
          [
            105.62669097900005,
            28.87846946700006
          ],
          [
            105.62856445300008,
            28.871740303000024
          ],
          [
            105.63429397600004,
            28.867614632000027
          ],
          [
            105.64321090700008,
            28.865618935000043
          ],
          [
            105.65560501100003,
            28.865473251000026
          ],
          [
            105.67086898800005,
            28.866990185000077
          ],
          [
            105.68794250500008,
            28.869954147000044
          ],
          [
            105.70465782200006,
            28.87503374100004
          ],
          [
            105.71940910300003,
            28.88224134400008
          ],
          [
            105.73143234300005,
            28.890803967000068
          ],
          [
            105.74103500400008,
            28.898823338000057
          ],
          [
            105.74918022200006,
            28.903985119000026
          ],
          [
            105.75739158600004,
            28.904868641000064
          ],
          [
            105.76609497100009,
            28.89976327900007
          ],
          [
            105.77526214600005,
            28.888420582000037
          ],
          [
            105.78476814300006,
            28.87196270000004
          ],
          [
            105.79594894400009,
            28.854210033000072
          ],
          [
            105.80938110400007,
            28.837773190000064
          ],
          [
            105.82444297800004,
            28.824521866000055
          ],
          [
            105.83900009200005,
            28.814885769000057
          ],
          [
            105.85172798200006,
            28.809969711000065
          ],
          [
            105.86237899800005,
            28.80962450000004
          ],
          [
            105.87184921300008,
            28.813312016000054
          ],
          [
            105.88104858400004,
            28.82010236700006
          ],
          [
            105.89033775300004,
            28.83016733200003
          ],
          [
            105.89796340900006,
            28.843454628000075
          ],
          [
            105.90160667400005,
            28.859455395000055
          ],
          [
            105.89969398500006,
            28.87530027400004
          ],
          [
            105.89423011800005,
            28.890400543000055
          ],
          [
            105.88817016600007,
            28.904479122000055
          ],
          [
            105.88219322200007,
            28.918451481000034
          ],
          [
            105.87380241400007,
            28.93095745100004
          ],
          [
            105.86178047200008,
            28.941550522000057
          ],
          [
            105.84859535200007,
            28.94951982500004
          ],
          [
            105.83883171100007,
            28.95630010600007
          ],
          [
            105.83579116800007,
            28.963195744000075
          ],
          [
            105.83909072900008,
            28.971759891000033
          ],
          [
            105.84629135100005,
            28.983312702000035
          ],
          [
            105.85359886200007,
            28.996950836000053
          ],
          [
            105.86036346400005,
            29.011200657000074
          ],
          [
            105.86736259500009,
            29.022730370000033
          ],
          [
            105.87643966700006,
            29.031983738000065
          ],
          [
            105.88766586300005,
            29.03941967000003
          ],
          [
            105.90209465000004,
            29.046501102000036
          ],
          [
            105.91903984100009,
            29.051859722000074
          ],
          [
            105.93956420900008,
            29.05565523100006
          ],
          [
            105.96085350000004,
            29.058337707000078
          ],
          [
            105.98090766900003,
            29.06170972800004
          ],
          [
            105.99499870300008,
            29.066910267000026
          ],
          [
            106.00320892300005,
            29.073676109000075
          ],
          [
            106.00745773300008,
            29.08092855500007
          ],
          [
            106.01225036600005,
            29.086430302000053
          ],
          [
            106.02025863600005,
            29.08892442700005
          ],
          [
            106.03291320800008,
            29.087348232000068
          ],
          [
            106.04943878200004,
            29.08230005300004
          ],
          [
            106.06788475000008,
            29.075266476000024
          ],
          [
            106.08570632900006,
            29.069484806000048
          ],
          [
            106.10125015300008,
            29.067058373000066
          ],
          [
            106.11491828900006,
            29.068888626000046
          ],
          [
            106.12583023100007,
            29.075034542000026
          ],
          [
            106.13310722400007,
            29.084794464000026
          ],
          [
            106.13519424400005,
            29.097726822000027
          ],
          [
            106.13226440400007,
            29.111948013000074
          ],
          [
            106.12667144800008,
            29.12629133200005
          ],
          [
            106.12283813500005,
            29.138936787000034
          ],
          [
            106.12432266200005,
            29.150110703000053
          ],
          [
            106.13135513300006,
            29.160579453000025
          ],
          [
            106.14149704000005,
            29.171721325000078
          ],
          [
            106.14957939100009,
            29.183388157000024
          ],
          [
            106.15415832500008,
            29.195227699000043
          ],
          [
            106.15597747800007,
            29.206052876000058
          ],
          [
            106.15849487300005,
            29.214320412000063
          ],
          [
            106.16354209900004,
            29.219611816000054
          ],
          [
            106.17137321500007,
            29.221639137000068
          ],
          [
            106.18094726600003,
            29.221056366000028
          ],
          [
            106.19099716200009,
            29.21904642100003
          ],
          [
            106.20079635600007,
            29.217700081000032
          ],
          [
            106.21012435900008,
            29.219029694000028
          ],
          [
            106.21935363800009,
            29.22347698200008
          ],
          [
            106.22903099100006,
            29.22984817500003
          ],
          [
            106.23932815600006,
            29.23637247100004
          ],
          [
            106.24941352800005,
            29.242242565000026
          ],
          [
            106.25632156400007,
            29.247833977000028
          ],
          [
            106.25840606700007,
            29.25415285100007
          ],
          [
            106.25585098300007,
            29.261551800000063
          ],
          [
            106.25105033900007,
            29.269930878000025
          ],
          [
            106.24780708300005,
            29.277741241000058
          ],
          [
            106.24834053000006,
            29.28382242200007
          ],
          [
            106.25321991000004,
            29.28677700000003
          ],
          [
            106.26091102600009,
            29.286006050000026
          ],
          [
            106.26977340700006,
            29.281400433000044
          ],
          [
            106.27916976900008,
            29.274508095000044
          ],
          [
            106.29056602500003,
            29.26777261700005
          ],
          [
            106.30599571200008,
            29.264476757000068
          ],
          [
            106.32563987700007,
            29.265462227000057
          ],
          [
            106.34655975300007,
            29.270118961000037
          ],
          [
            106.36425949100004,
            29.27607978800006
          ],
          [
            106.37642852800008,
            29.283122501000037
          ],
          [
            106.38294769300006,
            29.29143711100005
          ],
          [
            106.38577545200008,
            29.30119678500006
          ],
          [
            106.38754898100007,
            29.31177808800004
          ],
          [
            106.39154838600007,
            29.322416115000067
          ],
          [
            106.39957153300008,
            29.33262146000004
          ],
          [
            106.41169891400006,
            29.341888485000027
          ],
          [
            106.42532547000008,
            29.349922314000025
          ],
          [
            106.43837272600007,
            29.357402725000043
          ],
          [
            106.44990074200007,
            29.36552000000006
          ],
          [
            106.46096153300005,
            29.37463396100003
          ],
          [
            106.47251846300009,
            29.38350141500007
          ],
          [
            106.48564628600008,
            29.390011730000026
          ],
          [
            106.49883369400004,
            29.392845402000034
          ],
          [
            106.51091346700008,
            29.393549461000077
          ],
          [
            106.51942016600009,
            29.39570127500008
          ],
          [
            106.52256866500005,
            29.403060551000067
          ],
          [
            106.52005401600007,
            29.41661706900004
          ],
          [
            106.51355529800009,
            29.43469884900003
          ],
          [
            106.50786720300005,
            29.452276211000026
          ],
          [
            106.50576477100009,
            29.46581401800006
          ],
          [
            106.50851676900004,
            29.473575878000077
          ],
          [
            106.51524185200009,
            29.477159004000043
          ],
          [
            106.52442321800004,
            29.479054947000066
          ],
          [
            106.53372169500005,
            29.481906052000056
          ],
          [
            106.54058311500006,
            29.48713676500006
          ],
          [
            106.54332458500005,
            29.494981384000027
          ],
          [
            106.54264465300008,
            29.505072041000062
          ],
          [
            106.54081054700004,
            29.516483841000024
          ],
          [
            106.54130874600008,
            29.527531166000074
          ],
          [
            106.54502876300006,
            29.536139202000072
          ],
          [
            106.55135520900006,
            29.541438904000074
          ],
          [
            106.55789115900006,
            29.54402256000003
          ],
          [
            106.56391708400008,
            29.545237846000077
          ],
          [
            106.56910690300003,
            29.546276283000054
          ],
          [
            106.57391243000006,
            29.547641888000044
          ],
          [
            106.57830261200007,
            29.549360962000037
          ],
          [
            106.58219436600007,
            29.551431274000038
          ],
          [
            106.58533577000009,
            29.553836594000074
          ],
          [
            106.58738197300005,
            29.556773777000046
          ],
          [
            106.58808441200006,
            29.560281944000053
          ],
          [
            106.58748085000008,
            29.56441129700005
          ],
          [
            106.58599731400005,
            29.568941917000075
          ],
          [
            106.58412132300003,
            29.57379089400007
          ],
          [
            106.58232719400007,
            29.57877035100006
          ],
          [
            106.58091697700007,
            29.583813725000027
          ],
          [
            106.58017662000009,
            29.588781261000065
          ],
          [
            106.58047424300008,
            29.593491936000078
          ],
          [
            106.58209381100005,
            29.597796669000047
          ],
          [
            106.58509582500005,
            29.60169324900005
          ],
          [
            106.58919616700007,
            29.605353413000046
          ],
          [
            106.59391883900008,
            29.608814240000072
          ],
          [
            106.59883804300006,
            29.61191526400006
          ],
          [
            106.60349197400006,
            29.614324474000057
          ],
          [
            106.60757003800006,
            29.61567049000007
          ],
          [
            106.61095108000006,
            29.615767899000048
          ],
          [
            106.61376075700008,
            29.61455688500007
          ],
          [
            106.61623024000005,
            29.612071877000062
          ],
          [
            106.61846725500004,
            29.608461800000043
          ],
          [
            106.62062164300005,
            29.604033909000066
          ],
          [
            106.62289375300008,
            29.59928529700005
          ],
          [
            106.62559402500005,
            29.594882393000034
          ],
          [
            106.62889091500006,
            29.591539803000046
          ],
          [
            106.63280395500004,
            29.589562225000066
          ],
          [
            106.63721763600006,
            29.588823872000034
          ],
          [
            106.64182525600006,
            29.588729229000023
          ],
          [
            106.64631958000007,
            29.588469753000027
          ],
          [
            106.65025573700007,
            29.58737194100007
          ],
          [
            106.65369278000009,
            29.584965992000036
          ],
          [
            106.65669197100004,
            29.58126777600006
          ],
          [
            106.65960830700004,
            29.57662324900008
          ],
          [
            106.66253753700005,
            29.571703739000043
          ],
          [
            106.66574295000004,
            29.567075100000068
          ],
          [
            106.66931137100005,
            29.56314956700004
          ],
          [
            106.67328018200004,
            29.56005758300006
          ],
          [
            106.67742385900004,
            29.55770853000007
          ],
          [
            106.68162620500004,
            29.555927334000046
          ],
          [
            106.68584899900009,
            29.554779015000065
          ],
          [
            106.69097938500005,
            29.554495640000027
          ],
          [
            106.69803230300005,
            29.555884628000058
          ],
          [
            106.70775795000009,
            29.559780292000028
          ],
          [
            106.71913932800004,
            29.567340527000056
          ],
          [
            106.73067947400006,
            29.577736549000065
          ],
          [
            106.74174697900008,
            29.58899368300007
          ],
          [
            106.75284126300005,
            29.597118950000038
          ],
          [
            106.76515586900007,
            29.600266342000054
          ],
          [
            106.77915214500007,
            29.598310318000074
          ],
          [
            106.79349342300009,
            29.592960262000076
          ],
          [
            106.80672447200004,
            29.58716985700005
          ],
          [
            106.81802055400004,
            29.582740974000046
          ],
          [
            106.82868820200008,
            29.58062276800007
          ],
          [
            106.83988548300005,
            29.58097486500003
          ],
          [
            106.85233993500009,
            29.584045143000026
          ],
          [
            106.86421745300004,
            29.590871906000075
          ],
          [
            106.87340820300005,
            29.60087818100004
          ],
          [
            106.87934806800007,
            29.61322704300005
          ],
          [
            106.88432365400007,
            29.626505508000037
          ],
          [
            106.89219940200007,
            29.642579899000054
          ],
          [
            106.90531738300007,
            29.662822590000076
          ],
          [
            106.92371131900006,
            29.688121281000065
          ],
          [
            106.94386261000005,
            29.71505382500004
          ],
          [
            106.96373153700006,
            29.74066963200005
          ],
          [
            106.98244178800007,
            29.760467262000077
          ],
          [
            107.00197982800006,
            29.776213703000053
          ],
          [
            107.02322959900005,
            29.789299164000056
          ],
          [
            107.04390571600004,
            29.800974216000043
          ],
          [
            107.06011558500006,
            29.807856255000047
          ],
          [
            107.07064071700006,
            29.808892384000046
          ],
          [
            107.07692459100008,
            29.804274921000058
          ],
          [
            107.08168090800007,
            29.79580596900007
          ],
          [
            107.08642471300004,
            29.78479099300006
          ],
          [
            107.09236732500005,
            29.77151495000004
          ],
          [
            107.10054168700009,
            29.755933266000056
          ],
          [
            107.11207382200007,
            29.73974025700005
          ],
          [
            107.12648040800008,
            29.723808537000025
          ],
          [
            107.13939254800005,
            29.71060815800007
          ],
          [
            107.15031745900006,
            29.699595757000054
          ],
          [
            107.16052795400009,
            29.69023353600005
          ],
          [
            107.17264366100005,
            29.68191284200003
          ],
          [
            107.18638336200007,
            29.676144085000033
          ],
          [
            107.19982940700004,
            29.67443077100006
          ],
          [
            107.21196449300004,
            29.67722387300006
          ],
          [
            107.22335861200008,
            29.683513107000067
          ],
          [
            107.23745536800004,
            29.692569847000073
          ],
          [
            107.25575927700004,
            29.703603783000062
          ],
          [
            107.27803978000009,
            29.715518761000055
          ],
          [
            107.29900695800006,
            29.72586992300006
          ],
          [
            107.31741004900005,
            29.731722870000056
          ],
          [
            107.33372421300004,
            29.732316723000054
          ],
          [
            107.35060577400009,
            29.729012699000066
          ],
          [
            107.36768859900008,
            29.724603901000023
          ],
          [
            107.38364349400007,
            29.722726917000045
          ],
          [
            107.39713241600003,
            29.726144714000043
          ],
          [
            107.40807388300004,
            29.73582296400008
          ],
          [
            107.41782447800006,
            29.750218849000078
          ],
          [
            107.42869270300008,
            29.766312752000033
          ],
          [
            107.44191261300006,
            29.782073936000074
          ],
          [
            107.45685638400005,
            29.79716623300004
          ],
          [
            107.47036148100005,
            29.811821918000078
          ],
          [
            107.47926628100004,
            29.825565605000065
          ],
          [
            107.48240921000007,
            29.83783659000005
          ],
          [
            107.48044380200008,
            29.84780336400007
          ],
          [
            107.47541404700007,
            29.855824356000028
          ],
          [
            107.46973220800004,
            29.862455044000058
          ],
          [
            107.46630279500005,
            29.868627033000053
          ],
          [
            107.46705711400006,
            29.874602432000074
          ],
          [
            107.47240753200003,
            29.87990730300004
          ],
          [
            107.48121803300006,
            29.883151760000032
          ],
          [
            107.49136642500008,
            29.88290161100008
          ],
          [
            107.50193100000007,
            29.87884767500003
          ],
          [
            107.51274353000008,
            29.872001667000063
          ],
          [
            107.52461891200005,
            29.86442848200005
          ],
          [
            107.53807327300007,
            29.857663288000026
          ],
          [
            107.55416984600004,
            29.85178535500006
          ],
          [
            107.57308555600008,
            29.84697139700006
          ],
          [
            107.59604782100007,
            29.843936348000057
          ],
          [
            107.62416030900005,
            29.845460014000025
          ],
          [
            107.65769813500003,
            29.852478046000044
          ],
          [
            107.69354904200009,
            29.86470693600006
          ],
          [
            107.72368560800004,
            29.87934738200005
          ],
          [
            107.74469543500004,
            29.894165459000078
          ],
          [
            107.75705947900008,
            29.90737636600005
          ],
          [
            107.76544326800007,
            29.91769077300006
          ],
          [
            107.77460632300006,
            29.92653537700005
          ],
          [
            107.78675773600008,
            29.935902767000073
          ],
          [
            107.80223022500007,
            29.948400631000027
          ],
          [
            107.81748344400006,
            29.96370370900007
          ],
          [
            107.83118820200008,
            29.981505737000077
          ],
          [
            107.84207054100006,
            29.99958627700005
          ],
          [
            107.85140571600004,
            30.01820015000004
          ],
          [
            107.85863578800007,
            30.036530037000034
          ],
          [
            107.86454147300009,
            30.05473438300004
          ],
          [
            107.87002769500003,
            30.072712860000024
          ],
          [
            107.87704200700006,
            30.089493694000055
          ],
          [
            107.88656799300009,
            30.104281597000067
          ],
          [
            107.89864105200007,
            30.11639030500004
          ],
          [
            107.91201469400005,
            30.12582872400003
          ],
          [
            107.92509872400007,
            30.13338897700004
          ],
          [
            107.93609375000005,
            30.140500126000063
          ],
          [
            107.94340805100006,
            30.148527470000033
          ],
          [
            107.94645629900003,
            30.157912331000034
          ],
          [
            107.94636360200008,
            30.16864776600005
          ],
          [
            107.94571899400006,
            30.17946195600007
          ],
          [
            107.94731086700006,
            30.18907129300004
          ],
          [
            107.95338493300005,
            30.196244755000066
          ],
          [
            107.96386375400004,
            30.200846729000034
          ],
          [
            107.97711959800006,
            30.20348934200007
          ],
          [
            107.98902252200008,
            30.205277271000057
          ],
          [
            107.99708328200006,
            30.206407261000038
          ],
          [
            108.00163627600006,
            30.207364883000025
          ],
          [
            108.00435630800007,
            30.20828199400006
          ],
          [
            108.00671600300007,
            30.209559956000078
          ],
          [
            108.00904502900005,
            30.21134094200005
          ],
          [
            108.01128562900004,
            30.213707199000055
          ],
          [
            108.01319259600007,
            30.21663049700004
          ],
          [
            108.01448005700007,
            30.219933910000066
          ],
          [
            108.01494293200005,
            30.223517075000075
          ],
          [
            108.01464462300004,
            30.227385368000057
          ],
          [
            108.01375946000007,
            30.23173063300004
          ],
          [
            108.01245872500004,
            30.236864204000028
          ],
          [
            108.01090538000005,
            30.242830753000078
          ],
          [
            108.00940147400007,
            30.24927272800005
          ],
          [
            108.00858810400007,
            30.255220089000034
          ],
          [
            108.00873237600007,
            30.260181980000027
          ],
          [
            108.01008171100005,
            30.26409820600003
          ],
          [
            108.01247238200006,
            30.267254524000066
          ],
          [
            108.01605003400005,
            30.270149918000072
          ],
          [
            108.02054061900009,
            30.272761459000037
          ],
          [
            108.02582466100006,
            30.27518882700008
          ],
          [
            108.03138549800008,
            30.27732683200003
          ],
          [
            108.03674438500008,
            30.279332123000074
          ],
          [
            108.04134193400006,
            30.281287537000026
          ],
          [
            108.04501754800003,
            30.283306389000074
          ],
          [
            108.04786056500006,
            30.285520382000072
          ],
          [
            108.05019218400008,
            30.288083725000035
          ],
          [
            108.05201286300007,
            30.290957413000058
          ],
          [
            108.05344520600005,
            30.294027519000053
          ],
          [
            108.05457038900005,
            30.297097359000077
          ],
          [
            108.05568550100008,
            30.300095901000077
          ],
          [
            108.05697074900007,
            30.302953606000074
          ],
          [
            108.05840957600009,
            30.305569305000063
          ],
          [
            108.05999328600006,
            30.307777729000065
          ],
          [
            108.06185585000009,
            30.30945604300007
          ],
          [
            108.06433830300006,
            30.310526657000025
          ],
          [
            108.06756721500005,
            30.310946827000066
          ],
          [
            108.07148994400006,
            30.31069078400003
          ],
          [
            108.07562461900005,
            30.309844189000046
          ],
          [
            108.07973007200007,
            30.308460293000053
          ],
          [
            108.08340271000009,
            30.306657677000032
          ],
          [
            108.08652137800004,
            30.304520283000045
          ],
          [
            108.08897445700006,
            30.302136803000053
          ],
          [
            108.09098701500005,
            30.29951353100006
          ],
          [
            108.09283592200006,
            30.29661369300004
          ],
          [
            108.09475921600006,
            30.29347335800003
          ],
          [
            108.09681556700008,
            30.290306530000066
          ],
          [
            108.09894325300007,
            30.287436352000043
          ],
          [
            108.10116706800005,
            30.28527824400004
          ],
          [
            108.10345283500004,
            30.28412090300003
          ],
          [
            108.10589279200008,
            30.28405664400003
          ],
          [
            108.10840042100006,
            30.285006905000046
          ],
          [
            108.11099945100005,
            30.28677478800006
          ],
          [
            108.11352539100005,
            30.289081459000045
          ],
          [
            108.11578270000007,
            30.291670856000053
          ],
          [
            108.11756004300008,
            30.29435535400006
          ],
          [
            108.11879882800008,
            30.297148075000052
          ],
          [
            108.11950073200006,
            30.300099487000068
          ],
          [
            108.11964012100009,
            30.30322324800005
          ],
          [
            108.11913230900007,
            30.306516533000035
          ],
          [
            108.11797370900007,
            30.30985780700007
          ],
          [
            108.11613410900009,
            30.313239861000056
          ],
          [
            108.11358840900004,
            30.316540794000048
          ],
          [
            108.11024375900007,
            30.319695702000047
          ],
          [
            108.10601501500008,
            30.322508850000077
          ],
          [
            108.10116432200005,
            30.324702339000055
          ],
          [
            108.09607399000004,
            30.32616193800004
          ],
          [
            108.09130409200009,
            30.32701120400003
          ],
          [
            108.08727104200005,
            30.327765102000058
          ],
          [
            108.08415321400008,
            30.32889526400004
          ],
          [
            108.08215148900007,
            30.330648823000047
          ],
          [
            108.08125167800006,
            30.33289037700007
          ],
          [
            108.08149414100006,
            30.33528078100005
          ],
          [
            108.08257499700005,
            30.337521725000045
          ],
          [
            108.08391471900006,
            30.339596958000072
          ],
          [
            108.08490081800005,
            30.341584492000038
          ],
          [
            108.08528511000009,
            30.343647575000034
          ],
          [
            108.08552818300006,
            30.34579923600006
          ],
          [
            108.08628601100008,
            30.348099499000057
          ],
          [
            108.08813789400006,
            30.350398979000033
          ],
          [
            108.09124000500009,
            30.35239603000008
          ],
          [
            108.09556610100009,
            30.35383089100003
          ],
          [
            108.10091011000009,
            30.354626369000073
          ],
          [
            108.10691452000009,
            30.35499979000008
          ],
          [
            108.11308311500005,
            30.355303211000034
          ],
          [
            108.11903579700004,
            30.35591232300004
          ],
          [
            108.12454132100004,
            30.35706880600003
          ],
          [
            108.12935554500007,
            30.35887615200005
          ],
          [
            108.13321495100007,
            30.361270485000034
          ],
          [
            108.13598701500007,
            30.36419561400004
          ],
          [
            108.13778778100004,
            30.367423306000035
          ],
          [
            108.13905067400009,
            30.37067213100005
          ],
          [
            108.14031089800005,
            30.37362279900003
          ],
          [
            108.14194198600006,
            30.37614259700007
          ],
          [
            108.14393280000007,
            30.378421841000034
          ],
          [
            108.14596328700009,
            30.38075626400007
          ],
          [
            108.14779098500009,
            30.38336223600004
          ],
          [
            108.14956413300007,
            30.38619728100008
          ],
          [
            108.15187377900008,
            30.389231129000052
          ],
          [
            108.15509117100004,
            30.39237466800006
          ],
          [
            108.15921386700006,
            30.39565761600005
          ],
          [
            108.16361259500007,
            30.398864498000023
          ],
          [
            108.16782470700008,
            30.401929951000056
          ],
          [
            108.17162078900009,
            30.404581661000066
          ],
          [
            108.17492713900003,
            30.406536713000037
          ],
          [
            108.17778495800007,
            30.40757072400004
          ],
          [
            108.18028167700004,
            30.40775327700004
          ],
          [
            108.18257087700005,
            30.40734499000007
          ],
          [
            108.18497177100005,
            30.406563549000055
          ],
          [
            108.18777130100005,
            30.40559661900005
          ],
          [
            108.19126579300007,
            30.404611187000057
          ],
          [
            108.19532249500008,
            30.403948326000034
          ],
          [
            108.19988525400004,
            30.40398630100003
          ],
          [
            108.20469467200007,
            30.405049286000065
          ],
          [
            108.20957519500007,
            30.40717496900004
          ],
          [
            108.21427459700004,
            30.41015045200004
          ],
          [
            108.21860107400005,
            30.41372440300006
          ],
          [
            108.22260452300009,
            30.417706776000045
          ],
          [
            108.22638626100007,
            30.42200199100006
          ],
          [
            108.22998466500007,
            30.426429119000034
          ],
          [
            108.23342094400004,
            30.430839005000053
          ],
          [
            108.23663337700003,
            30.43503366500005
          ],
          [
            108.23956436200007,
            30.438895779000063
          ],
          [
            108.24220970200008,
            30.44237722400004
          ],
          [
            108.24449043300007,
            30.44536092800007
          ],
          [
            108.24644882200005,
            30.44788826000007
          ],
          [
            108.24810760500009,
            30.45011091200007
          ],
          [
            108.24948356600004,
            30.45236145000007
          ],
          [
            108.25045402500007,
            30.455056744000046
          ],
          [
            108.25071914700004,
            30.45848403900004
          ],
          [
            108.25013000500007,
            30.46268135100007
          ],
          [
            108.24889679000006,
            30.46750316600003
          ],
          [
            108.24755241400004,
            30.472581081000044
          ],
          [
            108.24665267900008,
            30.47740251500005
          ],
          [
            108.24665420500008,
            30.481502228000068
          ],
          [
            108.24779762300005,
            30.48473520300007
          ],
          [
            108.24998848000007,
            30.48722703900006
          ],
          [
            108.25283851600005,
            30.489188786000057
          ],
          [
            108.25598770100004,
            30.49084976200004
          ],
          [
            108.25930229200009,
            30.492481937000036
          ],
          [
            108.26279869100006,
            30.494342327000027
          ],
          [
            108.26620178200005,
            30.49663091700006
          ],
          [
            108.26889892600008,
            30.49929340400007
          ],
          [
            108.27070350600007,
            30.50237680400005
          ],
          [
            108.27181877100008,
            30.50580896400004
          ],
          [
            108.27265655500008,
            30.509549046000075
          ],
          [
            108.27342109700004,
            30.513366699000073
          ],
          [
            108.27426528900008,
            30.51729288100006
          ],
          [
            108.27530136100006,
            30.521080437000023
          ],
          [
            108.27686515800008,
            30.52509845700007
          ],
          [
            108.27914459200008,
            30.52899471300003
          ],
          [
            108.28236877400008,
            30.533130836000055
          ],
          [
            108.28632515000004,
            30.53731262200006
          ],
          [
            108.29071136500005,
            30.541714954000042
          ],
          [
            108.29509529100005,
            30.546383228000025
          ],
          [
            108.29908096300005,
            30.55137033500006
          ],
          [
            108.30249984700004,
            30.55659465800005
          ],
          [
            108.30531326300007,
            30.56175790800006
          ],
          [
            108.30777969400003,
            30.56660686500004
          ],
          [
            108.31018547100007,
            30.570998936000024
          ],
          [
            108.31282470700006,
            30.575089397000056
          ],
          [
            108.31555450400003,
            30.578799419000063
          ],
          [
            108.31813171400006,
            30.582308769000065
          ],
          [
            108.32014427200005,
            30.58578496900003
          ],
          [
            108.32152671800009,
            30.589512081000066
          ],
          [
            108.32238243100005,
            30.593472404000067
          ],
          [
            108.32307922400008,
            30.597383575000038
          ],
          [
            108.32398651100004,
            30.60109409300003
          ],
          [
            108.32543373100003,
            30.60471834200007
          ],
          [
            108.32746109000004,
            30.608522530000073
          ],
          [
            108.33010551500007,
            30.612596626000027
          ],
          [
            108.33310356100009,
            30.616954899000064
          ],
          [
            108.33635856600006,
            30.621482162000063
          ],
          [
            108.33959037800008,
            30.62598606100005
          ],
          [
            108.34274719200005,
            30.630324173000076
          ],
          [
            108.34580528300006,
            30.63438396500004
          ],
          [
            108.34896812400007,
            30.638260880000075
          ],
          [
            108.35231269800005,
            30.641991997000048
          ],
          [
            108.35578849800004,
            30.645602264000047
          ],
          [
            108.35915786700008,
            30.64894348100006
          ],
          [
            108.36221893300007,
            30.65198917400005
          ],
          [
            108.36497551000008,
            30.65483589200005
          ],
          [
            108.36762199400005,
            30.657757511000057
          ],
          [
            108.37029060400005,
            30.66080308900007
          ],
          [
            108.37296531700008,
            30.663896656000077
          ],
          [
            108.37571769700008,
            30.66706642200006
          ],
          [
            108.37864250200005,
            30.670395279000047
          ],
          [
            108.38163780200006,
            30.67388052000007
          ],
          [
            108.38441764800007,
            30.677313938000054
          ],
          [
            108.38678413400004,
            30.68048122400006
          ],
          [
            108.38870399500007,
            30.683276672000034
          ],
          [
            108.39035514800008,
            30.68578615200005
          ],
          [
            108.39196029700008,
            30.688091202000066
          ],
          [
            108.39387870800005,
            30.69044172300005
          ],
          [
            108.39630271900006,
            30.693022099000075
          ],
          [
            108.39927978500003,
            30.696038933000068
          ],
          [
            108.40265831000005,
            30.699520969000048
          ],
          [
            108.40639129600004,
            30.703374138000072
          ],
          [
            108.41049728400009,
            30.70746992100004
          ],
          [
            108.41479187000004,
            30.71159879700008
          ],
          [
            108.41896682700008,
            30.71568571100005
          ],
          [
            108.42266212500004,
            30.719763260000036
          ],
          [
            108.42552024800005,
            30.723934975000077
          ],
          [
            108.42733726500006,
            30.72823650400005
          ],
          [
            108.42803512600005,
            30.732559757000047
          ],
          [
            108.42770675700007,
            30.73684331900006
          ],
          [
            108.42664939900004,
            30.74104528400005
          ],
          [
            108.42515815700006,
            30.745263519000048
          ],
          [
            108.42352767900007,
            30.74968074800006
          ],
          [
            108.42208274800004,
            30.75419055900005
          ],
          [
            108.42100853000005,
            30.758479614000066
          ],
          [
            108.42035301200008,
            30.761976967000066
          ],
          [
            108.41969604500008,
            30.764809074000027
          ],
          [
            108.41838127100004,
            30.767413025000053
          ],
          [
            108.41593536400006,
            30.770263519000025
          ],
          [
            108.41236167900007,
            30.77359672500006
          ],
          [
            108.40834503200006,
            30.777163639000037
          ],
          [
            108.40438743600004,
            30.78095312100004
          ],
          [
            108.40099823000008,
            30.78482114800005
          ],
          [
            108.39826751700008,
            30.788752213000066
          ],
          [
            108.39619308500005,
            30.792817574000026
          ],
          [
            108.39477981600004,
            30.796998959000064
          ],
          [
            108.39405250500005,
            30.80129432700005
          ],
          [
            108.39402824400008,
            30.805394039000078
          ],
          [
            108.39457519500007,
            30.808953018000068
          ],
          [
            108.39556831400006,
            30.811729813000056
          ],
          [
            108.39694412200004,
            30.813829308000038
          ],
          [
            108.39893463100009,
            30.81565671900006
          ],
          [
            108.40185051000009,
            30.817348824000078
          ],
          [
            108.40592086800007,
            30.81895746200007
          ],
          [
            108.41096687300006,
            30.820378437000045
          ],
          [
            108.41646667500004,
            30.82174222900005
          ],
          [
            108.42185539200005,
            30.82311685600007
          ],
          [
            108.42687652600006,
            30.824489441000026
          ],
          [
            108.43192695600004,
            30.825637150000034
          ],
          [
            108.43762977600005,
            30.82640937800005
          ],
          [
            108.44454116800006,
            30.82677429200004
          ],
          [
            108.45234420800006,
            30.826973362000047
          ],
          [
            108.46039588900004,
            30.827297001000034
          ],
          [
            108.46754112200006,
            30.82809078200006
          ],
          [
            108.47373466500005,
            30.829494553000075
          ],
          [
            108.47910789500008,
            30.831531982000058
          ],
          [
            108.48400711100004,
            30.83400733900004
          ],
          [
            108.48832977300003,
            30.836688499000047
          ],
          [
            108.49208854700004,
            30.83944955800007
          ],
          [
            108.49530235300006,
            30.84230670900007
          ],
          [
            108.49812561000005,
            30.845373020000068
          ],
          [
            108.50056472800009,
            30.84872169500005
          ],
          [
            108.50257125900004,
            30.852203674000066
          ],
          [
            108.50413284300004,
            30.855681400000037
          ],
          [
            108.50533195500009,
            30.85917610200005
          ],
          [
            108.50645690900006,
            30.86323713300004
          ],
          [
            108.50773506200005,
            30.868202534000034
          ],
          [
            108.50949150100007,
            30.874034710000046
          ],
          [
            108.51173446700005,
            30.880158062000078
          ],
          [
            108.51426193200007,
            30.88587455700008
          ],
          [
            108.51676651000008,
            30.890813541000057
          ],
          [
            108.51922363300008,
            30.895006714000033
          ],
          [
            108.52176879900009,
            30.898537197000053
          ],
          [
            108.52456985500004,
            30.901481171000057
          ],
          [
            108.52766471900009,
            30.903747158000044
          ],
          [
            108.53119346600005,
            30.905517101000044
          ],
          [
            108.53537063600004,
            30.906915836000053
          ],
          [
            108.54048049900007,
            30.90807310100007
          ],
          [
            108.54641441300004,
            30.908967552000036
          ],
          [
            108.55299362200009,
            30.90979335800006
          ],
          [
            108.55983711200008,
            30.910720825000055
          ],
          [
            108.56661422700006,
            30.91184034300005
          ],
          [
            108.57283989000007,
            30.913058243000023
          ],
          [
            108.57818077100006,
            30.91430892900007
          ],
          [
            108.58262123100008,
            30.915583515000037
          ],
          [
            108.58629425000004,
            30.91690078700003
          ],
          [
            108.58940246600008,
            30.91835588500004
          ],
          [
            108.59223960900005,
            30.920140209000067
          ],
          [
            108.59515937800006,
            30.922539673000074
          ],
          [
            108.59833442700005,
            30.925680847000024
          ],
          [
            108.60184852600008,
            30.92946083100003
          ],
          [
            108.60566116300004,
            30.93348712900007
          ],
          [
            108.60982429500007,
            30.937379417000045
          ],
          [
            108.61440345800008,
            30.940644646000067
          ],
          [
            108.61946998600007,
            30.943104210000058
          ],
          [
            108.62492279100007,
            30.944672737000076
          ],
          [
            108.63030250500009,
            30.945580101000076
          ],
          [
            108.63512718200008,
            30.945984898000063
          ],
          [
            108.63911171000007,
            30.946058273000062
          ],
          [
            108.64253898600003,
            30.945739536000076
          ],
          [
            108.64585121200008,
            30.944883728000036
          ],
          [
            108.64978141800009,
            30.94324329400007
          ],
          [
            108.65465690600007,
            30.94072973300007
          ],
          [
            108.66050468400005,
            30.937375088000067
          ],
          [
            108.66689147900007,
            30.93336830100003
          ],
          [
            108.67325462300005,
            30.929097366000065
          ],
          [
            108.67924346900008,
            30.924824829000045
          ],
          [
            108.68475532500008,
            30.92088766100005
          ],
          [
            108.69010925300006,
            30.917323513000042
          ],
          [
            108.69548576400007,
            30.914325924000025
          ],
          [
            108.70108291600008,
            30.911865654000053
          ],
          [
            108.70669342000008,
            30.91000185000007
          ],
          [
            108.71228637700005,
            30.908683720000056
          ],
          [
            108.71791221600006,
            30.908028221000052
          ],
          [
            108.72419639600008,
            30.908096619000048
          ],
          [
            108.73176086400008,
            30.90905349700006
          ],
          [
            108.74089530900005,
            30.910901928000044
          ],
          [
            108.75196273800009,
            30.913860722000038
          ],
          [
            108.76399200400004,
            30.917764206000072
          ],
          [
            108.77579322800005,
            30.92243261300007
          ],
          [
            108.78496055600004,
            30.927045517000067
          ],
          [
            108.79152793900005,
            30.931520767000052
          ],
          [
            108.79629051200004,
            30.93578472100006
          ],
          [
            108.80065452600007,
            30.939820385000075
          ],
          [
            108.80521209700004,
            30.943450317000043
          ],
          [
            108.80981613200004,
            30.94644722000004
          ],
          [
            108.81404060400007,
            30.948738976000072
          ],
          [
            108.81757835400003,
            30.950379982000072
          ],
          [
            108.82080833400005,
            30.951591377000057
          ],
          [
            108.82440124500005,
            30.952530479000075
          ],
          [
            108.82927314800008,
            30.953371143000027
          ],
          [
            108.83566558800004,
            30.954136581000057
          ],
          [
            108.84317123400007,
            30.954814224000074
          ],
          [
            108.85089019800006,
            30.955292263000047
          ],
          [
            108.85812789900007,
            30.955498428000055
          ],
          [
            108.86480239900004,
            30.955389118000028
          ],
          [
            108.87123275800008,
            30.95498106000008
          ],
          [
            108.87770042400007,
            30.954281387000037
          ],
          [
            108.88417549100006,
            30.953388519000043
          ],
          [
            108.89029022200003,
            30.95247161900005
          ],
          [
            108.89571998600007,
            30.951714020000054
          ],
          [
            108.90036933900006,
            30.951102009000067
          ],
          [
            108.90448898300008,
            30.95051895100005
          ],
          [
            108.90818443300009,
            30.949804440000037
          ],
          [
            108.91172477700007,
            30.948814240000047
          ],
          [
            108.91512550400006,
            30.94747280100006
          ],
          [
            108.91860168500006,
            30.945837650000044
          ],
          [
            108.92214256300008,
            30.94408086800007
          ],
          [
            108.92567047100005,
            30.94239273100004
          ],
          [
            108.92907875100008,
            30.940844193000032
          ],
          [
            108.93226921100006,
            30.93942609800007
          ],
          [
            108.93550605800004,
            30.938088322000056
          ],
          [
            108.93907264700005,
            30.936849632000076
          ],
          [
            108.94337341300007,
            30.935737724000035
          ],
          [
            108.94836990400006,
            30.934855785000025
          ],
          [
            108.95425262500004,
            30.934217587000035
          ],
          [
            108.96102294900004,
            30.93390358000005
          ],
          [
            108.96856514000007,
            30.93390918700004
          ],
          [
            108.97620460500008,
            30.934272690000057
          ],
          [
            108.98313476600003,
            30.93484407400007
          ],
          [
            108.98900337200007,
            30.93548978800004
          ],
          [
            108.99377906800004,
            30.936099701000046
          ],
          [
            108.99765464800004,
            30.936630440000044
          ],
          [
            109.00086174000006,
            30.93713289300007
          ],
          [
            109.00352844200006,
            30.937563667000063
          ],
          [
            109.00615974400006,
            30.937859192000076
          ],
          [
            109.00919891400008,
            30.937916527000027
          ],
          [
            109.01323432900006,
            30.937793369000076
          ],
          [
            109.01841041600005,
            30.937679958000047
          ],
          [
            109.02465705900005,
            30.937828350000075
          ],
          [
            109.03172363300007,
            30.938329983000074
          ],
          [
            109.03914184600006,
            30.939143391000073
          ],
          [
            109.04656318700006,
            30.94011022600006
          ],
          [
            109.05349082900005,
            30.941019287000074
          ],
          [
            109.05952957200009,
            30.941778507000038
          ],
          [
            109.06434021000007,
            30.942390327000055
          ],
          [
            109.06794570900007,
            30.94298095700003
          ],
          [
            109.07075859100007,
            30.94369512600008
          ],
          [
            109.07341949500005,
            30.944633903000067
          ],
          [
            109.07665596000004,
            30.945909920000076
          ],
          [
            109.08079361000006,
            30.947424755000043
          ],
          [
            109.08554687500003,
            30.94894649500003
          ],
          [
            109.09023681600007,
            30.950185890000057
          ],
          [
            109.09420021100004,
            30.951002827000025
          ],
          [
            109.09727989200007,
            30.95145023300006
          ],
          [
            109.09985611000008,
            30.951826534000077
          ],
          [
            109.10261039700003,
            30.952436867000074
          ],
          [
            109.10615844700004,
            30.953423290000046
          ],
          [
            109.11031929000006,
            30.954464607000034
          ],
          [
            109.11481651300005,
            30.955356693000056
          ],
          [
            109.11919105500004,
            30.95600799600004
          ],
          [
            109.12341278100007,
            30.95658805800008
          ],
          [
            109.12767349200004,
            30.957259674000056
          ],
          [
            109.13220848100008,
            30.95809827800008
          ],
          [
            109.13722625700007,
            30.95909023300004
          ],
          [
            109.14280677800008,
            30.96010479000006
          ],
          [
            109.14884079000007,
            30.961112232000062
          ],
          [
            109.15489875800006,
            30.96207807500008
          ],
          [
            109.16044448900004,
            30.963016357000072
          ],
          [
            109.16510284400005,
            30.96388366700006
          ],
          [
            109.16891609200007,
            30.964666367000063
          ],
          [
            109.17206161500008,
            30.965286484000046
          ],
          [
            109.17515930200005,
            30.96576894800006
          ],
          [
            109.17884086600009,
            30.966081295000038
          ],
          [
            109.18367858900007,
            30.96627357500006
          ],
          [
            109.18980773900006,
            30.966329422000058
          ],
          [
            109.19704208400009,
            30.96626709000003
          ],
          [
            109.20517791700007,
            30.96589616800003
          ],
          [
            109.21364578200007,
            30.96502216300007
          ],
          [
            109.22217620900005,
            30.96356277500007
          ],
          [
            109.23058319100005,
            30.961637402000065
          ],
          [
            109.23910942100008,
            30.959511890000044
          ],
          [
            109.24788414000005,
            30.957539196000027
          ],
          [
            109.25673484800006,
            30.956020031000037
          ],
          [
            109.26554962200004,
            30.95513122600005
          ],
          [
            109.27405639600005,
            30.95496038400006
          ],
          [
            109.28222610500006,
            30.95542018900005
          ],
          [
            109.28982681300005,
            30.956359615000054
          ],
          [
            109.29648513800004,
            30.95746490500005
          ],
          [
            109.30181640600006,
            30.958489342000064
          ],
          [
            109.30587669400006,
            30.959334316000025
          ],
          [
            109.30911613500007,
            30.960148506000053
          ],
          [
            109.31222152700008,
            30.961203613000066
          ],
          [
            109.31583786000004,
            30.96278297400005
          ],
          [
            109.32055763200009,
            30.965053062000038
          ],
          [
            109.32674484300009,
            30.967866383000057
          ],
          [
            109.33448349000008,
            30.970919914000035
          ],
          [
            109.34348762500008,
            30.97390199700004
          ],
          [
            109.35316528300007,
            30.97668720200005
          ],
          [
            109.36305854800008,
            30.979235134000078
          ],
          [
            109.37282424900008,
            30.981550903000027
          ],
          [
            109.38230079600004,
            30.983614330000023
          ],
          [
            109.39143653900004,
            30.985395737000033
          ],
          [
            109.40000259400006,
            30.986854305000065
          ],
          [
            109.40795280500004,
            30.988036175000047
          ],
          [
            109.41535011300004,
            30.98911331200003
          ],
          [
            109.42241447400005,
            30.99022996900004
          ],
          [
            109.42944015500007,
            30.99149547600007
          ],
          [
            109.43644325300005,
            30.992909775000044
          ],
          [
            109.44311988800007,
            30.994501095000032
          ],
          [
            109.44888618500005,
            30.996248150000042
          ],
          [
            109.45338165300006,
            30.99813583400004
          ],
          [
            109.45665115400004,
            31.000093040000024
          ],
          [
            109.45906120300003,
            31.001903248000076
          ],
          [
            109.46141708400006,
            31.00358514800007
          ],
          [
            109.46437545800006,
            31.00522634500004
          ],
          [
            109.46852325400005,
            31.00731618900005
          ],
          [
            109.47372009300005,
            31.010029259000078
          ],
          [
            109.47979507400004,
            31.013370476000034
          ],
          [
            109.48627395600005,
            31.01701299700005
          ],
          [
            109.49299301100007,
            31.02070732100003
          ],
          [
            109.49970626800007,
            31.024199543000066
          ],
          [
            109.50634071400009,
            31.027281170000037
          ],
          [
            109.51284172100009,
            31.02973877000005
          ],
          [
            109.51936958300007,
            31.031429691000028
          ],
          [
            109.52583946200008,
            31.032195950000073
          ],
          [
            109.53219947800005,
            31.032345371000076
          ],
          [
            109.53826751700007,
            31.03245885900003
          ],
          [
            109.54388031000008,
            31.033151798000063
          ],
          [
            109.54899253800005,
            31.03449525800005
          ],
          [
            109.55376152000008,
            31.036179314000037
          ],
          [
            109.55826095600008,
            31.037829647000024
          ],
          [
            109.56254379300009,
            31.039287853000076
          ],
          [
            109.56630638100006,
            31.040552578000074
          ],
          [
            109.56947555500005,
            31.04149574300004
          ],
          [
            109.57221366900006,
            31.04210992800006
          ],
          [
            109.57478241000007,
            31.042293320000056
          ],
          [
            109.57755180400005,
            31.04184047700005
          ],
          [
            109.58076568600006,
            31.040553455000065
          ],
          [
            109.58464683500006,
            31.038346653000076
          ],
          [
            109.58909805300004,
            31.03542898200004
          ],
          [
            109.59403961200007,
            31.031988659000035
          ],
          [
            109.59928794900009,
            31.028170700000032
          ],
          [
            109.60457870500005,
            31.024038086000076
          ],
          [
            109.60956947300008,
            31.019812279000064
          ],
          [
            109.61393432600005,
            31.015815773000043
          ],
          [
            109.61749275200003,
            31.012434597000038
          ],
          [
            109.62041198700007,
            31.009959698000046
          ],
          [
            109.62330955500005,
            31.008365612000034
          ],
          [
            109.62702095000009,
            31.007474785000056
          ],
          [
            109.63228317300008,
            31.006983528000035
          ],
          [
            109.63930427600008,
            31.006732769000052
          ],
          [
            109.64774475100006,
            31.006553993000068
          ],
          [
            109.65647934000003,
            31.006375999000056
          ],
          [
            109.66456016500007,
            31.006101494000063
          ],
          [
            109.67135795600007,
            31.005714931000057
          ],
          [
            109.67700157200005,
            31.00525718700004
          ],
          [
            109.68171226500004,
            31.004872189000025
          ],
          [
            109.68617897000007,
            31.004719658000056
          ],
          [
            109.69101310700006,
            31.005014973000073
          ],
          [
            109.69689781200009,
            31.005977306000034
          ],
          [
            109.70356163000008,
            31.007695236000075
          ],
          [
            109.71061325100004,
            31.01011541400004
          ],
          [
            109.71740463300006,
            31.012951660000056
          ],
          [
            109.72366684000008,
            31.01589092300003
          ],
          [
            109.72920501700008,
            31.018603916000075
          ],
          [
            109.73389205900008,
            31.020914783000023
          ],
          [
            109.73765258800006,
            31.022819309000056
          ],
          [
            109.74064315800007,
            31.024562340000045
          ],
          [
            109.74326431300005,
            31.026469974000065
          ],
          [
            109.74593444800007,
            31.02876743300004
          ],
          [
            109.74899490400009,
            31.031420593000064
          ],
          [
            109.75248092700008,
            31.03426630000007
          ],
          [
            109.75639732400003,
            31.037146091000068
          ],
          [
            109.76054153400008,
            31.039857235000056
          ],
          [
            109.76495887800007,
            31.042246056000067
          ],
          [
            109.76971412700004,
            31.044218311000066
          ],
          [
            109.77506919900009,
            31.045852642000057
          ],
          [
            109.78103263900005,
            31.047245007000072
          ],
          [
            109.78753608700003,
            31.048441353000044
          ],
          [
            109.79440177900005,
            31.049486237000053
          ],
          [
            109.80136726400008,
            31.050339718000032
          ],
          [
            109.80802490200006,
            31.051093559000037
          ],
          [
            109.81377166700008,
            31.051670799000078
          ],
          [
            109.81858627300005,
            31.052062550000073
          ],
          [
            109.82289238000004,
            31.052202358000045
          ],
          [
            109.82765373200004,
            31.052231808000045
          ],
          [
            109.83324539200004,
            31.05238042800005
          ],
          [
            109.83949363700009,
            31.052940483000043
          ],
          [
            109.84585304300003,
            31.053999710000028
          ],
          [
            109.85192115800004,
            31.055509701000062
          ],
          [
            109.85761222800005,
            31.05737913100006
          ],
          [
            109.86308548000005,
            31.059366302000058
          ],
          [
            109.86866142300005,
            31.061334438000074
          ],
          [
            109.87440132100005,
            31.06300098400004
          ],
          [
            109.87986579900007,
            31.064295292000054
          ],
          [
            109.88476470900008,
            31.065170441000078
          ],
          [
            109.88875885000004,
            31.065573769000025
          ],
          [
            109.89226211500005,
            31.065507145000026
          ],
          [
            109.89584625200007,
            31.06496059400007
          ],
          [
            109.90012512200008,
            31.064306240000064
          ],
          [
            109.90520080600004,
            31.063729477000038
          ],
          [
            109.91083549500007,
            31.06345659300007
          ],
          [
            109.91672355700007,
            31.06353555700008
          ],
          [
            109.92268531800005,
            31.064001636000057
          ],
          [
            109.92881301900007,
            31.06467529300005
          ],
          [
            109.93510093700007,
            31.065200729000026
          ],
          [
            109.94147499100006,
            31.065254974000027
          ],
          [
            109.94773551900005,
            31.064655647000052
          ],
          [
            109.95345314000008,
            31.063467674000037
          ],
          [
            109.95868957500005,
            31.061651764000032
          ],
          [
            109.96358581500004,
            31.059200230000044
          ],
          [
            109.96847602800005,
            31.055899792000048
          ],
          [
            109.97334198000004,
            31.051879158000077
          ],
          [
            109.97827133200008,
            31.047114773000033
          ],
          [
            109.98325141900006,
            31.041907196000068
          ],
          [
            109.98843071000005,
            31.03656723000006
          ],
          [
            109.99381218000008,
            31.031673031000025
          ],
          [
            109.99909248400007,
            31.02778162000004
          ],
          [
            110.00396400500006,
            31.02516359300006
          ],
          [
            110.00815109300004,
            31.023694572000068
          ],
          [
            110.01210510300007,
            31.022958927000047
          ],
          [
            110.01628356900005,
            31.022714825000037
          ],
          [
            110.02100944500006,
            31.022799416000055
          ],
          [
            110.02614379900007,
            31.02315832100004
          ],
          [
            110.03150238000006,
            31.023563671000034
          ],
          [
            110.03678787200005,
            31.023854656000026
          ],
          [
            110.04174102800005,
            31.023980522000045
          ],
          [
            110.04601104700004,
            31.02401472100007
          ],
          [
            110.04943077100006,
            31.024059505000025
          ],
          [
            110.05224975600004,
            31.024230042000056
          ],
          [
            110.05504051200006,
            31.02457729300005
          ],
          [
            110.05850509600003,
            31.02514421500007
          ],
          [
            110.06298301700008,
            31.02585725800003
          ],
          [
            110.06852104200004,
            31.026766605000034
          ],
          [
            110.07482582100005,
            31.02784685100005
          ],
          [
            110.08163192700005,
            31.029065571000046
          ],
          [
            110.08857177700008,
            31.030212021000068
          ],
          [
            110.09555625900003,
            31.031188087000032
          ],
          [
            110.10230339000009,
            31.03194303500004
          ],
          [
            110.10860656700004,
            31.03252206800005
          ],
          [
            110.11388343800007,
            31.032945728000072
          ],
          [
            110.11826553300006,
            31.033220062000055
          ],
          [
            110.12198135400007,
            31.033315697000035
          ],
          [
            110.12571113600006,
            31.033204479000062
          ],
          [
            110.12962860100004,
            31.03292409900007
          ],
          [
            110.13398040800007,
            31.032610531000046
          ],
          [
            110.13865127600008,
            31.032473526000047
          ],
          [
            110.14351440400009,
            31.032610264000027
          ],
          [
            110.14834594700005,
            31.033061161000035
          ],
          [
            110.15303253200005,
            31.033671093000066
          ],
          [
            110.15751838700004,
            31.034227371000043
          ],
          [
            110.16162567100008,
            31.034536571000046
          ],
          [
            110.16509948700008,
            31.03455019000006
          ],
          [
            110.16804428100005,
            31.034304047000035
          ],
          [
            110.17088958700003,
            31.03379264800003
          ],
          [
            110.17427368200003,
            31.032978554000067
          ],
          [
            110.17867843600004,
            31.031837368000026
          ],
          [
            110.18423973100005,
            31.030385933000048
          ],
          [
            110.19088775600005,
            31.028664055000036
          ],
          [
            110.19823959400009,
            31.026761703000034
          ],
          [
            110.20601409900007,
            31.024779911000053
          ],
          [
            110.21388229400009,
            31.022833519000073
          ],
          [
            110.22189758300004,
            31.020961227000043
          ],
          [
            110.23011917100007,
            31.019192142000065
          ],
          [
            110.23854270900006,
            31.017574711000066
          ],
          [
            110.24693573000008,
            31.016264381000042
          ],
          [
            110.25505615200007,
            31.015316124000037
          ],
          [
            110.26249122600007,
            31.014804420000075
          ],
          [
            110.26920639000008,
            31.01473899800004
          ],
          [
            110.27501968400009,
            31.015096111000048
          ],
          [
            110.28008438100005,
            31.015730362000056
          ],
          [
            110.28430892900008,
            31.016523342000028
          ],
          [
            110.28811721800008,
            31.01761825600005
          ],
          [
            110.29181793200007,
            31.019184151000047
          ],
          [
            110.29585662800008,
            31.02147182500005
          ],
          [
            110.30017585800005,
            31.02432344400006
          ],
          [
            110.30467186000004,
            31.027632141000026
          ],
          [
            110.30913642900003,
            31.031209259000036
          ],
          [
            110.31348663300008,
            31.034865189000072
          ],
          [
            110.31754295300004,
            31.038312569000027
          ],
          [
            110.32112861600007,
            31.041252728000075
          ],
          [
            110.32423904400008,
            31.043651409000063
          ],
          [
            110.32710563700005,
            31.045696888000066
          ],
          [
            110.33003234900008,
            31.047617760000037
          ],
          [
            110.33340057400005,
            31.049490776000027
          ],
          [
            110.33729797400008,
            31.051097107000032
          ],
          [
            110.34214241000006,
            31.052297516000067
          ],
          [
            110.34805343600004,
            31.053047333000052
          ],
          [
            110.35505104100008,
            31.05345178600004
          ],
          [
            110.36260902400005,
            31.05354108800003
          ],
          [
            110.37013198900007,
            31.053322945000048
          ],
          [
            110.37698059100006,
            31.05280822800006
          ],
          [
            110.38271934500006,
            31.052069798000048
          ],
          [
            110.38737045300007,
            31.050981560000025
          ],
          [
            110.39129440300007,
            31.04937933000008
          ],
          [
            110.39498283400007,
            31.04700155300003
          ],
          [
            110.39886695900009,
            31.043928986000026
          ],
          [
            110.40311561600004,
            31.040412254000046
          ],
          [
            110.40788536100007,
            31.036970482000072
          ],
          [
            110.41320129400009,
            31.03391988800007
          ],
          [
            110.41907966600007,
            31.031462288000057
          ],
          [
            110.42533226000006,
            31.029643192000037
          ],
          [
            110.43191459700006,
            31.028476830000045
          ],
          [
            110.43880378700004,
            31.028047943000047
          ],
          [
            110.44626915000003,
            31.02835372900006
          ],
          [
            110.45422889700006,
            31.029417782000053
          ],
          [
            110.46227233900004,
            31.031054096000048
          ],
          [
            110.46978286700005,
            31.033030281000038
          ],
          [
            110.47658371000006,
            31.034976864000043
          ],
          [
            110.48291648900005,
            31.03665260300005
          ],
          [
            110.48911605800004,
            31.03784088100008
          ],
          [
            110.49577735900004,
            31.03839063600003
          ],
          [
            110.50341072100008,
            31.03816131600007
          ],
          [
            110.51232231100005,
            31.036943130000054
          ],
          [
            110.52185401900005,
            31.034788837000065
          ],
          [
            110.53095680200005,
            31.031821766000064
          ],
          [
            110.53927207900006,
            31.028360100000043
          ],
          [
            110.54736015300006,
            31.024283333000028
          ],
          [
            110.55575721700006,
            31.01975553500006
          ],
          [
            110.56475013700003,
            31.014977570000042
          ],
          [
            110.57375274700007,
            31.010614185000065
          ],
          [
            110.58221122700007,
            31.007024708000074
          ],
          [
            110.58960540800007,
            31.004410114000052
          ],
          [
            110.59579315200006,
            31.002577057000053
          ],
          [
            110.60090278600006,
            31.00123514200004
          ],
          [
            110.60529556300008,
            31.000114288000077
          ],
          [
            110.60946273800005,
            30.99907148400007
          ],
          [
            110.61367309600007,
            30.998209114000076
          ],
          [
            110.61796310400007,
            30.99748571400005
          ],
          [
            110.62198303200006,
            30.99687759400007
          ],
          [
            110.62552970900003,
            30.996348305000026
          ],
          [
            110.62857826200008,
            30.995999107000046
          ],
          [
            110.63161300700006,
            30.995929985000032
          ],
          [
            110.63525108300007,
            30.996198006000043
          ],
          [
            110.64012397800008,
            30.996669540000028
          ],
          [
            110.64619422900006,
            30.997136173000058
          ],
          [
            110.65289207500007,
            30.997365761000026
          ],
          [
            110.65957450900004,
            30.997244396000042
          ],
          [
            110.66557106000005,
            30.99678205500004
          ],
          [
            110.67076446500005,
            30.996108837000065
          ],
          [
            110.67496337900008,
            30.995341434000068
          ],
          [
            110.67840011600003,
            30.994438305000074
          ],
          [
            110.68138702400006,
            30.993143349000036
          ],
          [
            110.68442970300003,
            30.99111585600008
          ],
          [
            110.68780670200005,
            30.988247013000034
          ],
          [
            110.69167831400006,
            30.984716244000026
          ],
          [
            110.69607086200006,
            30.980938110000068
          ],
          [
            110.70098968500008,
            30.97722913700005
          ],
          [
            110.70627410900005,
            30.973877869000034
          ],
          [
            110.71176063500008,
            30.970962257000053
          ],
          [
            110.71702705400008,
            30.96856084800004
          ],
          [
            110.72191482500006,
            30.966581593000058
          ],
          [
            110.72608245800006,
            30.96502849600006
          ],
          [
            110.72956977800004,
            30.963751869000077
          ],
          [
            110.73240364100008,
            30.96261615800006
          ],
          [
            110.73495040900008,
            30.96153429000003
          ],
          [
            110.73766738900008,
            30.96042280200004
          ],
          [
            110.74087257400004,
            30.959367142000076
          ],
          [
            110.74463279700007,
            30.958320541000035
          ],
          [
            110.74874046300005,
            30.957342796000034
          ],
          [
            110.75292335500006,
            30.956244621000053
          ],
          [
            110.75714805600006,
            30.954843063000055
          ],
          [
            110.76169441200005,
            30.952857056000028
          ],
          [
            110.76704116800005,
            30.950365505000036
          ],
          [
            110.77353096000007,
            30.94745563500004
          ],
          [
            110.78091095000008,
            30.944380627000044
          ],
          [
            110.78859733600007,
            30.94122102700004
          ],
          [
            110.79591262800005,
            30.937932663000026
          ],
          [
            110.80245452900004,
            30.934380684000075
          ],
          [
            110.80809082000007,
            30.930374260000065
          ],
          [
            110.81281402600007,
            30.925920448000056
          ],
          [
            110.81680358900007,
            30.92120742800006
          ],
          [
            110.82033203100008,
            30.91651388200006
          ],
          [
            110.82369033800006,
            30.91201950100003
          ],
          [
            110.82697677600004,
            30.907734661000063
          ],
          [
            110.83010589600008,
            30.90361923200004
          ],
          [
            110.83295974700007,
            30.89976215400003
          ],
          [
            110.83539947500009,
            30.896415176000062
          ],
          [
            110.83755783100008,
            30.893693581000036
          ],
          [
            110.83973594700007,
            30.891460228000028
          ],
          [
            110.84253349300008,
            30.889606514000036
          ],
          [
            110.84630424500006,
            30.88806573900007
          ],
          [
            110.85134033200006,
            30.88707965900005
          ],
          [
            110.85725479100006,
            30.88662792200006
          ],
          [
            110.86388786300006,
            30.886609287000056
          ],
          [
            110.87087570200003,
            30.886739254000076
          ],
          [
            110.87819023100008,
            30.886703701000044
          ],
          [
            110.88554267900008,
            30.886267986000064
          ],
          [
            110.89277221700007,
            30.885296707000066
          ],
          [
            110.89968139600006,
            30.883895874000075
          ],
          [
            110.90615020800004,
            30.882218590000036
          ],
          [
            110.91214508100006,
            30.88039154100005
          ],
          [
            110.91783386200007,
            30.878540783000062
          ],
          [
            110.92355613700005,
            30.876710014000025
          ],
          [
            110.92944450400006,
            30.87511987700003
          ],
          [
            110.93537185700006,
            30.873818073000052
          ],
          [
            110.94085319500005,
            30.872797356000035
          ],
          [
            110.94553596500003,
            30.87191352800005
          ],
          [
            110.94940910300005,
            30.87109802200007
          ],
          [
            110.95273841900007,
            30.87021881100003
          ],
          [
            110.95598327600004,
            30.86911823300005
          ],
          [
            110.95965721100004,
            30.86752517700006
          ],
          [
            110.96391517600006,
            30.86534559200004
          ],
          [
            110.96862098700007,
            30.86253776500007
          ],
          [
            110.97335762000006,
            30.859155712000074
          ],
          [
            110.97777259800006,
            30.85526186000004
          ],
          [
            110.98171852100006,
            30.850929508000036
          ],
          [
            110.98520034800003,
            30.846431599000027
          ],
          [
            110.98823967000004,
            30.842061539000042
          ],
          [
            110.99079093900008,
            30.838235283000074
          ],
          [
            110.99289138800009,
            30.83514291800003
          ],
          [
            110.99490486100007,
            30.832620792000057
          ],
          [
            110.99728424100005,
            30.83041906400007
          ],
          [
            111.00058197000004,
            30.828134937000073
          ],
          [
            111.00485023500005,
            30.825845680000043
          ],
          [
            111.01014343300005,
            30.823562050000078
          ],
          [
            111.01613380400005,
            30.82162389800004
          ],
          [
            111.02264267000004,
            30.820240269000067
          ],
          [
            111.02920517000007,
            30.81977577200007
          ],
          [
            111.03575759900008,
            30.82050197600006
          ],
          [
            111.04225502000008,
            30.822639732000027
          ],
          [
            111.04894836400007,
            30.82626106300006
          ],
          [
            111.05591354400008,
            30.83106199300005
          ],
          [
            111.06304565400006,
            30.836470432000056
          ],
          [
            111.06990867600007,
            30.841653156000064
          ],
          [
            111.07604904200008,
            30.845928593000053
          ],
          [
            111.08111984300007,
            30.84907712900008
          ],
          [
            111.08515998800004,
            30.851254234000066
          ],
          [
            111.08851554900008,
            30.852700424000034
          ],
          [
            111.09173591600006,
            30.853480911000077
          ],
          [
            111.09524192800006,
            30.85351121900004
          ],
          [
            111.09909950300005,
            30.852792511000075
          ],
          [
            111.10338699300007,
            30.85150251400006
          ],
          [
            111.10831108100007,
            30.849922810000066
          ],
          [
            111.11417709400007,
            30.848337936000064
          ],
          [
            111.12090271000005,
            30.846980896000048
          ],
          [
            111.12791336100008,
            30.845954266000035
          ],
          [
            111.13446395900007,
            30.84520040500007
          ],
          [
            111.14009429900005,
            30.84460939400003
          ],
          [
            111.14479011500003,
            30.844032517000073
          ],
          [
            111.14883255000007,
            30.843272858000034
          ],
          [
            111.15258079500006,
            30.84198768600004
          ],
          [
            111.15615135200005,
            30.839863052000055
          ],
          [
            111.15964447000005,
            30.83675069800006
          ],
          [
            111.16296783400009,
            30.83268405900003
          ],
          [
            111.16591781600005,
            30.828017406000072
          ],
          [
            111.16818840000008,
            30.823131809000074
          ],
          [
            111.16947517400007,
            30.818341789000044
          ],
          [
            111.16962043800004,
            30.813801289000025
          ],
          [
            111.16858558700005,
            30.80941677100003
          ],
          [
            111.16652046200005,
            30.805224895000038
          ],
          [
            111.16369926500005,
            30.800991859000078
          ],
          [
            111.16056709300005,
            30.796775017000073
          ],
          [
            111.15765663100007,
            30.792664890000026
          ],
          [
            111.15539726300005,
            30.788992062000034
          ],
          [
            111.15422523500007,
            30.786002197000073
          ],
          [
            111.15451370200009,
            30.783760586000028
          ],
          [
            111.15660903900005,
            30.782069187000047
          ],
          [
            111.16073425300004,
            30.78062624000006
          ],
          [
            111.16698776200008,
            30.77929464300007
          ],
          [
            111.17545021100005,
            30.777990360000047
          ],
          [
            111.18579307600004,
            30.77665601700005
          ],
          [
            111.19716201800009,
            30.775309277000076
          ],
          [
            111.20849762000006,
            30.77404699300007
          ],
          [
            111.21917381300005,
            30.772876987000075
          ],
          [
            111.22888969400009,
            30.771735268000043
          ],
          [
            111.23757591200007,
            30.770575027000064
          ],
          [
            111.24490417500004,
            30.76942228300004
          ],
          [
            111.25085403400004,
            30.76831680300006
          ],
          [
            111.25545921300005,
            30.767234554000026
          ],
          [
            111.25886062600006,
            30.76613990800007
          ],
          [
            111.26135322600004,
            30.764919434000035
          ],
          [
            111.26315765400005,
            30.763384037000037
          ],
          [
            111.26455963100005,
            30.761388588000045
          ],
          [
            111.26559639000004,
            30.75888507800005
          ],
          [
            111.26623184200008,
            30.756141338000077
          ],
          [
            111.26638099700006,
            30.753294048000043
          ],
          [
            111.26595802300005,
            30.750410557000066
          ],
          [
            111.26494636500007,
            30.747416592000036
          ],
          [
            111.26330879200009,
            30.74413095500006
          ],
          [
            111.26127647400006,
            30.74054040900006
          ],
          [
            111.25904464700005,
            30.736517735000064
          ],
          [
            111.25718826300005,
            30.732531986000026
          ],
          [
            111.25593551600008,
            30.72876031900006
          ],
          [
            111.25539405800004,
            30.725345249000043
          ],
          [
            111.25541458100008,
            30.722168045000046
          ],
          [
            111.25584281900007,
            30.719148903000075
          ],
          [
            111.25658592200006,
            30.716179428000032
          ],
          [
            111.25762580900005,
            30.713179436000075
          ],
          [
            111.25887588500007,
            30.710187130000065
          ],
          [
            111.26015258800004,
            30.70744871100004
          ],
          [
            111.26120224000005,
            30.705202541000062
          ],
          [
            111.26196647600005,
            30.703451977000043
          ],
          [
            111.26245269800006,
            30.702061481000044
          ],
          [
            111.26285446200006,
            30.700807590000068
          ],
          [
            111.26345825200008,
            30.699437790000047
          ],
          [
            111.26467826800007,
            30.697736301000077
          ],
          [
            111.26683120700005,
            30.69558778800007
          ],
          [
            111.27000572200006,
            30.693045616000063
          ],
          [
            111.27421997100004,
            30.690159779000055
          ],
          [
            111.27929351800009,
            30.686802483000065
          ],
          [
            111.28530120900007,
            30.682362785000066
          ],
          [
            111.29184646600004,
            30.67663894700007
          ],
          [
            111.29869926500004,
            30.66974742900004
          ],
          [
            111.30496208200009,
            30.66297147800003
          ],
          [
            111.31058601400008,
            30.656889439000054
          ],
          [
            111.31567894000005,
            30.65178144500004
          ],
          [
            111.32071220400007,
            30.64737556500006
          ],
          [
            111.32577209500005,
            30.643514538000034
          ],
          [
            111.33087295500007,
            30.639948120000042
          ],
          [
            111.33597099300005,
            30.63649633400007
          ],
          [
            111.34094818100004,
            30.63311084700007
          ],
          [
            111.34555152900003,
            30.629933910000034
          ],
          [
            111.34948211700004,
            30.62714723600004
          ],
          [
            111.35282112100003,
            30.624510918000055
          ],
          [
            111.35590904200006,
            30.62156930900005
          ],
          [
            111.35915962200005,
            30.617854271000056
          ],
          [
            111.36267692600006,
            30.613485584000045
          ],
          [
            111.36613731400007,
            30.609081192000076
          ],
          [
            111.36948646500008,
            30.60490558600003
          ],
          [
            111.37275726300004,
            30.601072655000053
          ],
          [
            111.37600265500004,
            30.597480679000057
          ],
          [
            111.37907669100008,
            30.59404325500003
          ],
          [
            111.38180404700006,
            30.59057796500008
          ],
          [
            111.38407592800007,
            30.58686212500004
          ],
          [
            111.38593269300009,
            30.582899456000064
          ],
          [
            111.38744339000004,
            30.57891321200003
          ],
          [
            111.38865684500007,
            30.575335884000026
          ],
          [
            111.38966491700006,
            30.572360725000067
          ],
          [
            111.39051338200005,
            30.569876842000042
          ],
          [
            111.39134887700004,
            30.567523632000075
          ],
          [
            111.39220275900004,
            30.56505289100005
          ],
          [
            111.39319091800007,
            30.56224474000004
          ],
          [
            111.39422218300007,
            30.559142361000056
          ],
          [
            111.39527030900007,
            30.555581264000068
          ],
          [
            111.39632049600004,
            30.55144500700004
          ],
          [
            111.39750465400004,
            30.54661888100003
          ],
          [
            111.39892692600006,
            30.54135526700003
          ],
          [
            111.40062126200007,
            30.536162128000058
          ],
          [
            111.40263114900006,
            30.53122419400006
          ],
          [
            111.40505012500006,
            30.526535282000054
          ],
          [
            111.40802681000008,
            30.52179023700006
          ],
          [
            111.41162216200007,
            30.516758690000074
          ],
          [
            111.41556182900007,
            30.511599216000036
          ],
          [
            111.41960319500004,
            30.506371040000033
          ],
          [
            111.42336135900007,
            30.501374760000033
          ],
          [
            111.42709175100003,
            30.496138134000034
          ],
          [
            111.43073905900008,
            30.490699177000067
          ],
          [
            111.43414016700007,
            30.485198421000064
          ],
          [
            111.43692062400004,
            30.480025539000053
          ],
          [
            111.43891731300005,
            30.475300407000077
          ],
          [
            111.44011169400005,
            30.470933952000053
          ],
          [
            111.44064651500008,
            30.466900864000024
          ],
          [
            111.44065834000008,
            30.463060951000045
          ],
          [
            111.44031845100005,
            30.45946161300003
          ],
          [
            111.43965293900004,
            30.455978508000044
          ],
          [
            111.43877342200005,
            30.452625484000066
          ],
          [
            111.43773506200006,
            30.449266243000068
          ],
          [
            111.43661216700008,
            30.445906200000024
          ],
          [
            111.43541740400008,
            30.442416897000044
          ],
          [
            111.43420555100005,
            30.43869634600003
          ],
          [
            111.43301696800006,
            30.43465446500005
          ],
          [
            111.43197021500004,
            30.430472355000063
          ],
          [
            111.43114212000006,
            30.426441994000072
          ],
          [
            111.43058914200009,
            30.42290145900006
          ],
          [
            111.43040260300006,
            30.419986649000066
          ],
          [
            111.43067268400006,
            30.41749191300005
          ],
          [
            111.43151329000005,
            30.41510814700007
          ],
          [
            111.43289550800006,
            30.412551441000062
          ],
          [
            111.43477531400003,
            30.40986171700007
          ],
          [
            111.43701736500009,
            30.40724306100003
          ],
          [
            111.43947509800006,
            30.40494607900007
          ],
          [
            111.44197036700007,
            30.403242016000036
          ],
          [
            111.44444679300005,
            30.40211126300005
          ],
          [
            111.44688919100008,
            30.40143415500006
          ],
          [
            111.44928138700004,
            30.400983868000026
          ],
          [
            111.45163581800006,
            30.40055030800005
          ],
          [
            111.45416610700005,
            30.400317593000068
          ],
          [
            111.45707283000007,
            30.40047527300004
          ],
          [
            111.46050201400004,
            30.401495037000075
          ],
          [
            111.46440483100008,
            30.40299942000007
          ],
          [
            111.46871505700005,
            30.404771061000076
          ],
          [
            111.47353416400006,
            30.406471004000025
          ],
          [
            111.47889343300005,
            30.408051968000052
          ],
          [
            111.48506576500006,
            30.409403629000053
          ],
          [
            111.49174972500003,
            30.410369263000064
          ],
          [
            111.49863761900008,
            30.410748272000035
          ],
          [
            111.50467155500007,
            30.41035923000004
          ],
          [
            111.50968742400005,
            30.409180298000024
          ],
          [
            111.51343528700005,
            30.407271481000066
          ],
          [
            111.51631347700004,
            30.40473529800005
          ],
          [
            111.51855735800007,
            30.40159017600007
          ],
          [
            111.52033500700009,
            30.397867355000074
          ],
          [
            111.52149490400006,
            30.39366365400008
          ],
          [
            111.52189582800008,
            30.389208927000027
          ],
          [
            111.52144317600005,
            30.38463314100005
          ],
          [
            111.52024711600006,
            30.380119858000057
          ],
          [
            111.51846023600007,
            30.375748310000063
          ],
          [
            111.51632316600006,
            30.37156002000006
          ],
          [
            111.51388671900008,
            30.367425594000053
          ],
          [
            111.51120071400004,
            30.36310592700005
          ],
          [
            111.50823783900006,
            30.35814514200007
          ],
          [
            111.50498107900006,
            30.351642742000024
          ],
          [
            111.50181991600004,
            30.34351999300003
          ],
          [
            111.49922897300007,
            30.334263020000037
          ],
          [
            111.49798118600006,
            30.326176796000027
          ],
          [
            111.49789955100005,
            30.319991379000044
          ],
          [
            111.49868362400008,
            30.31582721700005
          ],
          [
            111.49982788100004,
            30.312738094000053
          ],
          [
            111.50120986900004,
            30.310162544000036
          ],
          [
            111.50285003700009,
            30.307618637000076
          ],
          [
            111.50493270900006,
            30.30490327800004
          ],
          [
            111.50754951500005,
            30.301789875000054
          ],
          [
            111.51071182200008,
            30.298241673000064
          ],
          [
            111.51432525600006,
            30.294239998000023
          ],
          [
            111.51835319500009,
            30.289847546000033
          ],
          [
            111.52267623900008,
            30.285318584000038
          ],
          [
            111.52716941800008,
            30.280907631000048
          ],
          [
            111.53160743700005,
            30.276765709000074
          ],
          [
            111.53585746800007,
            30.272977943000058
          ],
          [
            111.53983909600004,
            30.269559765000054
          ],
          [
            111.54360290500006,
            30.266528702000073
          ],
          [
            111.54731529200006,
            30.26378292100003
          ],
          [
            111.55123039200004,
            30.261104355000043
          ],
          [
            111.55524551400003,
            30.25852455100005
          ],
          [
            111.55939811700006,
            30.256106987000067
          ],
          [
            111.56350891100004,
            30.254276867000044
          ],
          [
            111.56780784600005,
            30.253213043000073
          ],
          [
            111.57228042600008,
            30.253012028000057
          ],
          [
            111.57687393200007,
            30.253560143000072
          ],
          [
            111.58127502400004,
            30.254811001000064
          ],
          [
            111.58541511500005,
            30.256853333000038
          ],
          [
            111.58940444900009,
            30.259815865000064
          ],
          [
            111.59346923800007,
            30.263854561000073
          ],
          [
            111.59774475100005,
            30.268858624000075
          ],
          [
            111.60218078600008,
            30.27468231200004
          ],
          [
            111.60658821100009,
            30.28087068600007
          ],
          [
            111.61075869900009,
            30.28713188300003
          ],
          [
            111.61466231500009,
            30.293372705000024
          ],
          [
            111.61817307600006,
            30.29965545400006
          ],
          [
            111.62113494500005,
            30.305872527000076
          ],
          [
            111.62319309100008,
            30.311692148000077
          ],
          [
            111.62449653500005,
            30.31660134200007
          ],
          [
            111.62530551200007,
            30.32072884400003
          ],
          [
            111.62606896100004,
            30.324068500000067
          ],
          [
            111.62692884900008,
            30.327041116000032
          ],
          [
            111.62792043400009,
            30.329849766000052
          ],
          [
            111.62893601000007,
            30.332934097000077
          ],
          [
            111.62995399600004,
            30.336540057000036
          ],
          [
            111.63089336500008,
            30.340581111000063
          ],
          [
            111.63182413300007,
            30.344769192000058
          ],
          [
            111.63273769700004,
            30.34865173600008
          ],
          [
            111.63373789600007,
            30.352094863000048
          ],
          [
            111.63489637200007,
            30.355136585000025
          ],
          [
            111.63638887200005,
            30.357992486000057
          ],
          [
            111.63827890700009,
            30.36066663300005
          ],
          [
            111.64070073900007,
            30.363166938000063
          ],
          [
            111.64353944300007,
            30.365401016000078
          ],
          [
            111.64667212600006,
            30.367353195000078
          ],
          [
            111.64986276800005,
            30.369123459000036
          ],
          [
            111.65298963100008,
            30.370851995000066
          ],
          [
            111.65596389500007,
            30.37265373300005
          ],
          [
            111.65887487200007,
            30.374529489000054
          ],
          [
            111.66186831200008,
            30.376422123000054
          ],
          [
            111.66517849900004,
            30.378283422000038
          ],
          [
            111.66894998700008,
            30.38009621100008
          ],
          [
            111.67297108500009,
            30.38185598800004
          ],
          [
            111.67691535400007,
            30.383576348000076
          ],
          [
            111.68040073900005,
            30.38523126800004
          ],
          [
            111.68352332400008,
            30.386883218000037
          ],
          [
            111.68641971400007,
            30.388499645000024
          ],
          [
            111.68931990900006,
            30.390116204000037
          ],
          [
            111.69226239800008,
            30.391689848000055
          ],
          [
            111.69518494300007,
            30.393199266000067
          ],
          [
            111.69796677400007,
            30.39463510300004
          ],
          [
            111.70064814700004,
            30.39594834500008
          ],
          [
            111.70333033300005,
            30.397228349000045
          ],
          [
            111.70616421100004,
            30.39846545200004
          ],
          [
            111.70914963000007,
            30.39975074800003
          ],
          [
            111.71216896900006,
            30.401043118000075
          ],
          [
            111.71527825000004,
            30.40235618400004
          ],
          [
            111.71850209800004,
            30.403683044000047
          ],
          [
            111.72196135600007,
            30.405007200000057
          ],
          [
            111.72547581800006,
            30.40629226200008
          ],
          [
            111.72904313200007,
            30.407433721000075
          ],
          [
            111.73254136100007,
            30.408428564000076
          ],
          [
            111.73595772800007,
            30.409293254000033
          ],
          [
            111.73936882200007,
            30.410117438000043
          ],
          [
            111.74277350800008,
            30.410926818000064
          ],
          [
            111.74634420600006,
            30.411775515000045
          ],
          [
            111.74999047900008,
            30.412635843000032
          ],
          [
            111.75369224400004,
            30.413477288000024
          ],
          [
            111.75735225300008,
            30.41420557200007
          ],
          [
            111.76101132400004,
            30.414726596000037
          ],
          [
            111.76474228500007,
            30.41496116600007
          ],
          [
            111.76854345300006,
            30.414890298000046
          ],
          [
            111.77237793100005,
            30.41455181400005
          ],
          [
            111.77625842100008,
            30.414019946000053
          ],
          [
            111.78009396100003,
            30.41336321500006
          ],
          [
            111.78384954500007,
            30.412708261000034
          ],
          [
            111.78739284700004,
            30.41217775900003
          ],
          [
            111.79074164100007,
            30.411852854000074
          ],
          [
            111.79407204500006,
            30.411813812000048
          ],
          [
            111.79768022200005,
            30.41205382800007
          ],
          [
            111.80169769400004,
            30.412539700000025
          ],
          [
            111.80592113600005,
            30.41313886200004
          ],
          [
            111.81002430500007,
            30.41379251400008
          ],
          [
            111.81374027900006,
            30.414468856000042
          ],
          [
            111.81707859100004,
            30.415163662000055
          ],
          [
            111.82011456400005,
            30.415856380000037
          ],
          [
            111.82307033300009,
            30.416555381000023
          ],
          [
            111.82602255400008,
            30.41725391800003
          ],
          [
            111.82915625400005,
            30.417977377000057
          ],
          [
            111.83254743400005,
            30.41869904600003
          ],
          [
            111.83621337500006,
            30.419390787000054
          ],
          [
            111.83997172600004,
            30.419932178000067
          ],
          [
            111.84368754900004,
            30.420303885000067
          ],
          [
            111.84741987600006,
            30.42046278500004
          ],
          [
            111.85118860300008,
            30.42050321800008
          ],
          [
            111.85501055100008,
            30.420397739000066
          ],
          [
            111.85875679700007,
            30.420198741000036
          ],
          [
            111.86240853300006,
            30.419831901000066
          ],
          [
            111.86592173100007,
            30.419363168000075
          ],
          [
            111.86928233100008,
            30.41870627700007
          ],
          [
            111.87238832800006,
            30.41788118000005
          ],
          [
            111.87524847400005,
            30.41682000000003
          ],
          [
            111.87791678000008,
            30.415472785000077
          ],
          [
            111.88050516300007,
            30.413771333000057
          ],
          [
            111.88312423000008,
            30.411716627000033
          ],
          [
            111.88566644500008,
            30.409389523000073
          ],
          [
            111.88802141200006,
            30.406921758000067
          ],
          [
            111.89016925100009,
            30.404264279000074
          ],
          [
            111.89209018600008,
            30.40149588500003
          ],
          [
            111.89377330500008,
            30.39862679600003
          ],
          [
            111.89534542100006,
            30.395694096000057
          ],
          [
            111.89687971500007,
            30.39278495600007
          ],
          [
            111.89859936400006,
            30.389890326000057
          ],
          [
            111.90049469100006,
            30.38710309000004
          ],
          [
            111.90266896700007,
            30.384442430000036
          ],
          [
            111.90498643300003,
            30.381983072000025
          ],
          [
            111.90755477700009,
            30.37958029200007
          ],
          [
            111.91013089000006,
            30.377237980000075
          ],
          [
            111.91263259100003,
            30.374789692000036
          ],
          [
            111.91488693700006,
            30.372249606000025
          ],
          [
            111.91690098300006,
            30.369619096000065
          ],
          [
            111.91877520600008,
            30.366916567000033
          ],
          [
            111.92092579400008,
            30.363727547000053
          ],
          [
            111.92403404800007,
            30.359057403000065
          ],
          [
            111.92831104200008,
            30.352468876000046
          ],
          [
            111.93364275200008,
            30.34399453900005
          ],
          [
            111.93883472900006,
            30.335533457000054
          ],
          [
            111.94357329300004,
            30.327705775000027
          ],
          [
            111.94793775500005,
            30.32082018400007
          ],
          [
            111.95248817400005,
            30.314330158000075
          ],
          [
            111.95722549400006,
            30.30820650100003
          ],
          [
            111.96190589900004,
            30.30247606300003
          ],
          [
            111.96613182100003,
            30.297480507000046
          ],
          [
            111.97006485000009,
            30.293193188000032
          ],
          [
            111.97406593300008,
            30.28947038700005
          ],
          [
            111.97876274100008,
            30.285722084000042
          ],
          [
            111.98419761700006,
            30.28188772200008
          ],
          [
            111.99007835400005,
            30.27833402600004
          ],
          [
            111.99635238600007,
            30.275571270000057
          ],
          [
            112.00341476400001,
            30.273773670000026
          ],
          [
            112.01156356800004,
            30.272851753000054
          ],
          [
            112.02045394900006,
            30.27262514100005
          ],
          [
            112.02920944200002,
            30.272919140000056
          ],
          [
            112.03723434400001,
            30.273509216000036
          ],
          [
            112.04423423800006,
            30.27430389400007
          ],
          [
            112.05049560500004,
            30.27517742200007
          ],
          [
            112.05635154700008,
            30.27612896000005
          ],
          [
            112.06216804500002,
            30.27702379200008
          ],
          [
            112.06822372400006,
            30.277848549000055
          ],
          [
            112.07478546100003,
            30.278670330000068
          ],
          [
            112.08200286900001,
            30.27960475900005
          ],
          [
            112.08953292800004,
            30.280714798000076
          ],
          [
            112.09702751200007,
            30.28196502700007
          ],
          [
            112.10421409600008,
            30.283357525000042
          ],
          [
            112.11094337500003,
            30.28476530100005
          ],
          [
            112.11703308100005,
            30.28610094100003
          ],
          [
            112.12232505800011,
            30.28731771500003
          ],
          [
            112.12681961100009,
            30.28844087600004
          ],
          [
            112.13106666600004,
            30.289620152000055
          ],
          [
            112.13536827100006,
            30.290699348000032
          ],
          [
            112.14007759100002,
            30.291709194000077
          ],
          [
            112.145386658,
            30.292601395000077
          ],
          [
            112.15132820100007,
            30.293466740000042
          ],
          [
            112.1578776550001,
            30.294287186000076
          ],
          [
            112.16469421400006,
            30.29508224500006
          ],
          [
            112.17156349200002,
            30.295841274000054
          ],
          [
            112.17830169700005,
            30.296621532000074
          ],
          [
            112.18484260600007,
            30.29744075800005
          ],
          [
            112.1913410950001,
            30.298260498000047
          ],
          [
            112.19792472800009,
            30.298947258000055
          ],
          [
            112.204601593,
            30.299349403000065
          ],
          [
            112.21129196200002,
            30.29937734600003
          ],
          [
            112.21797683700004,
            30.29900392500008
          ],
          [
            112.22451301600006,
            30.298216629000024
          ],
          [
            112.23085418700009,
            30.29698665600006
          ],
          [
            112.23687553400009,
            30.295349178000038
          ],
          [
            112.24262336700008,
            30.29325946800003
          ],
          [
            112.24823814400008,
            30.29063613900007
          ],
          [
            112.25371543900008,
            30.28740156200007
          ],
          [
            112.25886764500001,
            30.283562775000064
          ],
          [
            112.263331375,
            30.279278069000043
          ],
          [
            112.2668997190001,
            30.274639626000067
          ],
          [
            112.2695415500001,
            30.26980197900008
          ],
          [
            112.27142913800003,
            30.264820347000068
          ],
          [
            112.27278915400007,
            30.25973949400003
          ],
          [
            112.27367462200004,
            30.254402275000075
          ],
          [
            112.2739958190001,
            30.248751526000035
          ],
          [
            112.27363327,
            30.242898083000057
          ],
          [
            112.27255958600006,
            30.23713361700004
          ],
          [
            112.27081504800003,
            30.231757336000044
          ],
          [
            112.26839408900003,
            30.226716537000073
          ],
          [
            112.2652783200001,
            30.221867428000053
          ],
          [
            112.26138916000002,
            30.21709503200003
          ],
          [
            112.25672454800008,
            30.212486477000027
          ],
          [
            112.25122856100006,
            30.208157654000047
          ],
          [
            112.24499923700012,
            30.204186115000027
          ],
          [
            112.23820106500011,
            30.200618134000024
          ],
          [
            112.23115905800012,
            30.19738813400005
          ],
          [
            112.22396965000007,
            30.194381428000042
          ],
          [
            112.21671943700005,
            30.191357594000067
          ],
          [
            112.20927658100004,
            30.188182449000067
          ],
          [
            112.20200950600008,
            30.18479646700007
          ],
          [
            112.19560005200003,
            30.18129734000007
          ],
          [
            112.19071083100005,
            30.177783489000035
          ],
          [
            112.18750976600006,
            30.174312687000054
          ],
          [
            112.1857341000001,
            30.17089616800007
          ],
          [
            112.18480194100005,
            30.167461071000048
          ],
          [
            112.18421905500009,
            30.163939610000057
          ],
          [
            112.18372695900007,
            30.16037473700004
          ],
          [
            112.18319183300002,
            30.156776772000057
          ],
          [
            112.18268486000011,
            30.15336845400003
          ],
          [
            112.18230773900007,
            30.150039520000064
          ],
          [
            112.18239784200011,
            30.146680794000076
          ],
          [
            112.1831787110001,
            30.14294509900003
          ],
          [
            112.18485893200011,
            30.13871040300006
          ],
          [
            112.1872948460001,
            30.13385400800007
          ],
          [
            112.19034851100002,
            30.128420773000073
          ],
          [
            112.19373130800011,
            30.122458916000028
          ],
          [
            112.19732101400007,
            30.116049385000053
          ],
          [
            112.20080169700009,
            30.10951845200003
          ],
          [
            112.20410026500008,
            30.10309505500004
          ],
          [
            112.20697349500006,
            30.09715898500008
          ],
          [
            112.20946731600009,
            30.091927128000066
          ],
          [
            112.21159263600009,
            30.087520504000054
          ],
          [
            112.21348449700008,
            30.083938122000063
          ],
          [
            112.21526458700009,
            30.080752621000045
          ],
          [
            112.21725578300004,
            30.07763753900008
          ],
          [
            112.21964187600008,
            30.074489822000032
          ],
          [
            112.22265274000006,
            30.071310673000028
          ],
          [
            112.22625145000006,
            30.06832315400004
          ],
          [
            112.23044097900004,
            30.06555004100005
          ],
          [
            112.23500351000007,
            30.06322818800004
          ],
          [
            112.23965858500003,
            30.061534386000062
          ],
          [
            112.24426940900003,
            30.060550117000048
          ],
          [
            112.2488890080001,
            30.060226097000054
          ],
          [
            112.25393814100005,
            30.060485306000032
          ],
          [
            112.25960304300008,
            30.06133420900005
          ],
          [
            112.2658837890001,
            30.062710609000078
          ],
          [
            112.2724570470001,
            30.06444364500004
          ],
          [
            112.27894912700003,
            30.06619436300008
          ],
          [
            112.28500129700001,
            30.067662449000068
          ],
          [
            112.29031738300012,
            30.068605709000053
          ],
          [
            112.29510704000006,
            30.069005013000037
          ],
          [
            112.29958656300005,
            30.068857250000065
          ],
          [
            112.30430336000006,
            30.068191700000057
          ],
          [
            112.30954460100008,
            30.066971340000066
          ],
          [
            112.31542923000006,
            30.065367260000073
          ],
          [
            112.32182029700004,
            30.063662987000043
          ],
          [
            112.32850700400002,
            30.062244492000048
          ],
          [
            112.33543167100004,
            30.061115475000065
          ],
          [
            112.34250946000009,
            30.060060177000025
          ],
          [
            112.34966796900005,
            30.05875930800005
          ],
          [
            112.35703338600001,
            30.05698471100004
          ],
          [
            112.36432754500004,
            30.05463823300005
          ],
          [
            112.3711873630001,
            30.05173406600005
          ],
          [
            112.3773117830001,
            30.047972927000046
          ],
          [
            112.3826065830001,
            30.04328619000006
          ],
          [
            112.38739135700007,
            30.03752313600006
          ],
          [
            112.3918516540001,
            30.03121780400005
          ],
          [
            112.39619537400006,
            30.024454174000027
          ],
          [
            112.40035026600003,
            30.01734012600008
          ],
          [
            112.40414062500008,
            30.009852867000063
          ],
          [
            112.40750320400002,
            30.00210411100005
          ],
          [
            112.41043319700009,
            29.99440330500005
          ],
          [
            112.41295349100005,
            29.986864338000032
          ],
          [
            112.41498695400003,
            29.979661255000053
          ],
          [
            112.41648300200006,
            29.97249506000003
          ],
          [
            112.41735313200002,
            29.96522310000006
          ],
          [
            112.41763432100004,
            29.957949201000076
          ],
          [
            112.41741392600011,
            29.95124070600008
          ],
          [
            112.41688079000005,
            29.945679093000024
          ],
          [
            112.41623734900008,
            29.941666441000052
          ],
          [
            112.41575979000004,
            29.938991334000036
          ],
          [
            112.41547669400006,
            29.93712135900006
          ],
          [
            112.41534896500002,
            29.93550176100007
          ],
          [
            112.41527173500003,
            29.933778354000026
          ],
          [
            112.41522201800001,
            29.931909079000036
          ],
          [
            112.4151868670001,
            29.929929942000058
          ],
          [
            112.41513706,
            29.92795060700007
          ],
          [
            112.41500453800006,
            29.925950415000045
          ],
          [
            112.41473126100004,
            29.92393353500006
          ],
          [
            112.41430113800004,
            29.921843085000035
          ],
          [
            112.41373235700007,
            29.91969541900005
          ],
          [
            112.41307427700008,
            29.917541114000073
          ],
          [
            112.41234292600006,
            29.915472799000042
          ],
          [
            112.41156539100007,
            29.913552107000044
          ],
          [
            112.41073752000011,
            29.911791376000053
          ],
          [
            112.40984543700006,
            29.910065592000024
          ],
          [
            112.4089047980001,
            29.908328390000065
          ],
          [
            112.40793475600003,
            29.906619558000045
          ],
          [
            112.40702630500004,
            29.905086048000044
          ],
          [
            112.406157312,
            29.903640186000075
          ],
          [
            112.40531300100008,
            29.902144161000024
          ],
          [
            112.40442071000007,
            29.900392657000054
          ],
          [
            112.40350120000005,
            29.89840170100007
          ],
          [
            112.40263643700007,
            29.896341508000035
          ],
          [
            112.40191209200009,
            29.894364795000058
          ],
          [
            112.40133695300005,
            29.892435977000048
          ],
          [
            112.40089942300006,
            29.890425566000033
          ],
          [
            112.40056736500003,
            29.88827657300004
          ],
          [
            112.4002748470001,
            29.886008006000054
          ],
          [
            112.39994501500007,
            29.883755972000074
          ],
          [
            112.39953066400005,
            29.88143370800003
          ],
          [
            112.39903314100002,
            29.878964696000025
          ],
          [
            112.39848872700009,
            29.876310482000065
          ],
          [
            112.39790222700003,
            29.873635540000066
          ],
          [
            112.39728717500009,
            29.87116304600005
          ],
          [
            112.39663404500004,
            29.86886101600004
          ],
          [
            112.39598114000012,
            29.866724316000045
          ],
          [
            112.39533671700008,
            29.86464458300003
          ],
          [
            112.39467812800001,
            29.862677245000043
          ],
          [
            112.39392334000001,
            29.860751581000045
          ],
          [
            112.39306734600007,
            29.85881987500005
          ],
          [
            112.39212404400007,
            29.856778507000058
          ],
          [
            112.3912057660001,
            29.854668282000034
          ],
          [
            112.39047427100002,
            29.852653942000074
          ],
          [
            112.38996331600003,
            29.85077210700007
          ],
          [
            112.38964489200009,
            29.84894972400008
          ],
          [
            112.38940117200002,
            29.847088158000076
          ],
          [
            112.38921741200011,
            29.845181516000025
          ],
          [
            112.38908659300012,
            29.843299071000047
          ],
          [
            112.38902210200001,
            29.84141343500005
          ],
          [
            112.38904797400005,
            29.839452705000042
          ],
          [
            112.38910522100002,
            29.837373816000024
          ],
          [
            112.38920734200008,
            29.835341520000043
          ],
          [
            112.38929729100005,
            29.833477775000063
          ],
          [
            112.38940823400003,
            29.831756300000052
          ],
          [
            112.38951213700011,
            29.830005938000056
          ],
          [
            112.38961227100003,
            29.82811967400005
          ],
          [
            112.38972179200005,
            29.82610717400007
          ],
          [
            112.38981988800003,
            29.824067933000038
          ],
          [
            112.38991654100005,
            29.822020914000063
          ],
          [
            112.3899878410001,
            29.819866237000042
          ],
          [
            112.39000811000005,
            29.81759472600004
          ],
          [
            112.3899310920001,
            29.81524626600003
          ],
          [
            112.38972763200002,
            29.812945521000074
          ],
          [
            112.3893921780001,
            29.810610231000055
          ],
          [
            112.38894549100007,
            29.808336363000024
          ],
          [
            112.38845127900004,
            29.806236854000076
          ],
          [
            112.38801808200003,
            29.804282254000043
          ],
          [
            112.38769386600006,
            29.80239215000006
          ],
          [
            112.38751460600008,
            29.80033801500008
          ],
          [
            112.3873947830001,
            29.79815447200008
          ],
          [
            112.38732535800011,
            29.79594124700003
          ],
          [
            112.38724347400012,
            29.793860030000076
          ],
          [
            112.38713800300002,
            29.791931876000035
          ],
          [
            112.38699173200007,
            29.789962932000037
          ],
          [
            112.38683401800006,
            29.787807138000062
          ],
          [
            112.38669035400005,
            29.785487381000053
          ],
          [
            112.38658662600005,
            29.783073975000036
          ],
          [
            112.38652288900005,
            29.78065173400006
          ],
          [
            112.38646141700008,
            29.77812353400003
          ],
          [
            112.38642908400004,
            29.775533143000075
          ],
          [
            112.38645512300002,
            29.773040605000062
          ],
          [
            112.3865859870001,
            29.770704615000056
          ],
          [
            112.38684721800007,
            29.768460106000077
          ],
          [
            112.3871728900001,
            29.766182741000023
          ],
          [
            112.387545294,
            29.763827629000048
          ],
          [
            112.38790475100006,
            29.761475783000037
          ],
          [
            112.38826852800003,
            29.759212968000043
          ],
          [
            112.3886265650001,
            29.75693449000005
          ],
          [
            112.38901115700003,
            29.754620888000034
          ],
          [
            112.38942850500007,
            29.752270665000026
          ],
          [
            112.38985369800002,
            29.75012349800005
          ],
          [
            112.39025392500002,
            29.748175382000056
          ],
          [
            112.39063309000005,
            29.746413303000054
          ],
          [
            112.39107158200011,
            29.744768173000068
          ],
          [
            112.39167577700005,
            29.743303543000025
          ],
          [
            112.39252959600003,
            29.74210179100004
          ],
          [
            112.39367839900001,
            29.741222186000073
          ],
          [
            112.39508392700009,
            29.740689590000045
          ],
          [
            112.3966792330001,
            29.74046698400008
          ],
          [
            112.39834408600007,
            29.740504044000033
          ],
          [
            112.40005944500001,
            29.74074473400003
          ],
          [
            112.40182455200011,
            29.741140935000033
          ],
          [
            112.40365802400004,
            29.741686763000075
          ],
          [
            112.40548299200009,
            29.74236631900004
          ],
          [
            112.40723583300007,
            29.74316035100003
          ],
          [
            112.4088885110001,
            29.743976888000077
          ],
          [
            112.41046419100007,
            29.744753845000048
          ],
          [
            112.4120415000001,
            29.74546306900004
          ],
          [
            112.41365426900006,
            29.746153633000063
          ],
          [
            112.41528592100008,
            29.746858546000055
          ],
          [
            112.41684375200009,
            29.74767349600006
          ],
          [
            112.41825202400003,
            29.748654242000043
          ],
          [
            112.41955380800005,
            29.749804569000048
          ],
          [
            112.42077043200004,
            29.751024529000063
          ],
          [
            112.42197293000004,
            29.75224685300003
          ],
          [
            112.42321560000005,
            29.75345444100003
          ],
          [
            112.42444876100001,
            29.754621907000057
          ],
          [
            112.42563159200006,
            29.755739272000028
          ],
          [
            112.42674597700011,
            29.756815457000073
          ],
          [
            112.4279470460001,
            29.757918295000025
          ],
          [
            112.42929085500009,
            29.759088279000025
          ],
          [
            112.43081393200009,
            29.76037146500005
          ],
          [
            112.43232774400008,
            29.76174970200003
          ],
          [
            112.43377704700004,
            29.763193241000067
          ],
          [
            112.43513698100003,
            29.76464892200005
          ],
          [
            112.4364941450001,
            29.76609355100004
          ],
          [
            112.43784209700004,
            29.767437080000036
          ],
          [
            112.43910698600007,
            29.768688508000025
          ],
          [
            112.440298385,
            29.769856666000067
          ],
          [
            112.44151476000002,
            29.771049579000078
          ],
          [
            112.44286491900004,
            29.77229011600008
          ],
          [
            112.44434928600003,
            29.77357513800007
          ],
          [
            112.44587151500002,
            29.774817793000068
          ],
          [
            112.44740226900001,
            29.775981109000043
          ],
          [
            112.44897571500007,
            29.77710054000005
          ],
          [
            112.45062954600007,
            29.778165692000073
          ],
          [
            112.4523349640001,
            29.779176767000024
          ],
          [
            112.45413120400008,
            29.780105968000044
          ],
          [
            112.45602928300002,
            29.780985556000076
          ],
          [
            112.45806998400008,
            29.781828327000028
          ],
          [
            112.46015230700004,
            29.782633927000063
          ],
          [
            112.46221073800007,
            29.78333691100005
          ],
          [
            112.4643001390001,
            29.783820782000078
          ],
          [
            112.46640950300002,
            29.78402653300003
          ],
          [
            112.46866624000006,
            29.78397500400007
          ],
          [
            112.47091146800005,
            29.783821326000066
          ],
          [
            112.473120902,
            29.783732513000075
          ],
          [
            112.47509377400002,
            29.783849662000023
          ],
          [
            112.47684521500003,
            29.78419938600007
          ],
          [
            112.47843935800006,
            29.784684081000023
          ],
          [
            112.48008681100009,
            29.785108869000055
          ],
          [
            112.48190255700001,
            29.785329121000075
          ],
          [
            112.48389732500004,
            29.785218531000055
          ],
          [
            112.48601045100008,
            29.78482914400007
          ],
          [
            112.48817341900008,
            29.784283750000043
          ],
          [
            112.49035668800002,
            29.783740865000027
          ],
          [
            112.49251279000009,
            29.783331229000055
          ],
          [
            112.4946196090001,
            29.783039528000074
          ],
          [
            112.49657916600006,
            29.782868326000028
          ],
          [
            112.4983673910001,
            29.782762083000023
          ],
          [
            112.50002545300003,
            29.782691035000028
          ],
          [
            112.50170572100001,
            29.782583056000078
          ],
          [
            112.5035611190001,
            29.78242227100003
          ],
          [
            112.50561430700009,
            29.782233921000056
          ],
          [
            112.5078238750001,
            29.78206072200004
          ],
          [
            112.51007648600012,
            29.78190498600003
          ],
          [
            112.51223887100002,
            29.78174776000003
          ],
          [
            112.51433343100007,
            29.781555196000056
          ],
          [
            112.51636772200004,
            29.781313109000052
          ],
          [
            112.51838513200005,
            29.78102584100003
          ],
          [
            112.52039838700011,
            29.780676937000067
          ],
          [
            112.52244226500011,
            29.780280936000054
          ],
          [
            112.52455684400002,
            29.779876444000024
          ],
          [
            112.52661312400005,
            29.779520338000054
          ],
          [
            112.52857480300008,
            29.779207100000065
          ],
          [
            112.53035905700006,
            29.778906842000026
          ],
          [
            112.53208519900011,
            29.778593021000063
          ],
          [
            112.53386491600008,
            29.77831910200007
          ],
          [
            112.53571545000011,
            29.778148145000046
          ],
          [
            112.53763315900005,
            29.778056437000032
          ],
          [
            112.5395038800001,
            29.777895098000045
          ],
          [
            112.5413076860001,
            29.777564469000026
          ],
          [
            112.54297355800009,
            29.777073211000072
          ],
          [
            112.54451132300005,
            29.776518424000074
          ],
          [
            112.54598111600001,
            29.77597045500005
          ],
          [
            112.54749703200002,
            29.775405308000074
          ],
          [
            112.54917189200012,
            29.77477920700005
          ],
          [
            112.55102202600006,
            29.774053929000047
          ],
          [
            112.55301512900007,
            29.773280320000026
          ],
          [
            112.55507732100011,
            29.772554327000023
          ],
          [
            112.55722649200004,
            29.771922810000035
          ],
          [
            112.55953083800011,
            29.771406032000073
          ],
          [
            112.56195697200008,
            29.77100207500007
          ],
          [
            112.56446965300006,
            29.770692371000052
          ],
          [
            112.56694034300006,
            29.770444831000077
          ],
          [
            112.56932833000008,
            29.77020053900003
          ],
          [
            112.5716521280001,
            29.769947865000063
          ],
          [
            112.57390046100011,
            29.769654686000024
          ],
          [
            112.5760788560001,
            29.769283505000033
          ],
          [
            112.57808765700008,
            29.768799536000074
          ],
          [
            112.57994227800009,
            29.768157916000064
          ],
          [
            112.58153142200001,
            29.767414706000068
          ],
          [
            112.5829045800001,
            29.766566182000076
          ],
          [
            112.58412117700004,
            29.765570032000028
          ],
          [
            112.58528628600004,
            29.76426146500006
          ],
          [
            112.58628672900011,
            29.762319585000057
          ],
          [
            112.58709437000005,
            29.759561529000052
          ],
          [
            112.58780455600004,
            29.75598754400005
          ],
          [
            112.58889861800003,
            29.75212309400007
          ],
          [
            112.59057887600011,
            29.748301857000058
          ],
          [
            112.59259605400007,
            29.744824486000027
          ],
          [
            112.59429237400002,
            29.74146156300003
          ],
          [
            112.59513961800008,
            29.737780361000034
          ],
          [
            112.59492965700008,
            29.733300476000068
          ],
          [
            112.59391235400005,
            29.728063316000032
          ],
          [
            112.5924928280001,
            29.722628746000055
          ],
          [
            112.59117141700006,
            29.717425537000054
          ],
          [
            112.59026237500007,
            29.712630501000035
          ],
          [
            112.58989364600006,
            29.70799242000004
          ],
          [
            112.59018051100009,
            29.703487434000067
          ],
          [
            112.59120384200003,
            29.699223595000035
          ],
          [
            112.59299392700007,
            29.69547269800006
          ],
          [
            112.59558425900002,
            29.692483826000057
          ],
          [
            112.59892280600002,
            29.690334015000076
          ],
          [
            112.60298683200006,
            29.688968983000052
          ],
          [
            112.60755043000006,
            29.688273258000038
          ],
          [
            112.6122324370001,
            29.688089905000027
          ],
          [
            112.61660606400005,
            29.688323154000045
          ],
          [
            112.62024955700008,
            29.688884201000064
          ],
          [
            112.62311508200003,
            29.689884491000043
          ],
          [
            112.62540542600004,
            29.691474266000057
          ],
          [
            112.62755264300006,
            29.69374431600005
          ],
          [
            112.62987770100005,
            29.696472435000032
          ],
          [
            112.6326922610001,
            29.699393101000055
          ],
          [
            112.63608680700008,
            29.70236642800006
          ],
          [
            112.63987960800011,
            29.70541328400003
          ],
          [
            112.64352272000008,
            29.70861560800006
          ],
          [
            112.64632728600009,
            29.71207056000003
          ],
          [
            112.64799751300006,
            29.715878429000043
          ],
          [
            112.64864425700011,
            29.720040665000056
          ],
          [
            112.64860534700006,
            29.724433231000035
          ],
          [
            112.64811515800011,
            29.72885692600005
          ],
          [
            112.64726623500007,
            29.73318307900007
          ],
          [
            112.64621673600004,
            29.737301579000075
          ],
          [
            112.64525024400007,
            29.74098192200006
          ],
          [
            112.64485069300008,
            29.744084435000048
          ],
          [
            112.6455723570001,
            29.746421547000068
          ],
          [
            112.64774185200008,
            29.748130760000038
          ],
          [
            112.65140594500008,
            29.749373493000064
          ],
          [
            112.65622406000011,
            29.750340481000023
          ],
          [
            112.661580963,
            29.751072254000064
          ],
          [
            112.6668350220001,
            29.751543179000066
          ],
          [
            112.67163711500007,
            29.751568260000056
          ],
          [
            112.6758717350001,
            29.750937214000032
          ],
          [
            112.67970230100002,
            29.749436779000064
          ],
          [
            112.68311325100001,
            29.747104053000044
          ],
          [
            112.68613105800011,
            29.744243450000056
          ],
          [
            112.68883224500007,
            29.74138721500003
          ],
          [
            112.69161140400001,
            29.73890258800003
          ],
          [
            112.69484344500006,
            29.737019443000065
          ],
          [
            112.69875381500003,
            29.735646477000046
          ],
          [
            112.70315200800007,
            29.73454834000006
          ],
          [
            112.70775207500003,
            29.73341693900005
          ],
          [
            112.71230094900011,
            29.731984272000034
          ],
          [
            112.71681846600006,
            29.730222130000072
          ],
          [
            112.72142524700007,
            29.728399849000027
          ],
          [
            112.72618026700002,
            29.726951504000056
          ],
          [
            112.73105728200005,
            29.726166878000072
          ],
          [
            112.73590019200003,
            29.726066418000073
          ],
          [
            112.74062713600006,
            29.726420956000027
          ],
          [
            112.74498146100007,
            29.726985512000056
          ],
          [
            112.74889762900011,
            29.727569561000053
          ],
          [
            112.75252807600009,
            29.728115883000044
          ],
          [
            112.75655448900011,
            29.728629875000024
          ],
          [
            112.76129142800005,
            29.729157333000046
          ],
          [
            112.76678360000005,
            29.72974306100008
          ],
          [
            112.77249618500002,
            29.730501251000078
          ],
          [
            112.77819435100002,
            29.731484547000036
          ],
          [
            112.78390716600006,
            29.73282266600006
          ],
          [
            112.79007667500002,
            29.73463567700003
          ],
          [
            112.79668808000008,
            29.736951447000024
          ],
          [
            112.80359687800001,
            29.739712276000034
          ],
          [
            112.81025863600007,
            29.74280559500005
          ],
          [
            112.81654510500005,
            29.746104355000057
          ],
          [
            112.82226203900007,
            29.74952720600004
          ],
          [
            112.82744041400008,
            29.752995491000036
          ],
          [
            112.83209449800006,
            29.756536579000056
          ],
          [
            112.836508331,
            29.76009857200006
          ],
          [
            112.84098518400003,
            29.763764095000056
          ],
          [
            112.84572578400002,
            29.767490559000066
          ],
          [
            112.85055572500005,
            29.771166019000077
          ],
          [
            112.85555725100005,
            29.774714680000045
          ],
          [
            112.86079780600005,
            29.778031101000067
          ],
          [
            112.86629715000004,
            29.781000004000077
          ],
          [
            112.87194572400006,
            29.78341144600006
          ],
          [
            112.87754501300003,
            29.78513160700004
          ],
          [
            112.88255592300004,
            29.786020851000046
          ],
          [
            112.88650962800011,
            29.78607027100003
          ],
          [
            112.88900199900002,
            29.78538579900004
          ],
          [
            112.89036041300005,
            29.784168606000037
          ],
          [
            112.89135391200011,
            29.78265028000004
          ],
          [
            112.8928942870001,
            29.780884056000048
          ],
          [
            112.89532814000006,
            29.778712635000034
          ],
          [
            112.89844528200001,
            29.77604604700008
          ],
          [
            112.90160453800002,
            29.772862072000066
          ],
          [
            112.90430892900008,
            29.769262810000043
          ],
          [
            112.90639854400001,
            29.765195789000074
          ],
          [
            112.90794662500002,
            29.76073896400004
          ],
          [
            112.9091342160001,
            29.75610714000004
          ],
          [
            112.91013679500008,
            29.75159786200004
          ],
          [
            112.91097610500003,
            29.74727474200006
          ],
          [
            112.9115921020001,
            29.742772655000067
          ],
          [
            112.91181297300011,
            29.73776170700006
          ],
          [
            112.91159812900003,
            29.73221797900004
          ],
          [
            112.91099235500008,
            29.726523151000038
          ],
          [
            112.91024169900004,
            29.721073475000026
          ],
          [
            112.90968956000006,
            29.715977879000036
          ],
          [
            112.9096759030001,
            29.711235180000074
          ],
          [
            112.91047348000006,
            29.706695137000054
          ],
          [
            112.91213287400001,
            29.702285252000024
          ],
          [
            112.9146460720001,
            29.697822361000078
          ],
          [
            112.91782646200011,
            29.693201790000046
          ],
          [
            112.92141464200006,
            29.688380642000027
          ],
          [
            112.92492935200005,
            29.683501816000046
          ],
          [
            112.92790550200004,
            29.67877895400005
          ],
          [
            112.93000724800004,
            29.67437837600005
          ],
          [
            112.93102180500011,
            29.670313358000044
          ],
          [
            112.93089607200011,
            29.666431904000035
          ],
          [
            112.92953758200008,
            29.662592335000056
          ],
          [
            112.92703491200007,
            29.65881956100003
          ],
          [
            112.92352874800008,
            29.655166721000057
          ],
          [
            112.91940986600002,
            29.651784744000054
          ],
          [
            112.91502121000008,
            29.64857841500003
          ],
          [
            112.91085105900004,
            29.645486774000062
          ],
          [
            112.90716995200012,
            29.642288380000025
          ],
          [
            112.90429496800004,
            29.63890247300003
          ],
          [
            112.90217880300008,
            29.63522075700007
          ],
          [
            112.90087776200005,
            29.631491604000075
          ],
          [
            112.90027298000007,
            29.62787237200007
          ],
          [
            112.90030998200007,
            29.62435773800007
          ],
          [
            112.90084594700011,
            29.620614872000033
          ],
          [
            112.90175071700003,
            29.61635400800003
          ],
          [
            112.90288970900008,
            29.61146448100004
          ],
          [
            112.90423851000003,
            29.606160488000057
          ],
          [
            112.90577377300008,
            29.60047491100005
          ],
          [
            112.90754241900004,
            29.59450475700004
          ],
          [
            112.909616013,
            29.588229332000026
          ],
          [
            112.9119876100001,
            29.581795464000038
          ],
          [
            112.91452064500004,
            29.575544643000057
          ],
          [
            112.9170252990001,
            29.569572277000077
          ],
          [
            112.91926651000006,
            29.56409425700008
          ],
          [
            112.92101188700008,
            29.559151840000027
          ],
          [
            112.92209419300002,
            29.55488775300006
          ],
          [
            112.92276519800009,
            29.551106453000045
          ],
          [
            112.92341239900009,
            29.547518635000074
          ],
          [
            112.92435386700004,
            29.543697128000076
          ],
          [
            112.92550170900006,
            29.539355240000077
          ],
          [
            112.92657379200011,
            29.53446273800006
          ],
          [
            112.92729667700007,
            29.52926187500003
          ],
          [
            112.92762168900003,
            29.524087086000065
          ],
          [
            112.92764991800004,
            29.519214935000036
          ],
          [
            112.927550354,
            29.514470673000062
          ],
          [
            112.92745895400003,
            29.50971929600007
          ],
          [
            112.9274624630001,
            29.50497873300003
          ],
          [
            112.92754776000004,
            29.50064832700008
          ],
          [
            112.92768760700005,
            29.49664400100005
          ],
          [
            112.92789871200011,
            29.49286230100006
          ],
          [
            112.92833030700001,
            29.48895025300004
          ],
          [
            112.92901290900011,
            29.485067444000038
          ],
          [
            112.92997573900004,
            29.48133228300003
          ],
          [
            112.93111022900007,
            29.478197384000055
          ],
          [
            112.93236007700011,
            29.475756149000063
          ],
          [
            112.93371444700006,
            29.47387798300008
          ],
          [
            112.93528549200005,
            29.472220135000043
          ],
          [
            112.93725845300003,
            29.47050405500005
          ],
          [
            112.93971633900003,
            29.46870220200003
          ],
          [
            112.94253799400008,
            29.467061348000072
          ],
          [
            112.94551078800009,
            29.465833435000036
          ],
          [
            112.94861465500003,
            29.46523445100007
          ],
          [
            112.95201728800009,
            29.465321026000026
          ],
          [
            112.9558605960001,
            29.466162148000024
          ],
          [
            112.96016090400008,
            29.467807846000028
          ],
          [
            112.96461196900009,
            29.47033653300008
          ],
          [
            112.96907745400006,
            29.473619347000067
          ],
          [
            112.97354301500002,
            29.477482338000073
          ],
          [
            112.97819809000009,
            29.481573086000026
          ],
          [
            112.98322250400008,
            29.485466461000044
          ],
          [
            112.98863586400012,
            29.48873745000003
          ],
          [
            112.99435211200012,
            29.49118713400003
          ],
          [
            113.00017562900007,
            29.493043900000032
          ],
          [
            113.00590385400005,
            29.49465820300003
          ],
          [
            113.01135963400009,
            29.496326771000042
          ],
          [
            113.01644378700007,
            29.498027191000062
          ],
          [
            113.02137245200004,
            29.499610596000025
          ],
          [
            113.02644020100001,
            29.50072370500004
          ],
          [
            113.03169563300003,
            29.50110366800004
          ],
          [
            113.03672363300007,
            29.500449219000075
          ],
          [
            113.04109314000004,
            29.49874176000003
          ],
          [
            113.044582977,
            29.495958519000055
          ],
          [
            113.04724853500011,
            29.492395973000043
          ],
          [
            113.04915794400006,
            29.488308907000032
          ],
          [
            113.05043495200005,
            29.483984814000053
          ],
          [
            113.05117378200009,
            29.47942743300007
          ],
          [
            113.05157577500006,
            29.47472230900007
          ],
          [
            113.05172393800001,
            29.470031891000076
          ],
          [
            113.05170669600011,
            29.46563337300006
          ],
          [
            113.05158752400007,
            29.46155220000003
          ],
          [
            113.05149795500006,
            29.457860107000045
          ],
          [
            113.05153450000012,
            29.45450353600006
          ],
          [
            113.05177337600003,
            29.451491585000042
          ],
          [
            113.0522516630001,
            29.448747311000034
          ],
          [
            113.05298782300008,
            29.44613935500007
          ],
          [
            113.05403114300009,
            29.44346004500005
          ],
          [
            113.05535209700008,
            29.440627518000042
          ],
          [
            113.05699546800008,
            29.43757850600008
          ],
          [
            113.05895927400002,
            29.43445726400006
          ],
          [
            113.06135849000009,
            29.431515026000056
          ],
          [
            113.06430961600006,
            29.429075947000058
          ],
          [
            113.06789680500003,
            29.42739900600003
          ],
          [
            113.07200180100006,
            29.426664371000072
          ],
          [
            113.07624656700011,
            29.427060509000057
          ],
          [
            113.0800978850001,
            29.428638573000057
          ],
          [
            113.0832233430001,
            29.431478062000053
          ],
          [
            113.0855522920001,
            29.43551940900005
          ],
          [
            113.08727630600004,
            29.44064865100006
          ],
          [
            113.08851165800002,
            29.446570759000053
          ],
          [
            113.0894333650001,
            29.45296825400004
          ],
          [
            113.09026466400007,
            29.459620895000057
          ],
          [
            113.09130020100008,
            29.466241875000037
          ],
          [
            113.09272651700007,
            29.472595882000064
          ],
          [
            113.0945348360001,
            29.47826334000007
          ],
          [
            113.0966239170001,
            29.482839203000026
          ],
          [
            113.09891342200001,
            29.48585136400004
          ],
          [
            113.10142982500008,
            29.48709732100008
          ],
          [
            113.10419265700011,
            29.48659254100005
          ],
          [
            113.10689865100005,
            29.48437391300007
          ],
          [
            113.10914764400002,
            29.480672054000024
          ],
          [
            113.11065925600008,
            29.475832996000065
          ],
          [
            113.11152160600011,
            29.47050998700007
          ],
          [
            113.1121538540001,
            29.465049515000032
          ],
          [
            113.11301094100008,
            29.45975603100004
          ],
          [
            113.11440628100002,
            29.454695187000027
          ],
          [
            113.11641105700005,
            29.450188465000053
          ],
          [
            113.11898864700004,
            29.446482506000052
          ],
          [
            113.12201812700005,
            29.44376464800007
          ],
          [
            113.125395432,
            29.441952744000048
          ],
          [
            113.12908332800009,
            29.440951004000055
          ],
          [
            113.13311477700006,
            29.440644760000055
          ],
          [
            113.13730903600003,
            29.440975304000062
          ],
          [
            113.14140136700007,
            29.441993351000065
          ],
          [
            113.14474464400007,
            29.443524246000038
          ],
          [
            113.14769416800004,
            29.44565580400007
          ],
          [
            113.15066330000002,
            29.448293533000026
          ],
          [
            113.15428184500001,
            29.451527481000028
          ],
          [
            113.1585491940001,
            29.455216579000023
          ],
          [
            113.16312477100007,
            29.459237003000055
          ],
          [
            113.16762619000008,
            29.463399467000045
          ],
          [
            113.17187004100003,
            29.46761594800006
          ],
          [
            113.17598823500009,
            29.471916618000023
          ],
          [
            113.18017784100005,
            29.47635263400008
          ],
          [
            113.18432884200001,
            29.48075086600005
          ],
          [
            113.18819099400002,
            29.484850960000074
          ],
          [
            113.19149375900008,
            29.488526382000032
          ],
          [
            113.19424675000005,
            29.491941948000033
          ],
          [
            113.19688468900006,
            29.49553093000003
          ],
          [
            113.19964218100006,
            29.499441624000042
          ],
          [
            113.20262008700001,
            29.503629551000074
          ],
          [
            113.20557319600005,
            29.508029175000047
          ],
          [
            113.20820976300001,
            29.512514648000035
          ],
          [
            113.21045036300006,
            29.517143803000067
          ],
          [
            113.21234710700003,
            29.52172231700007
          ],
          [
            113.21427513100002,
            29.526169167000035
          ],
          [
            113.21650459300008,
            29.530470810000054
          ],
          [
            113.2193468480001,
            29.534775314000058
          ],
          [
            113.22272857700011,
            29.538913002000072
          ],
          [
            113.22675079300006,
            29.542720203000044
          ],
          [
            113.23133064300009,
            29.546176548000062
          ],
          [
            113.2366262050001,
            29.549513130000037
          ],
          [
            113.24241195700006,
            29.552994003000038
          ],
          [
            113.24830665600007,
            29.556606369000065
          ],
          [
            113.253888931,
            29.56027444800003
          ],
          [
            113.25884742700009,
            29.563859539000077
          ],
          [
            113.26313354500007,
            29.56750770600007
          ],
          [
            113.26666877700006,
            29.571237793000023
          ],
          [
            113.26945076000004,
            29.57493297600007
          ],
          [
            113.27142669700004,
            29.578244190000078
          ],
          [
            113.27280723600006,
            29.581123219000062
          ],
          [
            113.2739604190001,
            29.58379644400003
          ],
          [
            113.27527061500007,
            29.58650106400006
          ],
          [
            113.27698379500009,
            29.589206123000054
          ],
          [
            113.27907653800003,
            29.591767693000065
          ],
          [
            113.28148742700012,
            29.59410768500004
          ],
          [
            113.28418594400011,
            29.596243191000042
          ],
          [
            113.28746116600007,
            29.598329868000064
          ],
          [
            113.29141006500004,
            29.600639553000065
          ],
          [
            113.29603630100007,
            29.603493385000036
          ],
          [
            113.3004102330001,
            29.60685791000003
          ],
          [
            113.30414680500007,
            29.61065658600006
          ],
          [
            113.30697593700006,
            29.614737568000066
          ],
          [
            113.30929100000003,
            29.619092445000035
          ],
          [
            113.31140220600003,
            29.623619003000044
          ],
          [
            113.31369506800002,
            29.628155651000043
          ],
          [
            113.31650688200011,
            29.632523460000073
          ],
          [
            113.32006454500004,
            29.63678148300005
          ],
          [
            113.3243878940001,
            29.641204052000035
          ],
          [
            113.32909492500005,
            29.64607021300003
          ],
          [
            113.33392616300011,
            29.651409225000066
          ],
          [
            113.3388971710001,
            29.65702568100005
          ],
          [
            113.3443531040001,
            29.662632618000032
          ],
          [
            113.35053436300007,
            29.66818065600006
          ],
          [
            113.35726097100007,
            29.673840866000035
          ],
          [
            113.36397270200007,
            29.679792633000034
          ],
          [
            113.37042678800003,
            29.686223030000065
          ],
          [
            113.3763217930001,
            29.69285095200007
          ],
          [
            113.38154930100006,
            29.69933143600008
          ],
          [
            113.38615104700011,
            29.705238724000026
          ],
          [
            113.39069358800009,
            29.710482616000036
          ],
          [
            113.3955456540001,
            29.715101013000037
          ],
          [
            113.4007068630001,
            29.719144440000036
          ],
          [
            113.40561882000009,
            29.72265701300006
          ],
          [
            113.41002273600009,
            29.72576921500007
          ],
          [
            113.41419555700008,
            29.72884103800004
          ],
          [
            113.4182463840001,
            29.731972084000063
          ],
          [
            113.42241783100008,
            29.73533062000007
          ],
          [
            113.42661582900007,
            29.738749962000043
          ],
          [
            113.43117141700009,
            29.742354221000028
          ],
          [
            113.43619697600002,
            29.74605928400007
          ],
          [
            113.44181892400002,
            29.750002995000045
          ],
          [
            113.44766464200006,
            29.75410852400006
          ],
          [
            113.45348976100001,
            29.758462257000076
          ],
          [
            113.45923988300001,
            29.763054600000032
          ],
          [
            113.4650797270001,
            29.767749157000026
          ],
          [
            113.47099975600008,
            29.772222729000077
          ],
          [
            113.47695686300005,
            29.776313953000056
          ],
          [
            113.48268859900008,
            29.78009841900007
          ],
          [
            113.48829200700004,
            29.784022331000074
          ],
          [
            113.4937538910001,
            29.78844875300007
          ],
          [
            113.49905868500002,
            29.793437862000076
          ],
          [
            113.50408760100004,
            29.79879892300005
          ],
          [
            113.50875709500008,
            29.804188251000028
          ],
          [
            113.51296134900008,
            29.809201279000035
          ],
          [
            113.51663330100007,
            29.813491802000044
          ],
          [
            113.5200581360001,
            29.816898670000057
          ],
          [
            113.52384796100011,
            29.81966199900006
          ],
          [
            113.52822319000006,
            29.82191387200004
          ],
          [
            113.5328163150001,
            29.823861942000065
          ],
          [
            113.53702270500003,
            29.82569932900003
          ],
          [
            113.54053283700011,
            29.827705326000057
          ],
          [
            113.54358108500003,
            29.830039406000026
          ],
          [
            113.54679267900008,
            29.832757816000026
          ],
          [
            113.55085220300009,
            29.835776730000077
          ],
          [
            113.55628837600011,
            29.83910755200003
          ],
          [
            113.5630387120001,
            29.842609997000068
          ],
          [
            113.57060775800005,
            29.84618894600004
          ],
          [
            113.57812683100008,
            29.849549026000034
          ],
          [
            113.58514396700002,
            29.85263040500007
          ],
          [
            113.59136871300007,
            29.855519180000044
          ],
          [
            113.59696159400005,
            29.85846910500004
          ],
          [
            113.6019564820001,
            29.861676483000053
          ],
          [
            113.60650375400007,
            29.86526426300003
          ],
          [
            113.61056427000005,
            29.86926347700006
          ],
          [
            113.6141564180001,
            29.87373069800003
          ],
          [
            113.61720832800006,
            29.878599854000072
          ],
          [
            113.61995300300009,
            29.88376665100003
          ],
          [
            113.6227442170001,
            29.88895942700003
          ],
          [
            113.62589836100005,
            29.89368757300008
          ],
          [
            113.62958618200003,
            29.897603073000028
          ],
          [
            113.63384742700009,
            29.900552959000038
          ],
          [
            113.63862030000007,
            29.902610226000036
          ],
          [
            113.6437820430001,
            29.90412803600003
          ],
          [
            113.64900428800001,
            29.905512886000054
          ],
          [
            113.65404075600009,
            29.907048874000054
          ],
          [
            113.65879188500003,
            29.90880140300004
          ],
          [
            113.66345550500012,
            29.91071510300003
          ],
          [
            113.66831504800007,
            29.912823544000048
          ],
          [
            113.67365570100003,
            29.91514637000006
          ],
          [
            113.67960479700002,
            29.917642155000067
          ],
          [
            113.68600158700008,
            29.920027447000052
          ],
          [
            113.69245857200008,
            29.921783867000045
          ],
          [
            113.69880867000006,
            29.922513752000043
          ],
          [
            113.70532173200002,
            29.922101707000024
          ],
          [
            113.71210571300003,
            29.92086050000006
          ],
          [
            113.71916084300005,
            29.919274139000038
          ],
          [
            113.72617797900011,
            29.917861233000053
          ],
          [
            113.73320549000005,
            29.91700298300003
          ],
          [
            113.74040840200007,
            29.916837902000054
          ],
          [
            113.74787345900006,
            29.917243004000056
          ],
          [
            113.75554725600011,
            29.917995377000068
          ],
          [
            113.76325782800006,
            29.918816872000036
          ],
          [
            113.77105621300007,
            29.919604836000076
          ],
          [
            113.77863395700001,
            29.920256081000048
          ],
          [
            113.78578521700001,
            29.92077356300007
          ],
          [
            113.79205780000007,
            29.92112354300008
          ],
          [
            113.79768745400008,
            29.921439476000046
          ],
          [
            113.80300445600005,
            29.921936321000032
          ],
          [
            113.80828788800011,
            29.92280355500003
          ],
          [
            113.81338668800004,
            29.924250984000025
          ],
          [
            113.817821503,
            29.92624361000003
          ],
          [
            113.8213253780001,
            29.928736134000076
          ],
          [
            113.82389671300007,
            29.931464901000027
          ],
          [
            113.82608963000007,
            29.93433149300006
          ],
          [
            113.82852577200003,
            29.937292290000073
          ],
          [
            113.83183044400005,
            29.940399838000076
          ],
          [
            113.83610237100004,
            29.943696213000067
          ],
          [
            113.84113288900005,
            29.947154884000042
          ],
          [
            113.84637695300012,
            29.95061273600004
          ],
          [
            113.85125213600008,
            29.953772240000035
          ],
          [
            113.85558097800003,
            29.956529732000035
          ],
          [
            113.85934898400001,
            29.958898754000074
          ],
          [
            113.86303863500007,
            29.96128187200003
          ],
          [
            113.86678535500005,
            29.96395168300006
          ],
          [
            113.87080085800005,
            29.96713930100003
          ],
          [
            113.87512207000009,
            29.97079029100007
          ],
          [
            113.87970329300003,
            29.974657593000074
          ],
          [
            113.8842231750001,
            29.97833662000005
          ],
          [
            113.88843719500005,
            29.981661205000023
          ],
          [
            113.8920883180001,
            29.98451335900006
          ],
          [
            113.89536476100011,
            29.987122593000038
          ],
          [
            113.89855300900001,
            29.98977407500007
          ],
          [
            113.90216346700004,
            29.992882309000038
          ],
          [
            113.90614257800007,
            29.99637586600005
          ],
          [
            113.91020217900007,
            29.999853573000053
          ],
          [
            113.91389793400003,
            30.002858467000067
          ],
          [
            113.91731369000001,
            30.005457268000043
          ],
          [
            113.92062919600005,
            30.008057575000066
          ],
          [
            113.92399711600001,
            30.011135445000036
          ],
          [
            113.92744110100011,
            30.01497669200006
          ],
          [
            113.9308779910001,
            30.01949705100003
          ],
          [
            113.93439910900008,
            30.024351273000036
          ],
          [
            113.9381377410001,
            30.028951645000063
          ],
          [
            113.94233757000006,
            30.03295873600007
          ],
          [
            113.94714752200002,
            30.03624300000007
          ],
          [
            113.95261711100011,
            30.039001980000023
          ],
          [
            113.95861015300011,
            30.04146314600007
          ],
          [
            113.96481727600008,
            30.043819389000078
          ],
          [
            113.97105072000011,
            30.046213226000077
          ],
          [
            113.9773426060001,
            30.04878128100006
          ],
          [
            113.98365608200004,
            30.05144176500005
          ],
          [
            113.98984329200005,
            30.053962288000037
          ],
          [
            113.99549087500009,
            30.05598268500006
          ],
          [
            114.00044685400007,
            30.05745304100003
          ],
          [
            114.00489051800002,
            30.058604794000075
          ],
          [
            114.00913032500011,
            30.05978391600007
          ],
          [
            114.0134062190001,
            30.061251526000035
          ],
          [
            114.01774765000005,
            30.062993851000044
          ],
          [
            114.02190452600007,
            30.064677372000062
          ],
          [
            114.02583679200006,
            30.065922604000036
          ],
          [
            114.02957832300001,
            30.066647568000064
          ],
          [
            114.03340713500006,
            30.067109470000048
          ],
          [
            114.0374302670001,
            30.067670555000063
          ],
          [
            114.0417580410001,
            30.06869495400008
          ],
          [
            114.0463663480001,
            30.070340576000035
          ],
          [
            114.05117416400003,
            30.07259130500006
          ],
          [
            114.05613990800009,
            30.07518648100006
          ],
          [
            114.06103065500008,
            30.077861176000056
          ],
          [
            114.06569641100009,
            30.080379581000045
          ],
          [
            114.06992149400003,
            30.082664585000032
          ],
          [
            114.07359649700004,
            30.084725113000047
          ],
          [
            114.07693374600001,
            30.08690233200008
          ],
          [
            114.08004852300007,
            30.089394264000077
          ],
          [
            114.08309173600003,
            30.092515030000072
          ],
          [
            114.0859588620001,
            30.096146584000053
          ],
          [
            114.0884379580001,
            30.100203304000047
          ],
          [
            114.09032707200004,
            30.10451921500004
          ],
          [
            114.09149467500004,
            30.108965626000042
          ],
          [
            114.09180923500003,
            30.11350078600003
          ],
          [
            114.0910460660001,
            30.117934151000043
          ],
          [
            114.0888381200001,
            30.12225782400003
          ],
          [
            114.08508194000001,
            30.12651824900007
          ],
          [
            114.07979576100001,
            30.130796604000068
          ],
          [
            114.0735363770001,
            30.13499885600004
          ],
          [
            114.06666122400009,
            30.13900869400004
          ],
          [
            114.05934196500004,
            30.142904472000055
          ],
          [
            114.05139839200001,
            30.14703033400008
          ],
          [
            114.04296440100006,
            30.151740417000042
          ],
          [
            114.03417312600004,
            30.157255650000025
          ],
          [
            114.02546913100002,
            30.163581161000025
          ],
          [
            114.01707611100005,
            30.170373554000037
          ],
          [
            114.00956153900006,
            30.17704917900005
          ],
          [
            114.00315628100009,
            30.182935791000034
          ],
          [
            113.99820396400003,
            30.187603207000052
          ],
          [
            113.99428489700006,
            30.191327381000065
          ],
          [
            113.99097854600006,
            30.19452037800005
          ],
          [
            113.98746536300007,
            30.19761795000005
          ],
          [
            113.98290504500005,
            30.200831337000068
          ],
          [
            113.97684906000006,
            30.204009762000055
          ],
          [
            113.96922760000007,
            30.206813908000072
          ],
          [
            113.96110359200009,
            30.208565693000025
          ],
          [
            113.95291824300011,
            30.209119644000054
          ],
          [
            113.94520820600007,
            30.208478203000027
          ],
          [
            113.93780532800008,
            30.206957378000027
          ],
          [
            113.93077476500002,
            30.204809513000043
          ],
          [
            113.92437477100009,
            30.202398968000068
          ],
          [
            113.91882789600004,
            30.20025657700006
          ],
          [
            113.91415344200004,
            30.19906068800003
          ],
          [
            113.90993217500011,
            30.199336414000072
          ],
          [
            113.90570610000009,
            30.201185760000044
          ],
          [
            113.90131881700006,
            30.204288998000038
          ],
          [
            113.89694740300001,
            30.20820137000004
          ],
          [
            113.89292472800003,
            30.212662659000046
          ],
          [
            113.88956016500003,
            30.217553577000047
          ],
          [
            113.88714225800004,
            30.22285858200007
          ],
          [
            113.88600456200004,
            30.228498669000032
          ],
          [
            113.88632759100005,
            30.23450822800004
          ],
          [
            113.88813797000012,
            30.240962124000077
          ],
          [
            113.89116584800001,
            30.247833748000062
          ],
          [
            113.89508132900005,
            30.25496357000003
          ],
          [
            113.89946815500002,
            30.26203889800007
          ],
          [
            113.90420166000001,
            30.268667545000028
          ],
          [
            113.90921096800002,
            30.27461357100003
          ],
          [
            113.9146483610001,
            30.279690189000064
          ],
          [
            113.9205824280001,
            30.28380518000006
          ],
          [
            113.92704315200001,
            30.28682195700003
          ],
          [
            113.93407859800004,
            30.288754463000032
          ],
          [
            113.94152313200004,
            30.28968233100005
          ],
          [
            113.94916046100002,
            30.289721413000052
          ],
          [
            113.95678619400007,
            30.289053955000043
          ],
          [
            113.96427497900004,
            30.28767103200005
          ],
          [
            113.97142417900011,
            30.285614719000023
          ],
          [
            113.97818328900007,
            30.282670593000034
          ],
          [
            113.98414901700005,
            30.279174862000048
          ],
          [
            113.9895732120001,
            30.274918442000057
          ],
          [
            113.99468902600006,
            30.26991926200003
          ],
          [
            113.9999152370001,
            30.263839722000057
          ],
          [
            114.00504394500001,
            30.257203350000054
          ],
          [
            114.00959838900008,
            30.250540657000045
          ],
          [
            114.013490219,
            30.244476013000053
          ],
          [
            114.0167108920001,
            30.239064236000047
          ],
          [
            114.01967819200001,
            30.23416311300008
          ],
          [
            114.02251083400006,
            30.22954048200006
          ],
          [
            114.0255480190001,
            30.22519765900006
          ],
          [
            114.0286702730001,
            30.22132209800003
          ],
          [
            114.03206161500009,
            30.218191414000046
          ],
          [
            114.03585044900001,
            30.216066856000054
          ],
          [
            114.04024398800004,
            30.215182476000052
          ],
          [
            114.04510818500012,
            30.215583649000052
          ],
          [
            114.05016319300012,
            30.21719612100003
          ],
          [
            114.05501373300001,
            30.219686737000075
          ],
          [
            114.05938346900007,
            30.22258066200004
          ],
          [
            114.06322853100005,
            30.22563522300004
          ],
          [
            114.06662330600011,
            30.22879810300003
          ],
          [
            114.06968887300002,
            30.232413158000043
          ],
          [
            114.07268348700006,
            30.236684856000068
          ],
          [
            114.07584716800011,
            30.241838074000043
          ],
          [
            114.07918388400003,
            30.247341805000076
          ],
          [
            114.08246688800011,
            30.253080940000075
          ],
          [
            114.08539054900007,
            30.258841763000078
          ],
          [
            114.08764801000007,
            30.264714966000042
          ],
          [
            114.08928688000003,
            30.270728035000047
          ],
          [
            114.09038894700006,
            30.27682178500004
          ],
          [
            114.09125221300008,
            30.282988110000076
          ],
          [
            114.09204132100001,
            30.289120083000057
          ],
          [
            114.092975464,
            30.295126610000068
          ],
          [
            114.09414100600009,
            30.300913982000054
          ],
          [
            114.09568122900009,
            30.30629709200008
          ],
          [
            114.0976917270001,
            30.311294804000056
          ],
          [
            114.10020179700007,
            30.315804424000078
          ],
          [
            114.1031642150001,
            30.31980516400006
          ],
          [
            114.10638916000005,
            30.323191051000038
          ],
          [
            114.10967483500008,
            30.326091633000033
          ],
          [
            114.11277351400008,
            30.328677921000065
          ],
          [
            114.11555442800011,
            30.331201382000074
          ],
          [
            114.11800025900004,
            30.33397777600004
          ],
          [
            114.12029579200009,
            30.337440224000034
          ],
          [
            114.12265739400004,
            30.341932755000073
          ],
          [
            114.12524627700009,
            30.34735742600003
          ],
          [
            114.12812057500003,
            30.353123894000078
          ],
          [
            114.13145515400004,
            30.35865816100005
          ],
          [
            114.13545120200001,
            30.36372043600005
          ],
          [
            114.14028831500002,
            30.368285866000065
          ],
          [
            114.14611839300005,
            30.37263639400004
          ],
          [
            114.15269012500005,
            30.376999950000027
          ],
          [
            114.1594848630001,
            30.381496773000038
          ],
          [
            114.16563690200007,
            30.38601688400007
          ],
          [
            114.17063308700006,
            30.390396576000057
          ],
          [
            114.17433502200004,
            30.394655838000062
          ],
          [
            114.17705955500003,
            30.399003925000045
          ],
          [
            114.17914482100002,
            30.403553944000066
          ],
          [
            114.18091056800006,
            30.408412304000024
          ],
          [
            114.18248481800003,
            30.413389454000026
          ],
          [
            114.18405120900002,
            30.418417110000064
          ],
          [
            114.1858008580001,
            30.423463440000035
          ],
          [
            114.18797203100007,
            30.428496857000027
          ],
          [
            114.19065498400005,
            30.43333681100006
          ],
          [
            114.19386955300001,
            30.437731609000025
          ],
          [
            114.19754547100001,
            30.441525555000055
          ],
          [
            114.20149971000001,
            30.444551029000024
          ],
          [
            114.20560134900006,
            30.44705032300004
          ],
          [
            114.20979385400005,
            30.449361916000043
          ],
          [
            114.21430862400007,
            30.45210418700003
          ],
          [
            114.21948967000003,
            30.45561189700004
          ],
          [
            114.2253784180001,
            30.45996551500008
          ],
          [
            114.23142303500003,
            30.464719753000054
          ],
          [
            114.23714386000006,
            30.469745636000027
          ],
          [
            114.24234817500007,
            30.475037918000055
          ],
          [
            114.24724433900008,
            30.480766678000066
          ],
          [
            114.25183563200005,
            30.486609116000068
          ],
          [
            114.25612281800011,
            30.492281685000023
          ],
          [
            114.2600094600001,
            30.497523022000053
          ],
          [
            114.26360313400005,
            30.50243877400004
          ],
          [
            114.26715766900008,
            30.50726045600004
          ],
          [
            114.27063240100006,
            30.511901169000055
          ],
          [
            114.27388221700005,
            30.516248417000043
          ],
          [
            114.27664276100006,
            30.52021472900003
          ],
          [
            114.27900825500001,
            30.52423063300006
          ],
          [
            114.28114555400009,
            30.528806744000065
          ],
          [
            114.2832707980001,
            30.534215927000048
          ],
          [
            114.28547744800005,
            30.540201912000043
          ],
          [
            114.28780349700003,
            30.546144562000052
          ],
          [
            114.29021781900008,
            30.551789780000036
          ],
          [
            114.29269065900007,
            30.557146626000076
          ],
          [
            114.29536720300007,
            30.562709770000026
          ],
          [
            114.29847290000009,
            30.568699112000047
          ],
          [
            114.30227104200003,
            30.575327988000026
          ],
          [
            114.30679214500003,
            30.582140865000042
          ],
          [
            114.31176559400001,
            30.588677292000057
          ],
          [
            114.31698234600003,
            30.59474252700005
          ],
          [
            114.3221438600001,
            30.60037725400008
          ],
          [
            114.32707916300001,
            30.605720749000056
          ],
          [
            114.33176849400002,
            30.610839157000044
          ],
          [
            114.33637168900009,
            30.61577638600005
          ],
          [
            114.3411129000001,
            30.62055353200003
          ],
          [
            114.34594261200004,
            30.62498762100006
          ],
          [
            114.35082809400001,
            30.628984451000065
          ],
          [
            114.35572547900006,
            30.632493534000048
          ],
          [
            114.36072700500006,
            30.635691071000053
          ],
          [
            114.36605049100001,
            30.638815403000024
          ],
          [
            114.37183631900007,
            30.641962986000067
          ],
          [
            114.3783921810001,
            30.645268974000032
          ],
          [
            114.38534378100007,
            30.648511086000042
          ],
          [
            114.392314682,
            30.651510220000034
          ],
          [
            114.39839973400001,
            30.65386062600004
          ],
          [
            114.40376983600004,
            30.655734272000075
          ],
          [
            114.40892570500012,
            30.657346630000063
          ],
          [
            114.41460784900005,
            30.65901176500006
          ],
          [
            114.42117340100003,
            30.660622253000042
          ],
          [
            114.42846900900008,
            30.662322178000068
          ],
          [
            114.43622642500009,
            30.664202595000063
          ],
          [
            114.44403968800009,
            30.666469231000065
          ],
          [
            114.45144119300005,
            30.668993835000038
          ],
          [
            114.45834693900008,
            30.67165996600005
          ],
          [
            114.46491088900007,
            30.674218197000073
          ],
          [
            114.47147583000003,
            30.67650821700005
          ],
          [
            114.47828002900008,
            30.678289680000034
          ],
          [
            114.4855922700001,
            30.67943916300004
          ],
          [
            114.49356338500002,
            30.679826183000046
          ],
          [
            114.50203086900001,
            30.679434814000047
          ],
          [
            114.51058982800009,
            30.67817321800004
          ],
          [
            114.51873329200009,
            30.676043682000056
          ],
          [
            114.52617454500012,
            30.67288620000005
          ],
          [
            114.53261894200011,
            30.66864391300004
          ],
          [
            114.53806137100003,
            30.663294182000072
          ],
          [
            114.54258651700002,
            30.657095509000044
          ],
          [
            114.54620872500004,
            30.65050094600008
          ],
          [
            114.54917472800003,
            30.644158134000065
          ],
          [
            114.55153831500002,
            30.638335075000043
          ],
          [
            114.55346122700007,
            30.633098240000038
          ],
          [
            114.55510788000004,
            30.62819809000007
          ],
          [
            114.55684059100008,
            30.622840118000056
          ],
          [
            114.55915512100012,
            30.61616561900007
          ],
          [
            114.56225341800007,
            30.607586231000028
          ],
          [
            114.56592460600007,
            30.598230553000064
          ],
          [
            114.56974739100008,
            30.58911277800007
          ],
          [
            114.57353134200002,
            30.581180611000036
          ],
          [
            114.57728149400009,
            30.57456432300006
          ],
          [
            114.58110405000002,
            30.569263763000038
          ],
          [
            114.58513359100004,
            30.56512546500005
          ],
          [
            114.58967514000005,
            30.561801357000036
          ],
          [
            114.59499359100005,
            30.55900068300008
          ],
          [
            114.601332092,
            30.556540089000066
          ],
          [
            114.60847282400005,
            30.55458211900003
          ],
          [
            114.6160207370001,
            30.55327119800006
          ],
          [
            114.62321647600004,
            30.552919006000025
          ],
          [
            114.62946395900008,
            30.553720818000045
          ],
          [
            114.6345597080001,
            30.555633450000073
          ],
          [
            114.63881599400008,
            30.558212929000035
          ],
          [
            114.6430326840001,
            30.560947990000045
          ],
          [
            114.64846649200001,
            30.56340673400007
          ],
          [
            114.65631088300006,
            30.565443058000028
          ],
          [
            114.66682472200011,
            30.567175560000067
          ],
          [
            114.67864196800008,
            30.568940067000028
          ],
          [
            114.68956085200011,
            30.57103954300004
          ],
          [
            114.69850173900011,
            30.57356000900006
          ],
          [
            114.70526725800005,
            30.576243439000052
          ],
          [
            114.71049629200002,
            30.57878463700007
          ],
          [
            114.71481102000007,
            30.580704670000046
          ],
          [
            114.7190299990001,
            30.582382107000058
          ],
          [
            114.72361038200006,
            30.584150391000037
          ],
          [
            114.72868232700012,
            30.58708253900005
          ],
          [
            114.73375381500011,
            30.590742207000062
          ],
          [
            114.73852630600004,
            30.594770565000033
          ],
          [
            114.74290245100008,
            30.59845159500003
          ],
          [
            114.74708076500008,
            30.60163618100006
          ],
          [
            114.75132705700003,
            30.604285030000028
          ],
          [
            114.75588859600009,
            30.606468620000044
          ],
          [
            114.76092216500001,
            30.60816600800007
          ],
          [
            114.76657577500009,
            30.609280624000064
          ],
          [
            114.77280830400002,
            30.609558411000023
          ],
          [
            114.77938476600002,
            30.60871591600005
          ],
          [
            114.78586380000002,
            30.606568909000032
          ],
          [
            114.7919725800001,
            30.603225441000063
          ],
          [
            114.79744873000004,
            30.599143963000074
          ],
          [
            114.8022737120001,
            30.59488287000005
          ],
          [
            114.80640510600006,
            30.59095829000006
          ],
          [
            114.80995353700007,
            30.587547245000053
          ],
          [
            114.81288520800001,
            30.584673347000034
          ],
          [
            114.81538452100006,
            30.58195610000007
          ],
          [
            114.81765380900003,
            30.579116268000064
          ],
          [
            114.8200357820001,
            30.575736103000054
          ],
          [
            114.82250961300008,
            30.57187791800004
          ],
          [
            114.82505584700004,
            30.567605171000025
          ],
          [
            114.8274536130001,
            30.563138371000036
          ],
          [
            114.82948707600008,
            30.558674088000032
          ],
          [
            114.83095153800002,
            30.554369869000027
          ],
          [
            114.83186576800006,
            30.550314121000042
          ],
          [
            114.83232925400011,
            30.546559391000073
          ],
          [
            114.83247016900009,
            30.542780399000037
          ],
          [
            114.83225181600005,
            30.538343201000032
          ],
          [
            114.831601868,
            30.53244922600004
          ],
          [
            114.83049400300001,
            30.524798813000075
          ],
          [
            114.82898643500005,
            30.516076183000052
          ],
          [
            114.82729560900009,
            30.507198353000035
          ],
          [
            114.82555130000003,
            30.498480701000062
          ],
          [
            114.82424026500007,
            30.489967728000067
          ],
          [
            114.82337188700001,
            30.48140790900004
          ],
          [
            114.82306449900011,
            30.47285379400006
          ],
          [
            114.8232108310001,
            30.464346828000032
          ],
          [
            114.82405487100004,
            30.45608064700008
          ],
          [
            114.82589370700009,
            30.448335838000048
          ],
          [
            114.8291905210001,
            30.44167425200004
          ],
          [
            114.83393631000001,
            30.436331558000063
          ],
          [
            114.83989219700004,
            30.432347221000043
          ],
          [
            114.84610855100004,
            30.429176674000075
          ],
          [
            114.8521452330001,
            30.426299305000043
          ],
          [
            114.85750312800008,
            30.42350450500004
          ],
          [
            114.86209388700001,
            30.420886917000075
          ],
          [
            114.8657227330001,
            30.418856297000048
          ],
          [
            114.86904022200008,
            30.417286129000047
          ],
          [
            114.87315582300005,
            30.41590902300004
          ],
          [
            114.8792766570001,
            30.414282856000057
          ],
          [
            114.88780929600011,
            30.41231409100004
          ],
          [
            114.89802330000009,
            30.410147648000077
          ],
          [
            114.90907196,
            30.407969646000026
          ],
          [
            114.92000450100011,
            30.40601207700007
          ],
          [
            114.93021858200007,
            30.404266548000066
          ],
          [
            114.93895927400001,
            30.402736511000057
          ],
          [
            114.94592628500004,
            30.401203518000045
          ],
          [
            114.95149726900001,
            30.399642563000043
          ],
          [
            114.95693397500008,
            30.398076210000056
          ],
          [
            114.96353057900001,
            30.39697923700004
          ],
          [
            114.97193336500004,
            30.39658197400007
          ],
          [
            114.98163909900006,
            30.39703346300007
          ],
          [
            114.99173286400003,
            30.397918549000053
          ],
          [
            115.00139297500004,
            30.398695564000036
          ],
          [
            115.01050834700004,
            30.39871095700005
          ],
          [
            115.01927391100003,
            30.39742702500007
          ],
          [
            115.02788917500004,
            30.394469967000077
          ],
          [
            115.03638847400009,
            30.38972532300005
          ],
          [
            115.04438362100007,
            30.383537922000073
          ],
          [
            115.05166015600003,
            30.376178913000047
          ],
          [
            115.05773185700002,
            30.367945728000052
          ],
          [
            115.06280876200003,
            30.358531113000026
          ],
          [
            115.06701561000011,
            30.347712536000074
          ],
          [
            115.07045463600002,
            30.335807629000044
          ],
          [
            115.07307312000012,
            30.32363374700003
          ],
          [
            115.0747441100001,
            30.312024574000077
          ],
          [
            115.07535438500008,
            30.301477375000047
          ],
          [
            115.07483200100012,
            30.29189395900005
          ],
          [
            115.07320663500002,
            30.28300649600004
          ],
          [
            115.07091140700004,
            30.27443336500005
          ],
          [
            115.06852203400001,
            30.266307030000064
          ],
          [
            115.06669921900004,
            30.25854444500004
          ],
          [
            115.06601348900006,
            30.251202526000043
          ],
          [
            115.06745285000011,
            30.243764191000025
          ],
          [
            115.07193595900003,
            30.236014862000047
          ],
          [
            115.08032966600001,
            30.227767162000077
          ],
          [
            115.09242454500009,
            30.21984798400007
          ],
          [
            115.10712585500005,
            30.213458538000054
          ],
          [
            115.12289032000001,
            30.20969047500006
          ],
          [
            115.13826088000008,
            30.208525105000035
          ],
          [
            115.15266899100004,
            30.209107075000077
          ],
          [
            115.165780487,
            30.20970071800008
          ],
          [
            115.17813301100011,
            30.208770237000067
          ],
          [
            115.18951393100008,
            30.20541965500007
          ],
          [
            115.19965347300001,
            30.19963926300005
          ],
          [
            115.20840988200007,
            30.19191291800007
          ],
          [
            115.21643623400007,
            30.18300647700005
          ],
          [
            115.22443298300004,
            30.17396003700003
          ],
          [
            115.23242767300007,
            30.16616085100003
          ],
          [
            115.24066131600011,
            30.15996910100006
          ],
          [
            115.2487680050001,
            30.154832859000066
          ],
          [
            115.25735694900004,
            30.149038506000068
          ],
          [
            115.26586677600005,
            30.14172422400003
          ],
          [
            115.27415023800006,
            30.132682571000032
          ],
          [
            115.28157363900004,
            30.123135185000024
          ],
          [
            115.28804222100007,
            30.113904266000077
          ],
          [
            115.29343994100009,
            30.10554481500003
          ],
          [
            115.29763359100002,
            30.097700558000042
          ],
          [
            115.3005815890001,
            30.089746990000037
          ],
          [
            115.30250793500011,
            30.080812988000048
          ],
          [
            115.30385841400005,
            30.070767708000062
          ],
          [
            115.30533050500003,
            30.059957180000026
          ],
          [
            115.30771972700006,
            30.048996696000074
          ],
          [
            115.31176124600006,
            30.03838527700003
          ],
          [
            115.3179160310001,
            30.028543262000028
          ],
          [
            115.3258330540001,
            30.019889240000055
          ],
          [
            115.33459205600002,
            30.012570801000038
          ],
          [
            115.34280509900009,
            30.006612759000063
          ],
          [
            115.34955062900008,
            30.00168006900003
          ],
          [
            115.35460655200006,
            29.99740348800003
          ],
          [
            115.3584260560001,
            29.993194199000072
          ],
          [
            115.3618046570001,
            29.988458881000042
          ],
          [
            115.36546676600005,
            29.98267797500006
          ],
          [
            115.37010536200012,
            29.97592918400005
          ],
          [
            115.37570762600001,
            29.968970089000038
          ],
          [
            115.38210823100007,
            29.962577362000047
          ],
          [
            115.38845245400012,
            29.957070389000023
          ],
          [
            115.39381218000005,
            29.95210769700003
          ],
          [
            115.39726417500003,
            29.947130623000078
          ],
          [
            115.39866455100002,
            29.941661777000036
          ],
          [
            115.39856460600004,
            29.935738487000037
          ],
          [
            115.39794250500006,
            29.929811916000062
          ],
          [
            115.39768585200011,
            29.92435216900003
          ],
          [
            115.39840103100005,
            29.919593124000073
          ],
          [
            115.40073471100004,
            29.915333176000047
          ],
          [
            115.40493408200007,
            29.911167755000065
          ],
          [
            115.41071510300003,
            29.906723518000035
          ],
          [
            115.41680336000002,
            29.90170730600005
          ],
          [
            115.42195549000007,
            29.895949078000058
          ],
          [
            115.42579605100002,
            29.889242973000023
          ],
          [
            115.42875885000001,
            29.882224541000028
          ],
          [
            115.43138572700002,
            29.875675201000035
          ],
          [
            115.43413765000003,
            29.87015031800007
          ],
          [
            115.43758476300002,
            29.86517889000004
          ],
          [
            115.44220138600008,
            29.86018064500007
          ],
          [
            115.44849403400008,
            29.854691734000028
          ],
          [
            115.45618011500005,
            29.84949216800004
          ],
          [
            115.46549514800006,
            29.84507436800004
          ],
          [
            115.47650505100012,
            29.841922588000045
          ],
          [
            115.4897981260001,
            29.839810181000075
          ],
          [
            115.50563018800005,
            29.83843454400005
          ],
          [
            115.52362403900008,
            29.83744785300007
          ],
          [
            115.54288871800009,
            29.836771545000033
          ],
          [
            115.56194725000012,
            29.836291294000034
          ],
          [
            115.58010246300012,
            29.836051559000055
          ],
          [
            115.59669059800001,
            29.83611557000006
          ],
          [
            115.61156105000009,
            29.83660869600004
          ],
          [
            115.62466316200005,
            29.83777225500006
          ],
          [
            115.63655159000007,
            29.839652252000064
          ],
          [
            115.64785858200003,
            29.842117424000037
          ],
          [
            115.65895172100011,
            29.844276638000053
          ],
          [
            115.66981926000005,
            29.84520305600006
          ],
          [
            115.6804023740001,
            29.844121399000073
          ],
          [
            115.69053054800008,
            29.840296249000062
          ],
          [
            115.70049690200005,
            29.833633347000045
          ],
          [
            115.7106183620001,
            29.82445493700004
          ],
          [
            115.72144805900007,
            29.814083118000042
          ],
          [
            115.73401771500005,
            29.803400345000057
          ],
          [
            115.74970512400012,
            29.792571430000066
          ],
          [
            115.76935478200005,
            29.781402245000038
          ],
          [
            115.79164093000009,
            29.770053768000025
          ],
          [
            115.81507446300009,
            29.75895633700003
          ],
          [
            115.83785347000003,
            29.748603668000044
          ],
          [
            115.85921791100009,
            29.73936536800005
          ],
          [
            115.87791290300004,
            29.731820583000058
          ],
          [
            115.89415649400007,
            29.72607084300006
          ],
          [
            115.90857894900012,
            29.722167282000044
          ],
          [
            115.92245132400001,
            29.720055675000026
          ],
          [
            115.93637901300008,
            29.719992924000053
          ],
          [
            115.95016120900004,
            29.722052441000073
          ],
          [
            115.96354766800005,
            29.725824833000047
          ],
          [
            115.97630989100003,
            29.730596390000073
          ],
          [
            115.98831893900001,
            29.73554222100006
          ],
          [
            115.99994560200003,
            29.740317478000065
          ],
          [
            116.01164863600002,
            29.74475433300006
          ],
          [
            116.02351142900011,
            29.74877655000006
          ],
          [
            116.03500038100003,
            29.752234440000052
          ],
          [
            116.04547737100006,
            29.755114994000053
          ],
          [
            116.055178909,
            29.757541332000073
          ],
          [
            116.06456520100005,
            29.75951738400005
          ],
          [
            116.07412376400009,
            29.760890732000064
          ],
          [
            116.08418548600002,
            29.761417065000046
          ],
          [
            116.0947958370001,
            29.760976734000053
          ],
          [
            116.10614883400001,
            29.759711647000074
          ],
          [
            116.11797637900008,
            29.757993450000072
          ],
          [
            116.13024551400008,
            29.756259460000024
          ],
          [
            116.14300430300011,
            29.754879704000075
          ],
          [
            116.15598205600008,
            29.754079800000056
          ],
          [
            116.16877258300008,
            29.75391071300004
          ],
          [
            116.18050827000002,
            29.75410905800004
          ],
          [
            116.19063377400005,
            29.754391346000034
          ],
          [
            116.19859970100003,
            29.754499683000063
          ],
          [
            116.20516014100008,
            29.754520988000024
          ],
          [
            116.21130287200003,
            29.754925022000066
          ],
          [
            116.2189231110001,
            29.756567993000033
          ],
          [
            116.22787971500009,
            29.76008211100003
          ],
          [
            116.23875244100009,
            29.765580044000046
          ],
          [
            116.25027267500002,
            29.772027740000055
          ],
          [
            116.26237655600005,
            29.77854059200007
          ],
          [
            116.27428085300005,
            29.784459972000036
          ],
          [
            116.28581115700001,
            29.789976101000036
          ],
          [
            116.29644729600011,
            29.79546232200005
          ],
          [
            116.3061587520001,
            29.801290264000045
          ],
          [
            116.31456687900004,
            29.807204323000065
          ],
          [
            116.3220982360001,
            29.81322162600003
          ],
          [
            116.32936523400008,
            29.819425240000044
          ],
          [
            116.33719276400006,
            29.82603696800004
          ],
          [
            116.34580505400004,
            29.83260517100007
          ],
          [
            116.35496818500008,
            29.838560581000024
          ],
          [
            116.36458885200011,
            29.84367809300005
          ],
          [
            116.37423721300001,
            29.84811000800005
          ],
          [
            116.38394760100005,
            29.852151203000062
          ],
          [
            116.3940950010001,
            29.856001968000044
          ],
          [
            116.4050093840001,
            29.859661980000055
          ],
          [
            116.41688743600002,
            29.863091888000042
          ],
          [
            116.42898773200011,
            29.866206455000054
          ],
          [
            116.44091659500009,
            29.86915338500006
          ],
          [
            116.45236167900009,
            29.87215675400006
          ],
          [
            116.463677673,
            29.87530509900006
          ],
          [
            116.47458442700008,
            29.878282299000034
          ],
          [
            116.48517181400007,
            29.880926971000065
          ],
          [
            116.4950677490001,
            29.88322418200005
          ],
          [
            116.50456306500007,
            29.885439835000057
          ],
          [
            116.51324905400008,
            29.887910042000044
          ],
          [
            116.52127502400003,
            29.890799713000035
          ],
          [
            116.52869026200005,
            29.894373570000027
          ],
          [
            116.53526580800008,
            29.898500042000023
          ],
          [
            116.54087829600007,
            29.90320421200005
          ],
          [
            116.54540321400009,
            29.90856605500005
          ],
          [
            116.54916130100003,
            29.914935684000056
          ],
          [
            116.55252471900008,
            29.922563705000073
          ],
          [
            116.55590255700008,
            29.93101572000006
          ],
          [
            116.55969314600009,
            29.93939033500004
          ],
          [
            116.56456481900011,
            29.946861820000038
          ],
          [
            116.57124427800011,
            29.953072700000064
          ],
          [
            116.58041931200012,
            29.958373566000034
          ],
          [
            116.59170631400002,
            29.963196888000027
          ],
          [
            116.60388305700008,
            29.968007202000024
          ],
          [
            116.6152714540001,
            29.972877769000036
          ],
          [
            116.62526817300011,
            29.978131828000073
          ],
          [
            116.63409362800007,
            29.984187508000048
          ],
          [
            116.64190643300003,
            29.991369305000035
          ],
          [
            116.64848411600008,
            29.99922365200007
          ],
          [
            116.65385879500002,
            30.006952934000026
          ],
          [
            116.65889236400005,
            30.013991890000057
          ],
          [
            116.66493644700006,
            30.020420513000033
          ],
          [
            116.67263717600008,
            30.02637605700005
          ],
          [
            116.68197067300002,
            30.031752167000036
          ],
          [
            116.69242965700005,
            30.036483936000025
          ],
          [
            116.7036833950001,
            30.040709476000075
          ],
          [
            116.71527320900009,
            30.04479581800007
          ],
          [
            116.72642913800007,
            30.049053421000053
          ],
          [
            116.73636734000002,
            30.05346588100008
          ],
          [
            116.74504562400011,
            30.057917366000027
          ],
          [
            116.75261695900008,
            30.061851540000077
          ],
          [
            116.7595204160001,
            30.06532741500007
          ],
          [
            116.76569541900005,
            30.068698711000025
          ],
          [
            116.77126457200006,
            30.07270053900004
          ],
          [
            116.77641899100001,
            30.07781267200005
          ],
          [
            116.78185760500003,
            30.084013824000067
          ],
          [
            116.78797233600005,
            30.090708866000057
          ],
          [
            116.7950446320001,
            30.09719244000007
          ],
          [
            116.80302375800011,
            30.103284435000035
          ],
          [
            116.81202056900008,
            30.109179707000067
          ],
          [
            116.8217892460001,
            30.115083809000055
          ],
          [
            116.83164810200003,
            30.121084290000056
          ],
          [
            116.84060844400005,
            30.12712743800006
          ],
          [
            116.84821640000007,
            30.133450241000048
          ],
          [
            116.85430191000012,
            30.140285015000075
          ],
          [
            116.85913894700002,
            30.147840080000037
          ],
          [
            116.86304573100006,
            30.155835419000027
          ],
          [
            116.86654907200011,
            30.163730221000037
          ],
          [
            116.87039070100002,
            30.171247940000057
          ],
          [
            116.8751039120001,
            30.178454285000043
          ],
          [
            116.8806118010001,
            30.185701237000046
          ],
          [
            116.88627250700006,
            30.19333217600007
          ],
          [
            116.89135391200011,
            30.201573410000037
          ],
          [
            116.8956848140001,
            30.210336151000035
          ],
          [
            116.90023429900009,
            30.219900494000058
          ],
          [
            116.90599212600011,
            30.230303268000057
          ],
          [
            116.91358161900007,
            30.24192014700003
          ],
          [
            116.92146339400006,
            30.253641376000076
          ],
          [
            116.92841270400004,
            30.26511842700006
          ],
          [
            116.93299530000002,
            30.275512314000025
          ],
          [
            116.93513824500008,
            30.284492569000065
          ],
          [
            116.93510330200002,
            30.291869164000047
          ],
          [
            116.9332447810001,
            30.29818061800006
          ],
          [
            116.92965904200003,
            30.304546909000067
          ],
          [
            116.92482078600005,
            30.312426682000023
          ],
          [
            116.91997917200001,
            30.323099365000076
          ],
          [
            116.91727256800004,
            30.339146671000037
          ],
          [
            116.9174216460001,
            30.360113411000043
          ],
          [
            116.92019012500009,
            30.38433759700007
          ],
          [
            116.92357284500008,
            30.404418278000037
          ],
          [
            116.92809585600003,
            30.41928831100006
          ],
          [
            116.93447105400003,
            30.429524918000027
          ],
          [
            116.94347244300002,
            30.438396454000042
          ],
          [
            116.95403259300008,
            30.447009544000025
          ],
          [
            116.96504158000005,
            30.455707302000064
          ],
          [
            116.97578582800008,
            30.464216728000054
          ],
          [
            116.98588676500003,
            30.472219944000074
          ],
          [
            116.9954113010001,
            30.479262714000072
          ],
          [
            117.00492202800001,
            30.484855804000063
          ],
          [
            117.01554504400008,
            30.48883377100003
          ],
          [
            117.02807762100008,
            30.49124055900006
          ],
          [
            117.04213821400003,
            30.49248155600003
          ],
          [
            117.05678283700001,
            30.492871990000026
          ],
          [
            117.07133682200003,
            30.49263528800003
          ],
          [
            117.0856042480001,
            30.491702042000043
          ],
          [
            117.09929725600011,
            30.489961548000053
          ],
          [
            117.11179184000002,
            30.487556725000047
          ],
          [
            117.12237350500004,
            30.484849987000075
          ],
          [
            117.13129791300003,
            30.48215679200007
          ],
          [
            117.1394275670001,
            30.479599934000078
          ],
          [
            117.14810936000003,
            30.476964817000066
          ],
          [
            117.1576496890001,
            30.474236279000024
          ],
          [
            117.16750518800006,
            30.47151228000007
          ],
          [
            117.17663375900008,
            30.469237461000034
          ],
          [
            117.1849910740001,
            30.467957478000073
          ],
          [
            117.19281181300005,
            30.468205814000044
          ],
          [
            117.20029159500007,
            30.470186958000056
          ],
          [
            117.20692535400008,
            30.47380830800006
          ],
          [
            117.212737274,
            30.47886552800003
          ],
          [
            117.21781692500008,
            30.485063705000073
          ],
          [
            117.2230023190001,
            30.493111286000044
          ],
          [
            117.22834991500008,
            30.503048573000058
          ],
          [
            117.2338310240001,
            30.514864922000072
          ],
          [
            117.23814262400003,
            30.525917797000034
          ],
          [
            117.24131446800004,
            30.53517408400006
          ],
          [
            117.24364654500005,
            30.542201672000033
          ],
          [
            117.2459860990001,
            30.54826538100008
          ],
          [
            117.24837265000008,
            30.55411293000003
          ],
          [
            117.25053764300003,
            30.559988022000027
          ],
          [
            117.25200134300007,
            30.565550232000078
          ],
          [
            117.2526867680001,
            30.570702839000035
          ],
          [
            117.25265701300009,
            30.575549908000028
          ],
          [
            117.25198761000001,
            30.580476799000053
          ],
          [
            117.2506495670001,
            30.585815868000054
          ],
          [
            117.24824455300006,
            30.591998749000027
          ],
          [
            117.24481880200005,
            30.599310608000053
          ],
          [
            117.24085205100005,
            30.607356739000068
          ],
          [
            117.2377749630001,
            30.615521793000028
          ],
          [
            117.23676963800006,
            30.62332126600006
          ],
          [
            117.23836090100008,
            30.63048351300006
          ],
          [
            117.24200630200005,
            30.636721935000025
          ],
          [
            117.24666023300006,
            30.64165050500003
          ],
          [
            117.25169036900002,
            30.64530500400008
          ],
          [
            117.25691963200006,
            30.647796612000036
          ],
          [
            117.26261306800006,
            30.649428768000064
          ],
          [
            117.26890014600008,
            30.650331650000055
          ],
          [
            117.27583457900005,
            30.650827045000028
          ],
          [
            117.2829563900001,
            30.651322994000054
          ],
          [
            117.28998870800001,
            30.652322044000073
          ],
          [
            117.29670982400012,
            30.65424539600008
          ],
          [
            117.30291976900003,
            30.657456684000067
          ],
          [
            117.30841568000005,
            30.661891499000035
          ],
          [
            117.31310691800002,
            30.667245007000076
          ],
          [
            117.31739181500006,
            30.67259080900004
          ],
          [
            117.32189239500008,
            30.677281590000064
          ],
          [
            117.3274701690001,
            30.680886745000066
          ],
          [
            117.33477195700004,
            30.683504639000034
          ],
          [
            117.34385620100011,
            30.685335293000037
          ],
          [
            117.35415687600005,
            30.686562481000067
          ],
          [
            117.3650189970001,
            30.68716558500006
          ],
          [
            117.37591903700002,
            30.687162685000033
          ],
          [
            117.38668861400004,
            30.686520691000055
          ],
          [
            117.39712356600012,
            30.685301571000025
          ],
          [
            117.40674911500003,
            30.683669243000054
          ],
          [
            117.41517868000005,
            30.68186340300008
          ],
          [
            117.42257186900008,
            30.680116272000078
          ],
          [
            117.42975814800002,
            30.678595123000036
          ],
          [
            117.43751007100002,
            30.67744327500003
          ],
          [
            117.44613075300003,
            30.67692428600003
          ],
          [
            117.45485000600002,
            30.677286491000075
          ],
          [
            117.46287490800012,
            30.678645859000028
          ],
          [
            117.4695395660001,
            30.68104711500007
          ],
          [
            117.47495613100011,
            30.684517612000036
          ],
          [
            117.47942810100005,
            30.688926964000075
          ],
          [
            117.48333450300004,
            30.693900471000063
          ],
          [
            117.48681587200008,
            30.699045887000068
          ],
          [
            117.48988967900004,
            30.704063244000054
          ],
          [
            117.4926058960001,
            30.70884605400005
          ],
          [
            117.49515205400007,
            30.71338546800007
          ],
          [
            117.49779411300005,
            30.717748699000026
          ],
          [
            117.50108001700005,
            30.72203556100004
          ],
          [
            117.5053664400001,
            30.726139336000074
          ],
          [
            117.5110787960001,
            30.729967728000076
          ],
          [
            117.5179391480001,
            30.73340562800007
          ],
          [
            117.52553390500009,
            30.73653793300008
          ],
          [
            117.53280059800011,
            30.739288445000057
          ],
          [
            117.53931983900009,
            30.741655312000034
          ],
          [
            117.54533218400002,
            30.743796082000074
          ],
          [
            117.55189605700002,
            30.74602912900008
          ],
          [
            117.56037696800001,
            30.748768978000044
          ],
          [
            117.57120231600004,
            30.751983261000078
          ],
          [
            117.58381744400003,
            30.75553251300005
          ],
          [
            117.59654571500005,
            30.759009438000078
          ],
          [
            117.60826072700002,
            30.762186985000028
          ],
          [
            117.61856063800008,
            30.76492567100007
          ],
          [
            117.62748977700005,
            30.767210636000073
          ],
          [
            117.63603736900006,
            30.76926582300007
          ],
          [
            117.64503418000004,
            30.77142168000006
          ],
          [
            117.65553215000011,
            30.77406076400007
          ],
          [
            117.66704002400002,
            30.777132893000044
          ],
          [
            117.67875526400007,
            30.780352879000077
          ],
          [
            117.68940490700004,
            30.783350658000074
          ],
          [
            117.69881050100003,
            30.78605499300005
          ],
          [
            117.70707489000006,
            30.78859836600003
          ],
          [
            117.71434326200006,
            30.79120632200005
          ],
          [
            117.72076011700005,
            30.794113636000077
          ],
          [
            117.72628593400009,
            30.79743154500005
          ],
          [
            117.73104728700002,
            30.80112041500007
          ],
          [
            117.73509658800003,
            30.805405922000034
          ],
          [
            117.73822853100012,
            30.810574493000047
          ],
          [
            117.74012413000003,
            30.817032452000035
          ],
          [
            117.74036933900004,
            30.824773655000058
          ],
          [
            117.73920082100005,
            30.833799171000067
          ],
          [
            117.73753418000001,
            30.844787121000024
          ],
          [
            117.7367921450001,
            30.857991295000033
          ],
          [
            117.73783744800005,
            30.873573856000064
          ],
          [
            117.74091415400005,
            30.888882313000067
          ],
          [
            117.74538826000003,
            30.902640934000033
          ],
          [
            117.75099456800001,
            30.914418888000057
          ],
          [
            117.75709175100008,
            30.925193405000073
          ],
          [
            117.76320060700004,
            30.935914764000074
          ],
          [
            117.7678361510001,
            30.945962639000072
          ],
          [
            117.77070831300011,
            30.95521371800004
          ],
          [
            117.77205276500001,
            30.963694458000077
          ],
          [
            117.77259885600006,
            30.97205666900004
          ],
          [
            117.77264322400003,
            30.98066023000007
          ],
          [
            117.77193683100006,
            30.98982082200007
          ],
          [
            117.77043005500002,
            30.999157412000045
          ],
          [
            117.76827252800001,
            31.008045991000074
          ],
          [
            117.76649167500011,
            31.01476682200007
          ],
          [
            117.76539381000009,
            31.019212482000057
          ],
          [
            117.76502048800012,
            31.021771079000075
          ],
          [
            117.76492965700004,
            31.02342234400004
          ],
          [
            117.76488257900007,
            31.02479217100006
          ],
          [
            117.76479017700001,
            31.02614906100007
          ],
          [
            117.76462788000003,
            31.02762223800005
          ],
          [
            117.76443950500004,
            31.029208594000067
          ],
          [
            117.7642172940001,
            31.03092403200003
          ],
          [
            117.76398280400008,
            31.032741938000072
          ],
          [
            117.7636523540001,
            31.034744010000054
          ],
          [
            117.76310427400006,
            31.037066972000048
          ],
          [
            117.76232920900009,
            31.03966679100006
          ],
          [
            117.76142703400001,
            31.04248590000003
          ],
          [
            117.7606347200001,
            31.04516316200005
          ],
          [
            117.76007136900012,
            31.047609330000057
          ],
          [
            117.7596969650001,
            31.049826341000028
          ],
          [
            117.759415106,
            31.051941631000034
          ],
          [
            117.75912433600001,
            31.054043387000036
          ],
          [
            117.75881617200002,
            31.05612739600008
          ],
          [
            117.75844692200008,
            31.058326796000074
          ],
          [
            117.75803894100011,
            31.060687383000072
          ],
          [
            117.75763681400008,
            31.06325288900007
          ],
          [
            117.75732438600005,
            31.065904980000028
          ],
          [
            117.75715224600003,
            31.06848174000004
          ],
          [
            117.75712290700005,
            31.070875413000067
          ],
          [
            117.75722940800006,
            31.07310181200006
          ],
          [
            117.7574490180001,
            31.075165326000047
          ],
          [
            117.75771923100001,
            31.077043781000043
          ],
          [
            117.7580226340001,
            31.078728736000073
          ],
          [
            117.75839625600008,
            31.08037175000004
          ],
          [
            117.75888953900005,
            31.08218705300004
          ],
          [
            117.75954293100006,
            31.084393956000042
          ],
          [
            117.76031260100001,
            31.08693397500008
          ],
          [
            117.7611035430001,
            31.08953163800004
          ],
          [
            117.76180831500005,
            31.091846032000035
          ],
          [
            117.76242902100012,
            31.093870692000053
          ],
          [
            117.76298328000007,
            31.09562517100005
          ],
          [
            117.76353167200011,
            31.097211087000062
          ],
          [
            117.7641160070001,
            31.098657124000056
          ],
          [
            117.76484242800007,
            31.100221172000033
          ],
          [
            117.76574038600006,
            31.102000401000055
          ],
          [
            117.7668262200001,
            31.104089053000052
          ],
          [
            117.76805597700002,
            31.106297195000025
          ],
          [
            117.76940309800011,
            31.10846369400008
          ],
          [
            117.7708780370001,
            31.110487173000024
          ],
          [
            117.77245581000011,
            31.11232583700007
          ],
          [
            117.77405829300005,
            31.114004618000024
          ],
          [
            117.77561708000007,
            31.11554318000003
          ],
          [
            117.77711544200008,
            31.11699623000004
          ],
          [
            117.77860521600007,
            31.11844923600006
          ],
          [
            117.7801350950001,
            31.11994085400005
          ],
          [
            117.78172390300006,
            31.121460394000053
          ],
          [
            117.78331810500003,
            31.12294079000003
          ],
          [
            117.78494984100007,
            31.12442727800004
          ],
          [
            117.78660016200001,
            31.125942302000055
          ],
          [
            117.78828513100007,
            31.127514657000063
          ],
          [
            117.7899624580001,
            31.129042119000076
          ],
          [
            117.79158750900001,
            31.13040245700006
          ],
          [
            117.79321186600009,
            31.131632796000076
          ],
          [
            117.79485909100003,
            31.13271538200007
          ],
          [
            117.79652716400005,
            31.133716573000072
          ],
          [
            117.79813632600008,
            31.13459216900003
          ],
          [
            117.79964774000007,
            31.135370183000077
          ],
          [
            117.80118825600005,
            31.13610623900007
          ],
          [
            117.8028318910001,
            31.13682800500004
          ],
          [
            117.80459869200001,
            31.13753030500004
          ],
          [
            117.80641765400003,
            31.13818449000007
          ],
          [
            117.80816945600009,
            31.138733626000032
          ],
          [
            117.80983843500007,
            31.13917635400003
          ],
          [
            117.81150168300007,
            31.139534250000054
          ],
          [
            117.81325324600004,
            31.139824316000045
          ],
          [
            117.81515128400008,
            31.140037128000074
          ],
          [
            117.81708070800005,
            31.140152237000052
          ],
          [
            117.81893837300004,
            31.14015190300006
          ],
          [
            117.82068775000005,
            31.140054332000034
          ],
          [
            117.8224252870001,
            31.13988731300003
          ],
          [
            117.82425833700006,
            31.139673635000065
          ],
          [
            117.82621734800011,
            31.139450413000077
          ],
          [
            117.8281788380001,
            31.139256785000043
          ],
          [
            117.83003378300009,
            31.13912037700004
          ],
          [
            117.83181710200006,
            31.139037044000077
          ],
          [
            117.83360071000004,
            31.138928771000053
          ],
          [
            117.83545962700009,
            31.138755565000054
          ],
          [
            117.83736601800001,
            31.138519168000073
          ],
          [
            117.83921493200012,
            31.13825382500005
          ],
          [
            117.84099977100004,
            31.137973164000073
          ],
          [
            117.84264088900011,
            31.137643678000074
          ],
          [
            117.84422351400008,
            31.13721375800003
          ],
          [
            117.84568272600006,
            31.136640063000073
          ],
          [
            117.84720221000009,
            31.13585616900008
          ],
          [
            117.84886375700012,
            31.13487221500003
          ],
          [
            117.85085210900002,
            31.133801163000044
          ],
          [
            117.85305632000006,
            31.132811854000067
          ],
          [
            117.85533132500007,
            31.13203874100003
          ],
          [
            117.85735704400008,
            31.131466253000042
          ],
          [
            117.85917268300011,
            31.13100840900006
          ],
          [
            117.8609141170001,
            31.130558867000047
          ],
          [
            117.86270681500002,
            31.130085913000073
          ],
          [
            117.86457368600009,
            31.12958617000004
          ],
          [
            117.86646549600005,
            31.129078881000055
          ],
          [
            117.86844175300007,
            31.128546710000023
          ],
          [
            117.87046568400001,
            31.127991017000056
          ],
          [
            117.87252095800011,
            31.127378908000026
          ],
          [
            117.87436468900012,
            31.126712087000044
          ],
          [
            117.87593568900002,
            31.12586485500003
          ],
          [
            117.87704550700005,
            31.12475459600006
          ],
          [
            117.87771720600006,
            31.123171398000068
          ],
          [
            117.87790194100012,
            31.121094699000025
          ],
          [
            117.87774015800005,
            31.118490062000035
          ],
          [
            117.87744069300004,
            31.11564203100005
          ],
          [
            117.87726111600011,
            31.11285693800005
          ],
          [
            117.87734056400006,
            31.110504226000046
          ],
          [
            117.87769868600003,
            31.108653317000062
          ],
          [
            117.87831850600003,
            31.107210052000028
          ],
          [
            117.87912612800005,
            31.10600904300003
          ],
          [
            117.88008878900007,
            31.10496487200004
          ],
          [
            117.88107955100008,
            31.104038709000065
          ],
          [
            117.88208937200011,
            31.103125489000035
          ],
          [
            117.88301039100008,
            31.102162372000066
          ],
          [
            117.88387517500007,
            31.100944299000048
          ],
          [
            117.8846337010001,
            31.099341301000038
          ],
          [
            117.88527034300012,
            31.097282457000063
          ],
          [
            117.88580331900005,
            31.094828705000054
          ],
          [
            117.8862736320001,
            31.092231001000073
          ],
          [
            117.8867496800001,
            31.08972155600003
          ],
          [
            117.88724214700005,
            31.087493408000057
          ],
          [
            117.887784108,
            31.085515435000048
          ],
          [
            117.8883537270001,
            31.08380076000003
          ],
          [
            117.8889690530001,
            31.08235561600003
          ],
          [
            117.88959181200005,
            31.08114991900004
          ],
          [
            117.89025716000003,
            31.08006628800007
          ],
          [
            117.89095048700005,
            31.07897145800007
          ],
          [
            117.8918325190001,
            31.07774854200005
          ],
          [
            117.89294802400002,
            31.076484250000078
          ],
          [
            117.89434788100004,
            31.075433218000057
          ],
          [
            117.89583885500008,
            31.074808328000074
          ],
          [
            117.89740149600004,
            31.07459645700004
          ],
          [
            117.89903506000007,
            31.07464677300004
          ],
          [
            117.90080502800004,
            31.074815254000043
          ],
          [
            117.90265636600009,
            31.074995853000075
          ],
          [
            117.90445610600011,
            31.07512950100005
          ],
          [
            117.90613195300011,
            31.07516754900007
          ],
          [
            117.90761920800003,
            31.075095882000028
          ],
          [
            117.909017059,
            31.07490768400004
          ],
          [
            117.91038877000005,
            31.074635100000023
          ],
          [
            117.91189462700004,
            31.07428638300007
          ],
          [
            117.9135338210001,
            31.073892018000038
          ],
          [
            117.9153354660001,
            31.073455796000076
          ],
          [
            117.91725577000011,
            31.072990941000057
          ],
          [
            117.91919570900006,
            31.072521364000067
          ],
          [
            117.9210650760001,
            31.072068883000043
          ],
          [
            117.92275089600003,
            31.07166083900006
          ],
          [
            117.92433186000005,
            31.07127822800004
          ],
          [
            117.92588619100002,
            31.070902079000064
          ],
          [
            117.92748434500004,
            31.070518032000052
          ],
          [
            117.92919466700005,
            31.070117466000056
          ],
          [
            117.9309119610001,
            31.069750224000074
          ],
          [
            117.93264986100007,
            31.069440061000023
          ],
          [
            117.93428013100004,
            31.069250602000068
          ],
          [
            117.93582585400009,
            31.069165333000058
          ],
          [
            117.93731751300004,
            31.069163184000047
          ],
          [
            117.93876976800004,
            31.069199837000042
          ],
          [
            117.94018327600008,
            31.069285826000055
          ],
          [
            117.94151935500008,
            31.069473561000052
          ],
          [
            117.94282226300004,
            31.069787321000035
          ],
          [
            117.94417540800009,
            31.070230971000058
          ],
          [
            117.94553780900003,
            31.07072012900005
          ],
          [
            117.94694211500007,
            31.071281794000072
          ],
          [
            117.9484054400001,
            31.07191639100006
          ],
          [
            117.95013220100009,
            31.072637120000024
          ],
          [
            117.95259113300006,
            31.07335696000007
          ],
          [
            117.95637592300011,
            31.074286588000064
          ],
          [
            117.96192192600006,
            31.075787667000043
          ],
          [
            117.96875314200008,
            31.078394596000066
          ],
          [
            117.97578850500008,
            31.08199297500005
          ],
          [
            117.98209785400002,
            31.08626534600006
          ],
          [
            117.98742469800004,
            31.090767593000066
          ],
          [
            117.99178550700003,
            31.095201702000054
          ],
          [
            117.99541099600003,
            31.099471722000033
          ],
          [
            117.99832199100001,
            31.103599968000026
          ],
          [
            118.00050140400003,
            31.10756439200003
          ],
          [
            118.00202133200003,
            31.111701965000066
          ],
          [
            118.00302993800005,
            31.116233254000065
          ],
          [
            118.00364616400009,
            31.121354065000048
          ],
          [
            118.00392585800012,
            31.12670810700007
          ],
          [
            118.00392425500002,
            31.131970959000057
          ],
          [
            118.00376647900009,
            31.136901398000077
          ],
          [
            118.00358963000008,
            31.141653614000063
          ],
          [
            118.00349205000009,
            31.146287060000077
          ],
          [
            118.00367981000011,
            31.15105726200005
          ],
          [
            118.00450904800005,
            31.15611061100003
          ],
          [
            118.00648971600003,
            31.161332626000046
          ],
          [
            118.01018417400007,
            31.166365128000052
          ],
          [
            118.01578842200001,
            31.170749416000035
          ],
          [
            118.02317741400009,
            31.174525490000065
          ],
          [
            118.03166343700002,
            31.177825546000065
          ],
          [
            118.04030914300006,
            31.181114063000052
          ],
          [
            118.04807724000011,
            31.184551334000048
          ],
          [
            118.0545507810001,
            31.18829996100004
          ],
          [
            118.05992210400007,
            31.192276993000064
          ],
          [
            118.06480751000004,
            31.196413345000053
          ],
          [
            118.06983497600004,
            31.200536518000035
          ],
          [
            118.07523979200005,
            31.204443359000038
          ],
          [
            118.08097396900007,
            31.20791526800008
          ],
          [
            118.08682907100001,
            31.210914268000067
          ],
          [
            118.09273399400001,
            31.21346296300004
          ],
          [
            118.09862541200005,
            31.215702744000055
          ],
          [
            118.10446884200007,
            31.217707977000032
          ],
          [
            118.11032867400002,
            31.219701061000023
          ],
          [
            118.1167976380001,
            31.222245007000026
          ],
          [
            118.12434875500003,
            31.22593330400008
          ],
          [
            118.13315284700002,
            31.231104660000028
          ],
          [
            118.14218727100001,
            31.23721460300004
          ],
          [
            118.1509647370001,
            31.243642521000027
          ],
          [
            118.1590068050001,
            31.24963235900003
          ],
          [
            118.1665134430001,
            31.254860630000053
          ],
          [
            118.17346206700006,
            31.259217854000042
          ],
          [
            118.17978714000003,
            31.262721844000055
          ],
          [
            118.18555534400002,
            31.265471554000044
          ],
          [
            118.19124191300011,
            31.26775165600003
          ],
          [
            118.19772987400006,
            31.269872036000038
          ],
          [
            118.20555305500011,
            31.27187955900007
          ],
          [
            118.21465911900009,
            31.27338392300004
          ],
          [
            118.22447967500011,
            31.27398187600005
          ],
          [
            118.23408073400003,
            31.273525429000074
          ],
          [
            118.242906876,
            31.272318687000052
          ],
          [
            118.250829468,
            31.270917015000066
          ],
          [
            118.25821319600004,
            31.26996950100005
          ],
          [
            118.26537452700006,
            31.269906864000063
          ],
          [
            118.27274887100009,
            31.27093206400008
          ],
          [
            118.28023773200005,
            31.272770939000054
          ],
          [
            118.28749900800005,
            31.275002766000057
          ],
          [
            118.29453483600003,
            31.277384701000074
          ],
          [
            118.30178298900012,
            31.280172024000024
          ],
          [
            118.31102615400005,
            31.284574947000067
          ],
          [
            118.32235824600002,
            31.290888519000077
          ],
          [
            118.33515380900008,
            31.298924637000027
          ],
          [
            118.344940414,
            31.306003075000035
          ],
          [
            118.35107498200011,
            31.311471710000035
          ],
          [
            118.35359069800006,
            31.31503439000005
          ],
          [
            118.35433395400003,
            31.317817154000068
          ],
          [
            118.35405227700005,
            31.320464687000026
          ],
          [
            118.35330528300005,
            31.323592682000026
          ],
          [
            118.3523229220001,
            31.32738451000006
          ],
          [
            118.35147735600003,
            31.33179033300007
          ],
          [
            118.35081314100012,
            31.33652055700003
          ],
          [
            118.35036872900002,
            31.341404495000063
          ],
          [
            118.34999717700009,
            31.34618789700005
          ],
          [
            118.3495693970001,
            31.350787582000066
          ],
          [
            118.34900589000006,
            31.35486251800006
          ],
          [
            118.34837852500004,
            31.35847225200007
          ],
          [
            118.34781761200009,
            31.361647358000027
          ],
          [
            118.34737144500002,
            31.364731998000025
          ],
          [
            118.34701416000007,
            31.367956066000033
          ],
          [
            118.3466837310001,
            31.371719532000043
          ],
          [
            118.34639862100005,
            31.376177769000037
          ],
          [
            118.34622970600003,
            31.38149107000004
          ],
          [
            118.3463825230001,
            31.387166023000077
          ],
          [
            118.34702446000006,
            31.39294115100006
          ],
          [
            118.34814254800006,
            31.398558140000034
          ],
          [
            118.34954391500003,
            31.404020367000044
          ],
          [
            118.35074829100006,
            31.408906956000067
          ],
          [
            118.35139709500004,
            31.41323278400006
          ],
          [
            118.35118003800005,
            31.417329540000026
          ],
          [
            118.35009582500004,
            31.421787815000073
          ],
          [
            118.34818733200007,
            31.426784878000035
          ],
          [
            118.34590957600005,
            31.43191152600008
          ],
          [
            118.34361770600003,
            31.43673872000005
          ],
          [
            118.34179176300006,
            31.441369400000042
          ],
          [
            118.3409123990001,
            31.446114788000045
          ],
          [
            118.34138092,
            31.451368389000038
          ],
          [
            118.34325416600007,
            31.456984215000034
          ],
          [
            118.34621307400005,
            31.462751713000046
          ],
          [
            118.34963577300005,
            31.468290730000035
          ],
          [
            118.35306259200001,
            31.473589249000042
          ],
          [
            118.35611564600003,
            31.47857126200006
          ],
          [
            118.35859367400008,
            31.483171406000054
          ],
          [
            118.36051490800003,
            31.487492256000053
          ],
          [
            118.36204917900011,
            31.49177148800004
          ],
          [
            118.3635588840001,
            31.49603544200005
          ],
          [
            118.36539520300005,
            31.500230465000072
          ],
          [
            118.36811058,
            31.504219418000048
          ],
          [
            118.37193321200004,
            31.508082237000053
          ],
          [
            118.3768675230001,
            31.51191030500007
          ],
          [
            118.38256469700002,
            31.515626526000062
          ],
          [
            118.38850174000004,
            31.519276142000024
          ],
          [
            118.39431236300004,
            31.522895031000076
          ],
          [
            118.3994173430001,
            31.52649087900005
          ],
          [
            118.40372322100006,
            31.529956436000077
          ],
          [
            118.4072549440001,
            31.53319040300005
          ],
          [
            118.41067993200011,
            31.536301422000065
          ],
          [
            118.414415512,
            31.539467392000063
          ],
          [
            118.41893249500004,
            31.542852821000054
          ],
          [
            118.42404075600007,
            31.54632612200004
          ],
          [
            118.42957466100006,
            31.549701920000075
          ],
          [
            118.43500885000003,
            31.55277168300006
          ],
          [
            118.4400060270001,
            31.555577240000048
          ],
          [
            118.4444775390001,
            31.55828390100004
          ],
          [
            118.44857025100009,
            31.56111377700006
          ],
          [
            118.45239318800009,
            31.564290199000027
          ],
          [
            118.45570541400002,
            31.567611885000076
          ],
          [
            118.45834343000001,
            31.570987511000055
          ],
          [
            118.46036895800012,
            31.574271278000026
          ],
          [
            118.46197067300011,
            31.577714119000063
          ],
          [
            118.46321884200006,
            31.581682529000034
          ],
          [
            118.46416511500001,
            31.58654567700006
          ],
          [
            118.46497497600001,
            31.59244731900003
          ],
          [
            118.46574111900009,
            31.599112568000066
          ],
          [
            118.46631431600008,
            31.60618192700008
          ],
          [
            118.46642334,
            31.61329717600006
          ],
          [
            118.46572723400004,
            31.620076828000037
          ],
          [
            118.46428947400011,
            31.626017895000075
          ],
          [
            118.46238525400008,
            31.630954151000026
          ],
          [
            118.46035232500003,
            31.634983082000076
          ],
          [
            118.45834121700011,
            31.638523598000063
          ],
          [
            118.45629341100005,
            31.64220480000006
          ],
          [
            118.45413765,
            31.646496525000032
          ],
          [
            118.45184730500011,
            31.651649723000048
          ],
          [
            118.44972717300004,
            31.657355309000025
          ],
          [
            118.44789543200011,
            31.663210125000035
          ],
          [
            118.4466532140001,
            31.668883591000053
          ],
          [
            118.44602905300007,
            31.674715595000066
          ],
          [
            118.44614349400001,
            31.681050930000026
          ],
          [
            118.44708808900009,
            31.687988853000036
          ],
          [
            118.44881012000008,
            31.695250626000075
          ],
          [
            118.45117912300009,
            31.70261344900007
          ],
          [
            118.45400718700012,
            31.709841976000064
          ],
          [
            118.45723716700002,
            31.717015133000075
          ],
          [
            118.46101562500007,
            31.724302502000057
          ],
          [
            118.46521148700003,
            31.731659775000026
          ],
          [
            118.46958396900004,
            31.73880809800005
          ],
          [
            118.47359863300005,
            31.745097256000065
          ],
          [
            118.47709121700007,
            31.750374393000072
          ],
          [
            118.4802376560001,
            31.754910927000026
          ],
          [
            118.48333976700007,
            31.759059582000077
          ],
          [
            118.48667579700009,
            31.762999496000077
          ],
          [
            118.49060516400004,
            31.766935482000065
          ],
          [
            118.49520942700008,
            31.771068668000055
          ],
          [
            118.50031433100003,
            31.775475388000075
          ],
          [
            118.50528183000006,
            31.779837971000063
          ],
          [
            118.5098922730001,
            31.784130898000058
          ],
          [
            118.5141130830001,
            31.788625069000034
          ],
          [
            118.51821083100003,
            31.793914547000043
          ],
          [
            118.52220733600006,
            31.80034227400006
          ],
          [
            118.52614746100005,
            31.807714558000043
          ],
          [
            118.53003097500005,
            31.81547071500006
          ],
          [
            118.5339398960001,
            31.82298320800004
          ],
          [
            118.53781211900002,
            31.82999982800004
          ],
          [
            118.54165695200004,
            31.836389980000035
          ],
          [
            118.5453614810001,
            31.842298965000055
          ],
          [
            118.54892067000003,
            31.84780042600005
          ],
          [
            118.55213951100006,
            31.853131371000075
          ],
          [
            118.55508163500008,
            31.858328877000076
          ],
          [
            118.5576660160001,
            31.863338184000042
          ],
          [
            118.56002929700003,
            31.868141327000046
          ],
          [
            118.56224754300001,
            31.87283910800005
          ],
          [
            118.56446090700001,
            31.87752544400007
          ],
          [
            118.56678672800001,
            31.882114410000042
          ],
          [
            118.56922760000009,
            31.886457024000038
          ],
          [
            118.57176513700006,
            31.890208416000064
          ],
          [
            118.57430183400004,
            31.89310613600003
          ],
          [
            118.57687622100002,
            31.895046120000075
          ],
          [
            118.5797330470001,
            31.89647857700004
          ],
          [
            118.5831108860001,
            31.898151588000076
          ],
          [
            118.5871005250001,
            31.90088144300006
          ],
          [
            118.59136344900003,
            31.905113335000067
          ],
          [
            118.59557609600006,
            31.91069212000008
          ],
          [
            118.59967491100008,
            31.917049923000036
          ],
          [
            118.60381584200002,
            31.923676262000072
          ],
          [
            118.60806053200008,
            31.930049973000052
          ],
          [
            118.61249061600006,
            31.936095486000056
          ],
          [
            118.61689559900003,
            31.941487255000027
          ],
          [
            118.62112175000004,
            31.946158943000057
          ],
          [
            118.62486869700001,
            31.950063428000078
          ],
          [
            118.62832106700012,
            31.953710455000078
          ],
          [
            118.63180632100011,
            31.958052678000058
          ],
          [
            118.63589262100004,
            31.963832425000078
          ],
          [
            118.64068852900004,
            31.971320177000052
          ],
          [
            118.64589876900004,
            31.979559090000066
          ],
          [
            118.65141286400001,
            31.988390589000062
          ],
          [
            118.65743360300007,
            31.99790408900003
          ],
          [
            118.66441681000003,
            32.008722258000034
          ],
          [
            118.67219706900005,
            32.02065644700008
          ],
          [
            118.68034489200011,
            32.03280279200004
          ],
          [
            118.6882154860001,
            32.04382235300005
          ],
          [
            118.6960737390001,
            32.05329281300004
          ],
          [
            118.70397788100001,
            32.06175825200006
          ],
          [
            118.71183199300003,
            32.070063392000066
          ],
          [
            118.71903221700006,
            32.078853708000054
          ],
          [
            118.72465420700007,
            32.08746294300005
          ],
          [
            118.72921450600006,
            32.095669189000034
          ],
          [
            118.73391497700004,
            32.103144212000075
          ],
          [
            118.74046928400003,
            32.11029686000006
          ],
          [
            118.74983459500004,
            32.11734233900006
          ],
          [
            118.7617871860001,
            32.124270515000035
          ],
          [
            118.77520774800007,
            32.131283035000024
          ],
          [
            118.78914863600005,
            32.13833210000007
          ],
          [
            118.80309417700005,
            32.14511917100003
          ],
          [
            118.81687614400005,
            32.15106052400006
          ],
          [
            118.83023750300003,
            32.156362724000076
          ],
          [
            118.84338928200009,
            32.16143180800003
          ],
          [
            118.85680130000003,
            32.16599613200003
          ],
          [
            118.87102844200001,
            32.16954441100006
          ],
          [
            118.88535888700005,
            32.17109134700007
          ],
          [
            118.89930397,
            32.17141918200008
          ],
          [
            118.91217834500003,
            32.17094753300006
          ],
          [
            118.9238203430001,
            32.17060348500007
          ],
          [
            118.93445556600011,
            32.170565529000044
          ],
          [
            118.94469192500003,
            32.171060486000044
          ],
          [
            118.95561592100012,
            32.172046661000024
          ],
          [
            118.96758369400004,
            32.173389206000024
          ],
          [
            118.98049530000003,
            32.175059013000066
          ],
          [
            118.99320793200002,
            32.17727012600005
          ],
          [
            119.00535446200001,
            32.180706749000024
          ],
          [
            119.01666084300007,
            32.18590751600004
          ],
          [
            119.02759788500009,
            32.19281169900006
          ],
          [
            119.03828918500005,
            32.200978432000056
          ],
          [
            119.04906478900011,
            32.20984901400004
          ],
          [
            119.05998222400001,
            32.218614769000055
          ],
          [
            119.07154907200004,
            32.226381264000054
          ],
          [
            119.08415924100007,
            32.23218231200008
          ],
          [
            119.09801040600007,
            32.235812759000055
          ],
          [
            119.11296958900004,
            32.23742893200006
          ],
          [
            119.12782028200002,
            32.23760467500006
          ],
          [
            119.14234458900012,
            32.23653183000005
          ],
          [
            119.15606628400008,
            32.234281311000075
          ],
          [
            119.16962760900003,
            32.23066356700008
          ],
          [
            119.18346122700007,
            32.22622966800003
          ],
          [
            119.19825210600004,
            32.221298027000046
          ],
          [
            119.21348487900002,
            32.21625141100003
          ],
          [
            119.22831314100006,
            32.21106243100007
          ],
          [
            119.24172477700006,
            32.205726318000075
          ],
          [
            119.25384758000007,
            32.20029361700006
          ],
          [
            119.2648474880001,
            32.195174294000026
          ],
          [
            119.27486961400007,
            32.19113037100004
          ],
          [
            119.28410957300002,
            32.18841888400004
          ],
          [
            119.29298988300002,
            32.187099113000045
          ],
          [
            119.30187774700005,
            32.18687206300007
          ],
          [
            119.3116642760001,
            32.187645264000025
          ],
          [
            119.32283592200008,
            32.18959240000004
          ],
          [
            119.33576194800003,
            32.19329616500005
          ],
          [
            119.34939773600001,
            32.19913082100004
          ],
          [
            119.36252563500011,
            32.206753922000075
          ],
          [
            119.37393480800006,
            32.21538214700007
          ],
          [
            119.38447430800011,
            32.22420965600003
          ],
          [
            119.39693170300006,
            32.23340467400004
          ],
          [
            119.41503947500007,
            32.24225768500003
          ],
          [
            119.4401057130001,
            32.249373079000065
          ],
          [
            119.4701853150001,
            32.250884779000046
          ],
          [
            119.49955446100012,
            32.245450369000025
          ],
          [
            119.52417885900002,
            32.23384049800006
          ],
          [
            119.54159613600007,
            32.22022726700004
          ],
          [
            119.55501304800009,
            32.20809398700004
          ],
          [
            119.56921718900003,
            32.20001875500003
          ],
          [
            119.58698078400005,
            32.19612730400007
          ],
          [
            119.60716127900002,
            32.19598745700006
          ],
          [
            119.624492368,
            32.19762553900006
          ],
          [
            119.6364296370001,
            32.19979299200003
          ],
          [
            119.64309464400003,
            32.20182248800006
          ],
          [
            119.64674309100008,
            32.203814833000024
          ],
          [
            119.64924194200012,
            32.206000833000076
          ],
          [
            119.65158507600006,
            32.20835849100007
          ],
          [
            119.65429046000008,
            32.21091206700004
          ],
          [
            119.65729358500005,
            32.21357061300006
          ],
          [
            119.66064055900006,
            32.21642419700004
          ],
          [
            119.66401396100002,
            32.21927585200007
          ],
          [
            119.66736132800008,
            32.22207604100004
          ],
          [
            119.67052497500003,
            32.22485195100006
          ],
          [
            119.67355268600011,
            32.22783818800008
          ],
          [
            119.6763318510001,
            32.231167665000044
          ],
          [
            119.6790434400001,
            32.23491161600003
          ],
          [
            119.68166699400001,
            32.238871251000035
          ],
          [
            119.68426592500009,
            32.24287054600006
          ],
          [
            119.68677482600003,
            32.24688763100005
          ],
          [
            119.68904384900009,
            32.25077111500008
          ],
          [
            119.69101084600004,
            32.254505581000046
          ],
          [
            119.69259844200008,
            32.258081193000066
          ],
          [
            119.69381672700001,
            32.261570662000054
          ],
          [
            119.69474630900004,
            32.26499027700004
          ],
          [
            119.6956625900001,
            32.268330812000045
          ],
          [
            119.69683848000011,
            32.271507548000045
          ],
          [
            119.69838533900008,
            32.274579037000024
          ],
          [
            119.70037018300002,
            32.27765830900006
          ],
          [
            119.70267916800003,
            32.28084058400003
          ],
          [
            119.70531157200003,
            32.28419491900007
          ],
          [
            119.70805024100002,
            32.28763270300004
          ],
          [
            119.71078427900011,
            32.29097285700004
          ],
          [
            119.71343652700011,
            32.294029600000044
          ],
          [
            119.71610617800002,
            32.29682005800004
          ],
          [
            119.71889498200005,
            32.29943687300005
          ],
          [
            119.72187505600004,
            32.30214407900007
          ],
          [
            119.72507612300001,
            32.30499958200005
          ],
          [
            119.72852995200003,
            32.308029978000036
          ],
          [
            119.73227582900006,
            32.31102976500006
          ],
          [
            119.73615225100002,
            32.313737065000055
          ],
          [
            119.74001620100012,
            32.31589084500007
          ],
          [
            119.74380775400004,
            32.31749776400005
          ],
          [
            119.74763832600001,
            32.318616371000076
          ],
          [
            119.75157365200005,
            32.31932196400004
          ],
          [
            119.75567861100001,
            32.31952958800008
          ],
          [
            119.75991201800002,
            32.31930010800005
          ],
          [
            119.76420117100008,
            32.31872115600004
          ],
          [
            119.7684366090001,
            32.317932100000064
          ],
          [
            119.77250401300012,
            32.31697474400005
          ],
          [
            119.77645169200002,
            32.31590792800006
          ],
          [
            119.78038127000002,
            32.314770950000025
          ],
          [
            119.78430409400005,
            32.31362099900008
          ],
          [
            119.78813257800005,
            32.31255155900004
          ],
          [
            119.79182122600002,
            32.31157950700003
          ],
          [
            119.79540890400006,
            32.31062186500003
          ],
          [
            119.79893970500007,
            32.30957069200008
          ],
          [
            119.80248633500003,
            32.30839151400005
          ],
          [
            119.80609564600002,
            32.30710523000005
          ],
          [
            119.80989723900007,
            32.30571768900006
          ],
          [
            119.81384008100008,
            32.30427051100003
          ],
          [
            119.81783709600006,
            32.30278797600005
          ],
          [
            119.82170622500007,
            32.30126806800007
          ],
          [
            119.82532226400008,
            32.29957313800003
          ],
          [
            119.82861252600003,
            32.29743913200008
          ],
          [
            119.83200589900002,
            32.294486609000046
          ],
          [
            119.83579120200011,
            32.29060926300008
          ],
          [
            119.8401641910001,
            32.286117526000055
          ],
          [
            119.84485664600004,
            32.281492343000025
          ],
          [
            119.84946547000004,
            32.27730301300005
          ],
          [
            119.85353664700006,
            32.27380870700006
          ],
          [
            119.85694777000003,
            32.27101661200004
          ],
          [
            119.85983160500007,
            32.26858720200005
          ],
          [
            119.86245760400004,
            32.26613054400008
          ],
          [
            119.86494658700008,
            32.26337245700006
          ],
          [
            119.86729611300007,
            32.26016830400005
          ],
          [
            119.8694922200001,
            32.25643890900005
          ],
          [
            119.8714662970001,
            32.25220945900003
          ],
          [
            119.87332149200006,
            32.247556890000055
          ],
          [
            119.87508425900012,
            32.242777674000024
          ],
          [
            119.87674610400006,
            32.238188646000026
          ],
          [
            119.87828297300007,
            32.23393633300003
          ],
          [
            119.87963934200002,
            32.22989575400004
          ],
          [
            119.880884734,
            32.22590361500005
          ],
          [
            119.88208338800007,
            32.221821496000075
          ],
          [
            119.88342072600005,
            32.21771112500005
          ],
          [
            119.88487922900003,
            32.213731848000066
          ],
          [
            119.88645478300009,
            32.209770424000055
          ],
          [
            119.8880280950001,
            32.20571789100006
          ],
          [
            119.8895389490001,
            32.20135175300004
          ],
          [
            119.89093955400006,
            32.19666675600007
          ],
          [
            119.89215151400003,
            32.19179126500006
          ],
          [
            119.89332648000004,
            32.18661589800007
          ],
          [
            119.89452634300005,
            32.181102585000076
          ],
          [
            119.89589087900004,
            32.17515394000003
          ],
          [
            119.89719687200011,
            32.16919638400003
          ],
          [
            119.89839983000002,
            32.16340690800007
          ],
          [
            119.89935295900011,
            32.158114932000046
          ],
          [
            119.90021087500008,
            32.15304165300006
          ],
          [
            119.90094011500003,
            32.14836765300004
          ],
          [
            119.9017090850001,
            32.14389315600005
          ],
          [
            119.90249064600005,
            32.13945989800004
          ],
          [
            119.90339482700006,
            32.134790172000066
          ],
          [
            119.90433770800007,
            32.13003726100004
          ],
          [
            119.90532414300003,
            32.12512286500004
          ],
          [
            119.90629970000009,
            32.12002880400007
          ],
          [
            119.9073631760001,
            32.11436677200004
          ],
          [
            119.90851733800002,
            32.10833449900008
          ],
          [
            119.90982485100005,
            32.101824598000064
          ],
          [
            119.91131322600006,
            32.09522453000005
          ],
          [
            119.91305412200006,
            32.088744994000024
          ],
          [
            119.91501510500007,
            32.08283404600007
          ],
          [
            119.91714228900003,
            32.07781007600005
          ],
          [
            119.91940973100009,
            32.07355271000006
          ],
          [
            119.92177343800006,
            32.06999414000006
          ],
          [
            119.92422650200001,
            32.06689214100004
          ],
          [
            119.92683601500005,
            32.06418368300007
          ],
          [
            119.92958305500008,
            32.061638592000065
          ],
          [
            119.93259492800007,
            32.05888053600006
          ],
          [
            119.93635398300012,
            32.05497876800007
          ],
          [
            119.9420460990001,
            32.048401668000054
          ],
          [
            119.94988614600004,
            32.038872094000055
          ],
          [
            119.95933485700004,
            32.02715475400004
          ],
          [
            119.96732781700007,
            32.01716055500003
          ],
          [
            119.97320542700004,
            32.009960258000035
          ],
          [
            119.97714449500006,
            32.00569133700003
          ],
          [
            119.98068435400012,
            32.00278048600006
          ],
          [
            119.98464843800002,
            32.000450572000034
          ],
          [
            119.98925467600009,
            31.998295158000076
          ],
          [
            119.99431401400011,
            31.996206329000074
          ],
          [
            119.99939490300005,
            31.994141642000045
          ],
          [
            120.0043394060001,
            31.991997875000038
          ],
          [
            120.0087900630001,
            31.98980212200007
          ],
          [
            120.01272838200009,
            31.987536870000042
          ],
          [
            120.016314308,
            31.98514283600008
          ],
          [
            120.01969894500007,
            31.982580449000068
          ],
          [
            120.02302585500001,
            31.979869449000034
          ],
          [
            120.02614969000001,
            31.97715273600005
          ],
          [
            120.02912843500008,
            31.97450583500006
          ],
          [
            120.03201905300011,
            31.972020805000056
          ],
          [
            120.03498296200007,
            31.969678274000046
          ],
          [
            120.03807762300005,
            31.967497367000078
          ],
          [
            120.0413250360001,
            31.965372942000045
          ],
          [
            120.0445492770001,
            31.96337013200008
          ],
          [
            120.04779929200004,
            31.961454579000076
          ],
          [
            120.05109308300007,
            31.959587283000076
          ],
          [
            120.05459751300009,
            31.957722484000044
          ],
          [
            120.05829159300004,
            31.955819372000065
          ],
          [
            120.06240009900012,
            31.953778250000028
          ],
          [
            120.06683006100002,
            31.95171421300006
          ],
          [
            120.07147357400004,
            31.94973193100003
          ],
          [
            120.07611639200002,
            31.948080712000035
          ],
          [
            120.08070364800005,
            31.947023502000036
          ],
          [
            120.08532432900006,
            31.946640484000056
          ],
          [
            120.09006492500009,
            31.94672988800005
          ],
          [
            120.09476514900007,
            31.94690685000006
          ],
          [
            120.099198365,
            31.946916213000065
          ],
          [
            120.10337588800007,
            31.946632584000042
          ],
          [
            120.10770172700006,
            31.946027118000075
          ],
          [
            120.11286164300009,
            31.94499042700005
          ],
          [
            120.11894015600001,
            31.94361235100007
          ],
          [
            120.12562555600005,
            31.942008612000052
          ],
          [
            120.13225821200001,
            31.940432523000027
          ],
          [
            120.13846040300007,
            31.938999780000074
          ],
          [
            120.14418541900011,
            31.937841226000046
          ],
          [
            120.1496363120001,
            31.93696155200007
          ],
          [
            120.15501208,
            31.936231089000046
          ],
          [
            120.16037653000001,
            31.93555237100003
          ],
          [
            120.16553300900011,
            31.934805038000036
          ],
          [
            120.17045534200008,
            31.934030823000057
          ],
          [
            120.17536069900007,
            31.93324616900003
          ],
          [
            120.18045786200003,
            31.932592142000033
          ],
          [
            120.1858958250001,
            31.932134848000032
          ],
          [
            120.19163460900006,
            31.93195490800008
          ],
          [
            120.19745674300009,
            31.93195436600007
          ],
          [
            120.20325039500005,
            31.932101740000064
          ],
          [
            120.20870882400004,
            31.932268100000044
          ],
          [
            120.21401834800008,
            31.93249749900008
          ],
          [
            120.21933613800002,
            31.932780007000076
          ],
          [
            120.2247737030001,
            31.933219663000045
          ],
          [
            120.23033337800007,
            31.933912537000026
          ],
          [
            120.23599248400001,
            31.934850828000037
          ],
          [
            120.24181975500005,
            31.93600084700006
          ],
          [
            120.24810737100006,
            31.937245569000027
          ],
          [
            120.25498405500002,
            31.93852086700008
          ],
          [
            120.26225425000007,
            31.939891552000063
          ],
          [
            120.26940131700007,
            31.941502021000076
          ],
          [
            120.27639466300002,
            31.94360641000003
          ],
          [
            120.2831907200001,
            31.94628587300008
          ],
          [
            120.29002673200011,
            31.949427575000072
          ],
          [
            120.29637565100006,
            31.952621642000054
          ],
          [
            120.3018826440001,
            31.955515278000064
          ],
          [
            120.30629443900011,
            31.95802516300006
          ],
          [
            120.31012127100007,
            31.96038147300004
          ],
          [
            120.31369517900009,
            31.96285668300004
          ],
          [
            120.31740601600006,
            31.965539800000045
          ],
          [
            120.3213022010001,
            31.96854211300007
          ],
          [
            120.32556931900001,
            31.971834434000073
          ],
          [
            120.32997605800006,
            31.975357839000026
          ],
          [
            120.3344042970001,
            31.97892190700003
          ],
          [
            120.33871132400009,
            31.98249159900007
          ],
          [
            120.34308492000002,
            31.986133421000034
          ],
          [
            120.34793879600011,
            31.990202381000074
          ],
          [
            120.35321267100005,
            31.99465555100005
          ],
          [
            120.35879347600007,
            31.99922060700004
          ],
          [
            120.36427404500012,
            32.00342681800004
          ],
          [
            120.36955447000003,
            32.00697198300003
          ],
          [
            120.37453073100005,
            32.00989466300007
          ],
          [
            120.37946186900001,
            32.01252688000005
          ],
          [
            120.38457889100005,
            32.01514647300007
          ],
          [
            120.39001554800006,
            32.01795443000003
          ],
          [
            120.39555600200003,
            32.02103146200005
          ],
          [
            120.40112209500012,
            32.024301499000046
          ],
          [
            120.40665412200008,
            32.027705843000035
          ],
          [
            120.41213584000002,
            32.03090245300007
          ],
          [
            120.41757159800011,
            32.03388165100006
          ],
          [
            120.4227305500001,
            32.036640731000034
          ],
          [
            120.42767057600008,
            32.03947369800005
          ],
          [
            120.43255879700007,
            32.04253659500006
          ],
          [
            120.43758640100009,
            32.04570104900006
          ],
          [
            120.44273683800009,
            32.04861694500005
          ],
          [
            120.44783237700005,
            32.05067002200008
          ],
          [
            120.45278864800002,
            32.05147735000003
          ],
          [
            120.45797228600009,
            32.05111957100007
          ],
          [
            120.46346445900008,
            32.04997128900004
          ],
          [
            120.46921878,
            32.04851505100004
          ],
          [
            120.474587756,
            32.04702667400005
          ],
          [
            120.47946436100005,
            32.04561139200007
          ],
          [
            120.48358601500001,
            32.04429315700003
          ],
          [
            120.48735052900008,
            32.042995088000055
          ],
          [
            120.49112640400006,
            32.04161067100006
          ],
          [
            120.49537735800004,
            32.040023330000054
          ],
          [
            120.50011197700007,
            32.03824651300005
          ],
          [
            120.50503127400009,
            32.03640185800003
          ],
          [
            120.50980941400007,
            32.03461063200007
          ],
          [
            120.51441507300001,
            32.032875482000065
          ],
          [
            120.51888633100009,
            32.031157568000026
          ],
          [
            120.52337789100011,
            32.02933432200007
          ],
          [
            120.52776556800006,
            32.02739692800003
          ],
          [
            120.53195999100001,
            32.02534560600003
          ],
          [
            120.53575602600006,
            32.02335459600005
          ],
          [
            120.53925921400003,
            32.02146481400007
          ],
          [
            120.54256107200001,
            32.01973938100008
          ],
          [
            120.54570442400006,
            32.01811370300004
          ],
          [
            120.54866734900008,
            32.016636636000044
          ],
          [
            120.55167530900007,
            32.01519149300003
          ],
          [
            120.55473621700003,
            32.01384795600006
          ],
          [
            120.55797167900005,
            32.012527918000046
          ],
          [
            120.56141449300003,
            32.01120265000003
          ],
          [
            120.5651072930001,
            32.009807597000076
          ],
          [
            120.56913876800002,
            32.008293268000045
          ],
          [
            120.57332173900011,
            32.00672190000006
          ],
          [
            120.5776001810001,
            32.005114513000024
          ],
          [
            120.58195015100011,
            32.00347984300004
          ],
          [
            120.58661820700001,
            32.00174140300004
          ],
          [
            120.59153017100004,
            31.99997562300007
          ],
          [
            120.59652620300005,
            31.998388956000042
          ],
          [
            120.60137823700006,
            31.997221074000038
          ],
          [
            120.6061888700001,
            31.996595429000024
          ],
          [
            120.6107811070001,
            31.99646497300006
          ],
          [
            120.61518893900006,
            31.996711851000043
          ],
          [
            120.61937329000011,
            31.997188546000075
          ],
          [
            120.62376633500003,
            31.997789504000025
          ],
          [
            120.6285007780001,
            31.998439966000035
          ],
          [
            120.63331172300002,
            31.998980464000056
          ],
          [
            120.63810530600006,
            31.99939678000004
          ],
          [
            120.642805769,
            31.99972654700008
          ],
          [
            120.64789162900001,
            32.000080953000065
          ],
          [
            120.65311493400009,
            32.00042422700005
          ],
          [
            120.65832130400008,
            32.00071688400004
          ],
          [
            120.66320483000004,
            32.00099374500007
          ],
          [
            120.66815738800005,
            32.00145549800004
          ],
          [
            120.6734958290001,
            32.00225060400004
          ],
          [
            120.67959844600011,
            32.003390428000046
          ],
          [
            120.68602508900005,
            32.00469204900003
          ],
          [
            120.69231081300006,
            32.00585197600003
          ],
          [
            120.69811144100004,
            32.006724088000055
          ],
          [
            120.70385805600006,
            32.00721897500006
          ],
          [
            120.70987072800006,
            32.00734580000005
          ],
          [
            120.71613321600012,
            32.007037636000064
          ],
          [
            120.72217520100003,
            32.00638240300003
          ],
          [
            120.72774918100004,
            32.00532743200006
          ],
          [
            120.7327792000001,
            32.003982619000055
          ],
          [
            120.73758837500009,
            32.00238043500008
          ],
          [
            120.74238620200003,
            32.000628532000064
          ],
          [
            120.74734722800008,
            31.998750262000044
          ],
          [
            120.75238874400009,
            31.996752309000044
          ],
          [
            120.75741995800001,
            31.994498500000077
          ],
          [
            120.7626464010001,
            31.991651776000026
          ],
          [
            120.76816347200008,
            31.987957081000047
          ],
          [
            120.77418228300007,
            31.983342913000058
          ],
          [
            120.7801540590001,
            31.978275584000073
          ],
          [
            120.78596205400004,
            31.973042706000058
          ],
          [
            120.79145845000005,
            31.96792702500005
          ],
          [
            120.79706015400006,
            31.962811870000053
          ],
          [
            120.80319114100007,
            31.957666670000037
          ],
          [
            120.81002685900012,
            31.952352115000053
          ],
          [
            120.8173250210001,
            31.946935121000024
          ],
          [
            120.82418398200002,
            31.941683565000062
          ],
          [
            120.82980684900008,
            31.93695540500005
          ],
          [
            120.83377174300006,
            31.932894066000074
          ],
          [
            120.83647226900007,
            31.929302213000028
          ],
          [
            120.8383791120001,
            31.925929073000077
          ],
          [
            120.8399255920001,
            31.92248926700006
          ],
          [
            120.84143071400001,
            31.918789249000042
          ],
          [
            120.84333014200001,
            31.914420970000037
          ],
          [
            120.8460237480001,
            31.909289982000075
          ],
          [
            120.85002451800005,
            31.90308047600007
          ],
          [
            120.85525875200005,
            31.89623380100005
          ],
          [
            120.861663238,
            31.888684364000028
          ],
          [
            120.8683537390001,
            31.88149655600006
          ],
          [
            120.87471711700005,
            31.874991107000028
          ],
          [
            120.88042322000001,
            31.869186514000035
          ],
          [
            120.88615681500005,
            31.862563642000055
          ],
          [
            120.89296062800008,
            31.853964890000043
          ],
          [
            120.90128288100004,
            31.843253771000036
          ],
          [
            120.91002328100001,
            31.832921510000062
          ],
          [
            120.91751712900009,
            31.82509276500008
          ],
          [
            120.92313229000001,
            31.820161659000064
          ],
          [
            120.92722684000012,
            31.817073828000048
          ],
          [
            120.93087854900011,
            31.814511132000064
          ],
          [
            120.93480002500007,
            31.811845665000078
          ],
          [
            120.9393637070001,
            31.808968539000034
          ],
          [
            120.94445019000011,
            31.806103698000072
          ],
          [
            120.94987333600011,
            31.80340347300006
          ],
          [
            120.95544081600008,
            31.800940369000045
          ],
          [
            120.96103817100004,
            31.79862756700004
          ],
          [
            120.96677662800005,
            31.79627645000005
          ],
          [
            120.97280583300005,
            31.79371659900005
          ],
          [
            120.9792784550001,
            31.79087424900007
          ],
          [
            120.98580388000005,
            31.78798721000004
          ],
          [
            120.99211173900005,
            31.785231365000072
          ],
          [
            120.99762078000003,
            31.78284391400007
          ],
          [
            121.0026305240001,
            31.780686553000066
          ],
          [
            121.00732605100006,
            31.778729500000054
          ],
          [
            121.01225239600001,
            31.776757271000065
          ],
          [
            121.01738213400006,
            31.77477220600008
          ],
          [
            121.02257018900002,
            31.772788993000063
          ],
          [
            121.02748355100005,
            31.77091826800006
          ],
          [
            121.03224595600011,
            31.76910490100005
          ],
          [
            121.03750934100003,
            31.767100619000075
          ],
          [
            121.04409610700009,
            31.76460014500003
          ],
          [
            121.05212022400008,
            31.76158409100003
          ],
          [
            121.06118888500009,
            31.75826670600003
          ],
          [
            121.07058692100009,
            31.754993391000028
          ],
          [
            121.07997279200004,
            31.751950821000037
          ],
          [
            121.08946575000004,
            31.749060686000064
          ],
          [
            121.09923526300008,
            31.746127541000078
          ],
          [
            121.1088191130001,
            31.743181676000063
          ],
          [
            121.11780952000004,
            31.740208669000026
          ],
          [
            121.12541495500011,
            31.737537298000063
          ],
          [
            121.13188841100009,
            31.735136526000076
          ],
          [
            121.13747556900012,
            31.733018283000035
          ],
          [
            121.14278716000001,
            31.73098917200008
          ],
          [
            121.14816273600002,
            31.728935437000075
          ],
          [
            121.1537367200001,
            31.726805574000025
          ],
          [
            121.15944560600008,
            31.72462387300004
          ],
          [
            121.16502736400003,
            31.722490459000028
          ],
          [
            121.17042637500003,
            31.720426572000065
          ],
          [
            121.17592130700007,
            31.71830956100007
          ],
          [
            121.18184716200005,
            31.715978955000026
          ],
          [
            121.18820433700012,
            31.713345652000044
          ],
          [
            121.19466093200003,
            31.710503433000042
          ],
          [
            121.20065648800005,
            31.70760145400004
          ],
          [
            121.20607316400003,
            31.704740462000075
          ],
          [
            121.21082482400004,
            31.70184911700005
          ],
          [
            121.215080252,
            31.698903977000043
          ],
          [
            121.21885456600012,
            31.69591622300004
          ],
          [
            121.22231254100006,
            31.69294431000003
          ],
          [
            121.22553782000011,
            31.689785434000044
          ],
          [
            121.22853389700003,
            31.686446189000037
          ],
          [
            121.23133268300012,
            31.682824866000033
          ],
          [
            121.23381226900005,
            31.679268577000073
          ],
          [
            121.23618066300003,
            31.675665259000027
          ],
          [
            121.23851529100011,
            31.672196686000063
          ],
          [
            121.2410397220001,
            31.66883411400005
          ],
          [
            121.24374799000009,
            31.665620319000027
          ],
          [
            121.24670261400001,
            31.66238474800008
          ],
          [
            121.24991864100002,
            31.65897543600005
          ],
          [
            121.25341711700003,
            31.655359988000043
          ],
          [
            121.25713862500004,
            31.65164291700006
          ],
          [
            121.2609044730001,
            31.647973858000057
          ],
          [
            121.26458888800005,
            31.64445794200003
          ],
          [
            121.26821521900001,
            31.641012825000075
          ],
          [
            121.27171530600003,
            31.637599609000063
          ],
          [
            121.2751327740001,
            31.634120293000024
          ],
          [
            121.27865531900011,
            31.63064088400006
          ],
          [
            121.28238712200005,
            31.62743011300006
          ],
          [
            121.28671003600004,
            31.62465006800005
          ],
          [
            121.29136983900003,
            31.622325302000036
          ],
          [
            121.29626551100012,
            31.620283304000054
          ],
          [
            121.30152221600008,
            31.61823220100007
          ],
          [
            121.3081175420001,
            31.615682417000073
          ],
          [
            121.31776307900009,
            31.611910745000046
          ],
          [
            121.33106365000003,
            31.606603048000068
          ],
          [
            121.34679242100003,
            31.60023076400006
          ],
          [
            121.36099333100003,
            31.594347476000053
          ],
          [
            121.3712446290001,
            31.59007987900003
          ],
          [
            121.37794179500008,
            31.587308585000073
          ],
          [
            121.38260423200006,
            31.585449459000074
          ],
          [
            121.3871659990001,
            31.583677264000073
          ],
          [
            121.39201134500001,
            31.58181137300005
          ],
          [
            121.39774837400012,
            31.579577275000076
          ],
          [
            121.40411018200007,
            31.577028763000044
          ],
          [
            121.41176446700001,
            31.573787674000073
          ],
          [
            121.42002151200006,
            31.570119095000052
          ],
          [
            121.42885515900002,
            31.566081847000078
          ],
          [
            121.43633545300008,
            31.56271161600006
          ],
          [
            121.44262661500011,
            31.559993965000047
          ],
          [
            121.44782383400002,
            31.55789218900003
          ],
          [
            121.45331432800003,
            31.555749641000034
          ],
          [
            121.4596626660001,
            31.55329984000008
          ],
          [
            121.46722187800003,
            31.55038221700005
          ],
          [
            121.47539410000002,
            31.54723590900005
          ],
          [
            121.4836478950001,
            31.544082615000036
          ],
          [
            121.49136878900003,
            31.541200373000038
          ],
          [
            121.49833472400007,
            31.53867415600007
          ],
          [
            121.50457390200006,
            31.53648475700004
          ],
          [
            121.51056034200008,
            31.53437590200008
          ],
          [
            121.51681436100012,
            31.532195599000033
          ],
          [
            121.52347987500002,
            31.52994523900003
          ],
          [
            121.53025670400007,
            31.527813783000056
          ],
          [
            121.53670106300001,
            31.525899792000075
          ],
          [
            121.54254244000003,
            31.524250994000056
          ],
          [
            121.54777528600005,
            31.522820985000067
          ],
          [
            121.55263407400003,
            31.52158416900005
          ],
          [
            121.55739660500001,
            31.520416941000065
          ],
          [
            121.56230294800002,
            31.51916134100003
          ],
          [
            121.56740141500006,
            31.517692969000052
          ],
          [
            121.57271874100002,
            31.515936373000045
          ],
          [
            121.57808298700002,
            31.51399870800003
          ],
          [
            121.58334086400009,
            31.512004323000042
          ],
          [
            121.58821222900008,
            31.510126693000075
          ],
          [
            121.59327730200005,
            31.50817347700007
          ],
          [
            121.59994272400002,
            31.505631942000036
          ],
          [
            121.6110612870001,
            31.50145287400005
          ],
          [
            121.62693479000006,
            31.495559639000078
          ],
          [
            121.64606817000004,
            31.48851535700004
          ],
          [
            121.66214271400008,
            31.482648072000075
          ],
          [
            121.67315256600011,
            31.47859767400007
          ],
          [
            121.67929532900007,
            31.47621458900005
          ],
          [
            121.68326538100007,
            31.474437943000055
          ],
          [
            121.68703386800007,
            31.472543811000037
          ],
          [
            121.69163398800004,
            31.470188207000035
          ],
          [
            121.69730148000008,
            31.46740157000005
          ],
          [
            121.70382872300002,
            31.46431330100006
          ],
          [
            121.71065279100003,
            31.461280249000026
          ],
          [
            121.71760700100003,
            31.458293746000038
          ],
          [
            121.72491099700005,
            31.455121683000073
          ],
          [
            121.73289713400004,
            31.45143949100003
          ],
          [
            121.74166716700006,
            31.447134352000035
          ],
          [
            121.75094686400007,
            31.442442990000075
          ],
          [
            121.76044972900002,
            31.43761509500007
          ],
          [
            121.7698519600001,
            31.432866020000063
          ],
          [
            121.77881670600004,
            31.428351348000035
          ],
          [
            121.78703099400002,
            31.42430696100007
          ],
          [
            121.79416892300003,
            31.42090892500005
          ],
          [
            121.80012646500006,
            31.418230711000035
          ],
          [
            121.8059401060001,
            31.415835877000063
          ],
          [
            121.81142639400002,
            31.413649796000072
          ],
          [
            121.82419756500008,
            31.40992533000008
          ],
          [
            121.84683056300003,
            31.404748738000023
          ]
        ]
      }
    },
    {
      "type": "Feature",
      "properties": {
        "NAME": "中央革命根据地",
        "tessellate": 1,
        "Shape_Leng": 6.93371651922,
        "Shape_Area": 3.34950416864,
        "related_ar": "红一、三、五、九、十八军，中央纵队",
        "base_type": "红军革命根据地",
        "province_s": "江西、福建",
        "area_km2": 37069.1595599,
        "layer_name": "革命根据地",
        "kind": "base",
        "source_file": "革命根据地.shp"
      },
      "geometry": {
        "type": "Polygon",
        "coordinates": [
          [
            [
              115.05568703512859,
              26.82358967732182
            ],
            [
              115.11521421176656,
              26.909144727747048
            ],
            [
              115.17753243977029,
              26.974057042098877
            ],
            [
              115.24939748030954,
              27.028285931250764
            ],
            [
              115.31745222464053,
              27.06696111846088
            ],
            [
              115.38690206387923,
              27.110433510697987
            ],
            [
              115.4619812184585,
              27.12763770421674
            ],
            [
              115.5438900467883,
              27.140088769381236
            ],
            [
              115.60438271758835,
              27.150014471690554
            ],
            [
              115.67303631417462,
              27.15758688832426
            ],
            [
              115.74988814312337,
              27.16160181717015
            ],
            [
              115.8160579660024,
              27.169147946620512
            ],
            [
              115.88504568321173,
              27.169505148343944
            ],
            [
              115.99151607130966,
              27.172374706027938
            ],
            [
              116.12451009256677,
              27.157048860816303
            ],
            [
              116.21860539292459,
              27.142817567876534
            ],
            [
              116.3087692251197,
              27.13573347771785
            ],
            [
              116.39632287490076,
              27.120231218795766
            ],
            [
              116.47596686228098,
              27.117871332995662
            ],
            [
              116.50298159452507,
              27.114282442680633
            ],
            [
              116.63546863017325,
              27.116861785542994
            ],
            [
              116.71348772787644,
              27.135817363780347
            ],
            [
              116.78614326619879,
              27.141615676122626
            ],
            [
              116.85777019683712,
              27.174962123902958
            ],
            [
              116.88350886664091,
              27.18927692698867
            ],
            [
              116.92946100901838,
              27.19754837855487
            ],
            [
              116.97402954442805,
              27.197426829784433
            ],
            [
              117.01707957726069,
              27.178106574658727
            ],
            [
              117.03446344723034,
              27.160058207320446
            ],
            [
              117.03960011845072,
              27.134855894084296
            ],
            [
              117.04048687606848,
              27.090500934170848
            ],
            [
              117.04000802754854,
              27.042584044717955
            ],
            [
              117.04468395360163,
              26.97246865590381
            ],
            [
              117.05629213637303,
              26.91977536634016
            ],
            [
              117.07295935459058,
              26.832432943025935
            ],
            [
              117.0871142195457,
              26.76426664588905
            ],
            [
              117.07865336805855,
              26.71177619391625
            ],
            [
              117.07701313324958,
              26.6735802509279
            ],
            [
              117.07255407690923,
              26.615106488873437
            ],
            [
              117.06281422040001,
              26.56263129749641
            ],
            [
              117.0582578610115,
              26.483827843480242
            ],
            [
              117.04705273639468,
              26.403819565920287
            ],
            [
              117.02116025554142,
              26.31545169603902
            ],
            [
              116.99245955616368,
              26.245473794679924
            ],
            [
              116.97745419245712,
              26.1930401250018
            ],
            [
              116.93305831339046,
              26.115699929108473
            ],
            [
              116.88627179710579,
              26.071773622954368
            ],
            [
              116.84069951037418,
              26.000340210232594
            ],
            [
              116.78459535848901,
              25.938444107809403
            ],
            [
              116.71972385986828,
              25.84951401416049
            ],
            [
              116.67168477773032,
              25.776871938689055
            ],
            [
              116.63160076296492,
              25.69339065205702
            ],
            [
              116.61519123109053,
              25.62768724996664
            ],
            [
              116.52601379869793,
              25.43036963125354
            ],
            [
              116.47305861036659,
              25.352806515008695
            ],
            [
              116.39776445126847,
              25.306135249542194
            ],
            [
              116.26979888491064,
              25.29537074056725
            ],
            [
              116.15618138216507,
              25.283487315787056
            ],
            [
              116.0347514634094,
              25.273891917378137
            ],
            [
              115.97542664232571,
              25.236829769478334
            ],
            [
              115.90818884933594,
              25.21165373713029
            ],
            [
              115.80622492084353,
              25.16721860085778
            ],
            [
              115.70330642495162,
              25.168164693945528
            ],
            [
              115.56075925363666,
              25.191541038987793
            ],
            [
              115.480127866408,
              25.222217155897056
            ],
            [
              115.39935870753834,
              25.264778510619806
            ],
            [
              115.23348372039743,
              25.38855030265438
            ],
            [
              115.15771471386302,
              25.445341718245743
            ],
            [
              115.12022420268488,
              25.501170768416273
            ],
            [
              115.08953795491277,
              25.675230128467717
            ],
            [
              115.0659830881491,
              25.878200866676707
            ],
            [
              115.0355730563515,
              26.147249931639067
            ],
            [
              115.02162695821755,
              26.33949435238253
            ],
            [
              115.02041052172831,
              26.594640483071885
            ],
            [
              115.05568703512859,
              26.82358967732182
            ]
          ]
        ]
      }
    },
    {
      "type": "Feature",
      "properties": {
        "NAME": "川陕革命根据地",
        "tessellate": 1,
        "Shape_Leng": 7.472733856,
        "Shape_Area": 3.63908179596,
        "related_ar": "红四、三十军",
        "base_type": "红军革命根据地",
        "province_s": "陕西、四川",
        "area_km2": 38156.5957838,
        "layer_name": "革命根据地",
        "kind": "base",
        "source_file": "革命根据地.shp"
      },
      "geometry": {
        "type": "Polygon",
        "coordinates": [
          [
            [
              107.19209603740228,
              32.84601683800673
            ],
            [
              107.46044678778907,
              32.680589879619276
            ],
            [
              107.7883333456075,
              32.38737194296084
            ],
            [
              107.94954444142292,
              32.340030311149974
            ],
            [
              108.01356974005154,
              32.34095498238656
            ],
            [
              108.0614236131093,
              32.3070325709964
            ],
            [
              108.23771628657744,
              32.313999163830374
            ],
            [
              108.34049914851693,
              32.341105786103185
            ],
            [
              108.43124678011486,
              32.33958186241307
            ],
            [
              108.55721634795617,
              32.275087455821506
            ],
            [
              108.57231009073814,
              32.20056011715576
            ],
            [
              108.51524102205559,
              32.06979475172648
            ],
            [
              108.42655542799065,
              31.78827888436308
            ],
            [
              108.33369748415163,
              31.665227218161647
            ],
            [
              108.2337180329609,
              31.50907554719879
            ],
            [
              108.15546740749494,
              31.429847357769404
            ],
            [
              107.82858848247253,
              31.174638670238494
            ],
            [
              107.69839470545134,
              31.105481701519352
            ],
            [
              107.61481757177359,
              31.049360627091346
            ],
            [
              107.50143005984944,
              30.98367058622864
            ],
            [
              107.38839785747518,
              30.931645153001455
            ],
            [
              107.22281098973542,
              30.883844155583347
            ],
            [
              107.02304381921692,
              30.908625313607388
            ],
            [
              106.8768719241001,
              30.98327254898902
            ],
            [
              106.75939301127852,
              31.03977122176451
            ],
            [
              106.61058497211883,
              31.158474795375582
            ],
            [
              106.52359020782188,
              31.262960932800866
            ],
            [
              106.440947360932,
              31.335872877731163
            ],
            [
              106.27518866332622,
              31.483520285133125
            ],
            [
              105.9180877241692,
              31.713797630556257
            ],
            [
              105.76958797440557,
              31.938919585370627
            ],
            [
              105.91476641094118,
              32.39974691558774
            ],
            [
              105.93537432706358,
              32.61323235808692
            ],
            [
              106.00957373154256,
              32.66679062099041
            ],
            [
              106.22621691407937,
              32.735100595616075
            ],
            [
              106.3554868229586,
              32.78291628615773
            ],
            [
              106.56469916913142,
              32.849511653839784
            ],
            [
              106.90712895423792,
              32.89269977307612
            ],
            [
              107.19209603740228,
              32.84601683800673
            ]
          ]
        ]
      }
    },
    {
      "type": "Feature",
      "properties": {
        "NAME": "湘鄂川黔革命根据地",
        "tessellate": 1,
        "Shape_Leng": 5.82248064753,
        "Shape_Area": 1.42094003013,
        "related_ar": "红二军",
        "base_type": "红军革命根据地",
        "province_s": "湖南、湖北、四川、贵州",
        "area_km2": 15272.3460982,
        "layer_name": "革命根据地",
        "kind": "base",
        "source_file": "革命根据地.shp"
      },
      "geometry": {
        "type": "Polygon",
        "coordinates": [
          [
            [
              109.80260637838171,
              28.870085644736776
            ],
            [
              109.7560651656749,
              28.87448139510036
            ],
            [
              109.72649811249795,
              28.899138274911536
            ],
            [
              109.66123045711998,
              28.966412765636676
            ],
            [
              109.62707365272695,
              29.050555752745822
            ],
            [
              109.59890425302893,
              29.20568824991284
            ],
            [
              109.59486280137725,
              29.27996307153859
            ],
            [
              109.58510264986745,
              29.384038265553556
            ],
            [
              109.59210979133388,
              29.481705841251596
            ],
            [
              109.59099581730317,
              29.544019366700468
            ],
            [
              109.56450245262613,
              29.565524518441805
            ],
            [
              109.5116807758472,
              29.61445732434612
            ],
            [
              109.48524216639294,
              29.638923156678402
            ],
            [
              109.43374805532858,
              29.7293784537527
            ],
            [
              109.42233341925197,
              29.795024780369374
            ],
            [
              109.44117043177005,
              29.845015671935755
            ],
            [
              109.50456869428984,
              29.89828579295505
            ],
            [
              109.55005805993159,
              29.91188877184942
            ],
            [
              109.60901902520789,
              29.91615176519184
            ],
            [
              109.69519103933504,
              29.9106621478399
            ],
            [
              109.74300418299669,
              29.897349387364386
            ],
            [
              109.83136790790269,
              29.86496958307987
            ],
            [
              109.92444960936206,
              29.818501278411304
            ],
            [
              109.99649101954498,
              29.782160502805027
            ],
            [
              110.08831398760049,
              29.761963779205075
            ],
            [
              110.14620152118334,
              29.765583826532406
            ],
            [
              110.20453001215043,
              29.755264015222167
            ],
            [
              110.24794507890232,
              29.73010154015401
            ],
            [
              110.35321098519887,
              29.69054965064589
            ],
            [
              110.46010961786465,
              29.70771024323318
            ],
            [
              110.67138988403599,
              29.86385374205662
            ],
            [
              110.83790303100017,
              29.979432466535172
            ],
            [
              111.1319516039834,
              30.18653411016112
            ],
            [
              111.22015846733944,
              30.21611074381582
            ],
            [
              111.28227946502534,
              30.23347540336721
            ],
            [
              111.33401644520285,
              30.246834470834187
            ],
            [
              111.37765302756526,
              30.251687886187028
            ],
            [
              111.40820172133243,
              30.250446797481743
            ],
            [
              111.43334466402507,
              30.198683442886647
            ],
            [
              111.43571542352805,
              30.059720042945685
            ],
            [
              111.40733332697152,
              29.915531521662444
            ],
            [
              111.22529516553953,
              29.657649147889913
            ],
            [
              110.70059432247007,
              29.294700094633697
            ],
            [
              110.68516450303946,
              29.235787623500073
            ],
            [
              110.68800043417275,
              29.189444112355943
            ],
            [
              110.71787274513116,
              29.12891933575878
            ],
            [
              110.69052274922558,
              29.083694316839285
            ],
            [
              110.60913682180694,
              28.958986746940866
            ],
            [
              110.32046233027239,
              28.873437722872666
            ],
            [
              109.80260637838171,
              28.870085644736776
            ]
          ]
        ]
      }
    },
    {
      "type": "Feature",
      "properties": {
        "NAME": "湘赣革命根据地",
        "tessellate": 1,
        "Shape_Leng": 4.32969929008,
        "Shape_Area": 0.97824129397,
        "related_ar": "红六军",
        "base_type": "红军革命根据地",
        "province_s": "湖南、江西",
        "area_km2": 10745.7228784,
        "layer_name": "革命根据地",
        "kind": "base",
        "source_file": "革命根据地.shp"
      },
      "geometry": {
        "type": "Polygon",
        "coordinates": [
          [
            [
              113.91837130039528,
              26.6104918237387
            ],
            [
              113.81894685411407,
              26.71231216377538
            ],
            [
              113.76434699641686,
              26.833956940460496
            ],
            [
              113.70059120392102,
              26.95952215692205
            ],
            [
              113.63208934994361,
              27.168968828648588
            ],
            [
              113.64783137172049,
              27.282403644013016
            ],
            [
              113.65683084876468,
              27.36141768687679
            ],
            [
              113.64304643974151,
              27.426238739826033
            ],
            [
              113.6681040718455,
              27.470875710945336
            ],
            [
              113.71833925075589,
              27.50542435175248
            ],
            [
              113.76863177133919,
              27.537949095274598
            ],
            [
              113.81208422470729,
              27.529881841973463
            ],
            [
              113.86703077465063,
              27.554287400842952
            ],
            [
              113.93119446994888,
              27.574638656748675
            ],
            [
              114.04815891570149,
              27.584844793752268
            ],
            [
              114.18941081595642,
              27.595318552809033
            ],
            [
              114.31194156694983,
              27.627544983114547
            ],
            [
              114.41495772292069,
              27.651488858823825
            ],
            [
              114.5433287369317,
              27.69150022005914
            ],
            [
              114.60073028407544,
              27.713549663086553
            ],
            [
              114.70853412215206,
              27.727218731359415
            ],
            [
              114.80480687633633,
              27.72263719994686
            ],
            [
              114.85292960082052,
              27.716269239933524
            ],
            [
              114.87086697203324,
              27.677585627874464
            ],
            [
              114.85428995491759,
              27.62897887297663
            ],
            [
              114.75215282329418,
              27.554625804937018
            ],
            [
              114.74711124189037,
              27.515965908000283
            ],
            [
              114.71468510543332,
              27.49167872599247
            ],
            [
              114.66628316483627,
              27.471532770920703
            ],
            [
              114.62493109069737,
              27.46355992395138
            ],
            [
              114.58338132578763,
              27.429173189890832
            ],
            [
              114.56476068745587,
              27.39268768638766
            ],
            [
              114.55306069469532,
              27.360251977546795
            ],
            [
              114.51618913562015,
              27.32183988610194
            ],
            [
              114.5160429616135,
              27.301554658420798
            ],
            [
              114.51798351602656,
              27.252872834413836
            ],
            [
              114.53835001634025,
              27.226427151791654
            ],
            [
              114.56784654648095,
              27.199937146981824
            ],
            [
              114.63622089098135,
              27.179329078873934
            ],
            [
              114.68620783632264,
              27.142557268103474
            ],
            [
              114.77117189906392,
              27.077508478933225
            ],
            [
              114.784766217487,
              27.05705226674877
            ],
            [
              114.781712456165,
              27.027191622695284
            ],
            [
              114.7580715152883,
              26.984196881081232
            ],
            [
              114.73548937143744,
              26.955555491093094
            ],
            [
              114.71225001922312,
              26.91703680930135
            ],
            [
              114.69371069309409,
              26.888675403447166
            ],
            [
              114.63365476905244,
              26.801647234732172
            ],
            [
              114.6013445552071,
              26.747020402769408
            ],
            [
              114.50545801757346,
              26.690674436675977
            ],
            [
              114.38721876303555,
              26.656692348972797
            ],
            [
              114.34170596465856,
              26.624439696235072
            ],
            [
              114.30522477160594,
              26.57392351066153
            ],
            [
              114.23730909573828,
              26.511273572217647
            ],
            [
              114.19227758843999,
              26.497981099548156
            ],
            [
              114.16851385952702,
              26.489096099005792
            ],
            [
              114.10357354028667,
              26.495945430137567
            ],
            [
              113.91837130039528,
              26.6104918237387
            ]
          ]
        ]
      }
    },
    {
      "type": "Feature",
      "properties": {
        "NAME": "鄂豫皖革命根据地",
        "tessellate": 1,
        "Shape_Leng": 8.15422000978,
        "Shape_Area": 3.23009748362,
        "related_ar": "红二十五军",
        "base_type": "红军革命根据地",
        "province_s": "湖北、安徽、河南",
        "area_km2": 34097.2640454,
        "layer_name": "革命根据地",
        "kind": "base",
        "source_file": "革命根据地.shp"
      },
      "geometry": {
        "type": "Polygon",
        "coordinates": [
          [
            [
              114.00001383586994,
              31.8295696184432
            ],
            [
              114.15532182674099,
              32.00532611430879
            ],
            [
              114.48626258025399,
              32.18190090420342
            ],
            [
              114.55672525216869,
              32.1834244061115
            ],
            [
              114.73521825102148,
              32.17324069100516
            ],
            [
              114.93879793817439,
              32.15410113845684
            ],
            [
              115.05678420712547,
              32.13146366111914
            ],
            [
              115.26502625585704,
              32.07774840536467
            ],
            [
              115.38150747339125,
              31.980161529431086
            ],
            [
              115.39131258380871,
              31.96722011071961
            ],
            [
              115.50914309018151,
              31.924961607192472
            ],
            [
              115.5798090862204,
              31.915346250129403
            ],
            [
              115.65580637936102,
              31.912017189241965
            ],
            [
              116.09856258849277,
              31.713786750558143
            ],
            [
              116.43251088087254,
              31.54436886623023
            ],
            [
              116.54516041632019,
              31.396866884599092
            ],
            [
              116.60121666221926,
              31.27826349546399
            ],
            [
              116.88795658163099,
              31.17129589199186
            ],
            [
              116.98803224049561,
              31.113113578628827
            ],
            [
              116.93340250282336,
              30.98250281295452
            ],
            [
              116.87748611948894,
              30.87956334127523
            ],
            [
              116.85731971563246,
              30.657484017773243
            ],
            [
              116.70745081010682,
              30.54644290721444
            ],
            [
              116.50407882317916,
              30.50213770319249
            ],
            [
              116.38329120022877,
              30.35391047768644
            ],
            [
              116.36556311024935,
              30.339420238453272
            ],
            [
              116.22030384354764,
              30.18930840715734
            ],
            [
              116.17450455354242,
              30.143379051801844
            ],
            [
              116.06049330961855,
              30.126498547669883
            ],
            [
              115.90401771094866,
              30.184949639614217
            ],
            [
              115.78891536725041,
              30.57865690079541
            ],
            [
              115.73160302655845,
              30.662742432017694
            ],
            [
              115.58895251504657,
              30.71426800406516
            ],
            [
              115.52904031705702,
              30.813316118244302
            ],
            [
              115.43018136807575,
              30.849118727847042
            ],
            [
              115.10532719649302,
              30.963121920140566
            ],
            [
              114.98815398032195,
              30.936949307664463
            ],
            [
              114.86220932460071,
              30.985269105984514
            ],
            [
              114.70401028764468,
              31.124307189225476
            ],
            [
              114.59720109885166,
              31.148733912739942
            ],
            [
              114.49495796503811,
              31.15386029661545
            ],
            [
              114.21258734153264,
              31.150741481034572
            ],
            [
              113.97584769361617,
              31.200790525462423
            ],
            [
              113.93688912733137,
              31.339566161349296
            ],
            [
              113.93505765978318,
              31.43764077829934
            ],
            [
              113.97402510237669,
              31.65912021982234
            ],
            [
              114.00001383586994,
              31.8295696184432
            ]
          ]
        ]
      }
    }
  ]
}